Scheme Name,Short Title,Slug,Level,State/UT,Categories,Tags,Nodal Ministry,Scheme For,URL,Brief Description,Details,Benefits,Eligibility,Exclusions,Application Process,Documents Required,Frequently Asked Questions,Sources And References,Images,Other Info
Distribution of Certified Seeds-Oil Seeds,DOCSOS,docsos,State,Tamil Nadu,"Agriculture,Rural & Environment","Agriculture, Farmer, Seed Distribution, Oil Seeds, Subsidy",,Individual,https://www.myscheme.gov.in/schemes/docsos,"The ""Distribution of Certified Seeds-Oil Seeds"" scheme offers subsidies to farmers for purchasing certified oil seeds, helping them improve their crop yield and quality.

","The &amp;quot;Distribution of Certified Seeds-Oil Seeds&amp;quot; scheme by the Agriculture-Farmers Welfare Department, Tamil Nadu, provides financial assistance to farmers by subsidizing the cost of certified oil seeds. This scheme also encourages the farmers to use high-quality seeds and improve agricultural productivity.
&lt;br&gt;

&lt;br&gt;

","
  - **Financial Assistance:** Subsidy of 50% of the seed cost or ₹1,200/- per quintal, whichever is less.
<br>

","
  - The beneficiary should be a Farmer.
  - The beneficiary should be a resident of Tamil Nadu.
  - The beneficiary should produce and supply Foundation and Certified Class seeds to the Department.

&lt;br&gt;

","<br>

","Mode: Offline
Step 1:
 Collect the application form from the nearest Agricultural Office.
Step 2: 
Fill out the application form with the required details and attach mandatory documents (self-attested, if required). 
Step 3: 
Submit the form to the concerned office:
Village Level:
 Submit the application to the Assistant Agricultural Officer.
Block Level:
 Submit to the Agricultural Officer or Deputy Agricultural Officer.
District Level: 
Submit to the Joint Director of Agriculture.","- Proof of identity (e.g., Aadhaar card, Voter ID).
- Proof of land ownership or cultivation.
- Seed purchase receipt.
- Certificate of seed production and supply to the Department.
- Bank account details.
- Any other documents (if required).","Q: What is the ""Distribution of Certified Seeds-Oil Seeds"" scheme?
A: The ""Distribution of Certified Seeds-Oil Seeds"" scheme offers subsidies to farmers for purchasing certified oil seeds, helping them improve their crop yield and quality.

Q: Who is eligible for the ""Distribution of Certified Seeds - Oil Seeds"" scheme?
A: Farmers who produce and supply Foundation and Certified Class seeds to the Department are eligible for this scheme.

Q: What subsidy amount is provided under this scheme?
A: The scheme provides a subsidy covering 50% of the seed cost or ₹1,200/- per quintal, whichever is less.

Q: How can a farmer apply for this scheme?
A: A farmer can apply by submitting an application to the relevant agricultural officer at the village, block, or district level.

Q: What documents are required to apply for this scheme?
A: The required documents include proof of identity, proof of land ownership or a lease agreement, proof of seed supply to the Department, and a recent passport-sized photograph.

Q: Is there an income limit for eligibility under this scheme?
A: No, there is no income limit specified for eligibility.

Q: Are there any age restrictions for farmers applying to this scheme?
A: No, there are no age restrictions for eligibility under this scheme.

Q: Is proof of seed supply to the Department required to avail the subsidy?
A: Yes, farmers need to provide proof of seed supply to the Department to avail the subsidy.

Q: Where should the application for this scheme be submitted?
A: Applications should be submitted to the Assistant Agricultural Officer at the village level, the Agricultural Officer or Deputy Agricultural Officer at the block level, or the Joint Director of Agriculture at the district level.

Q: Which crops are covered under this scheme?
A: The scheme specifically covers oil seeds.

Q: How long will the subsidy be available under this scheme?
A: The subsidy is available as per the scheme's guidelines, with no specific end date mentioned.

Q: Can farmers from other states apply for this scheme?
A: No, only farmers residing in the state are eligible for this scheme.

Q: What is the primary objective of this scheme?
A: The primary objective of the scheme is to promote the use of certified seeds to improve crop yield and quality among farmers.

Q: What should a farmer do if their application is rejected?
A: Farmers can inquire about the reason for rejection at the respective agricultural office and reapply if necessary.",- [Guidelines](https://www.tn.gov.in/scheme/data_view/7613),,"{""dbtScheme"": false, ""implementingAgency"": null, ""schemeType"": null, ""closeDate"": null, ""priority"": 1}"
Animal Husbandry,AHTN,ahtn,State,Tamil Nadu,"Agriculture,Rural & Environment","Tribal Welfare, Animal Husbandry, Animals Health Cover, Artificial Insemination, Distribution Of Sheep Units",,Individual,https://www.myscheme.gov.in/schemes/ahtn,"This scheme provides subsidies on the distribution of sheep units, milch animals, and calves, as well as health coverage and artificial insemination for the animals. It is targeted at Tribal communities to improve their livelihood through animal husbandry.
","The “Animal Husbandry” scheme by the Adi Dravidar and Tribal Welfare Department, Tamil Nadu, offers Adi Dravidar and Tribal beneficiaries various forms of support, including a 50% to 75% subsidy on sheep units, milch animals, and calves. Additionally, the scheme ensures the animals receive proper health cover, artificial insemination services, and other veterinary care.
&lt;br&gt;

&lt;br&gt;

","
  - **Subsidy:** Subsidy of 50% to 75% on sheep units, milch animals, and calves.  - **Health Care Facility for Animals:** Provision of health care and veterinary services.  - **Others:** Artificial insemination for animals to improve breeding.
&lt;br&gt;

","
- The beneficiary should be a resident of Tamil Nadu.
- The beneficiary should be a Farmer.
- The beneficiary should belong to the Adi Dravidar/Tribal community.

",,"Mode: Offline
Step 1: 
The interested applicant should collect the application form from the office of the Director of Adi Dravidar and the Tribal Welfare Officer/ Director of the Animal Husbandry Department or the Veterinary Hospital.
Step 2:
 In the application form, fill in all the mandatory fields, paste the passport-sized photograph (signed across, if required), and attach copies of all the mandatory documents (self-attest, if required).
Step 3:
 Submit the duly filled and signed application form along with the documents to the concerned department.
Step 4: 
Request a receipt or acknowledgment from the concerned authority to whom the application has been submitted. Ensure that the receipt contains essential details such as the date and time of submission, a unique identification number (if applicable).","- Proof of identity (Aadhar card or any other document as directed by the authority).
- Community certificate.
- Any other documents (if required).","Q: What is the purpose of the scheme?
A: This scheme provides subsidies on the distribution of sheep units, milch animals, and calves, as well as health coverage and artificial insemination for the animals. It is targeted at Adi Dravidar/Tribal communities to improve their livelihood through animal husbandry.

Q: What benefits are provided under this scheme?
A: Beneficiaries receive subsidized livestock, including sheep units, milch animals, calves, as well as veterinary services and health cover for the animals.

Q: Who is eligible to apply?
A: The scheme is specifically for Adi Dravidar/Tribal community beneficiaries.

Q: What documents are required to apply?
A: Applicants must provide proof of identity, an income certificate, Aadhaar, address proof.

Q: Is there an age limit for eligibility?
A: There are no age restrictions for applying to this scheme.

Q: What is the subsidy percentage for the livestock provided?
A: The subsidy ranges from 50% to 75% depending on the type of livestock.

Q: Can women apply for this scheme?
A: Yes, both men and women from Adi Dravidar/Tribal communities are eligible to apply.

Q: How will the animals receive veterinary care?
A: Veterinary care is provided through the local Veterinary Hospital or designated health centers under the scheme.

Q: What happens if the animals fall sick?
A: Veterinary doctors and livestock inspectors provide necessary treatments and care through the scheme's support.

Q: How can one apply for the scheme?
A: Applicants can apply through the Director of Adi Dravidar and Tribal Welfare Officer/ Director of the Animal Husbandry Department or the Veterinary Hospital by submitting the required documents.",- [Guidelines](https://www.tn.gov.in/scheme/data_view/26799),,"{""dbtScheme"": false, ""implementingAgency"": null, ""schemeType"": null, ""closeDate"": null, ""priority"": 1}"
Distribution of Rhizobium,DOR,dor,State,Tamil Nadu,"Agriculture,Rural & Environment","Agriculture, Farmer, Rhizobium, Subsidy",,Individual,https://www.myscheme.gov.in/schemes/dor,"The “Distribution of Rhizobium” scheme offers a subsidy on the cost of Rhizobium, to farmers raising seed farms with Pulses crops in Tamil Nadu.

","The “Distribution of Rhizobium” scheme by the Agriculture-Farmers Welfare Department, Tamil Nadu, provides a subsidy to farmers for the purchase of Rhizobium, which is essential for improving soil fertility and crop yield in Pulses farming.
&lt;br&gt;

","
- **Quantum of Assistance:** 50% on the cost of Rhizobium or ₹100/- per ha. whichever is less.
<br>

","
- The beneficiary should be a Farmer.
- The beneficiary should be a resident of Tamil Nadu.
- The beneficiary should raise seed farms with Pulses crops.

",,"Mode: Offline
Step 1:
 Collect the application form from the nearest Agricultural Office.
Step 2: 
Fill out the application form with the required details and attach mandatory documents (self-attested, if required). 
Step 3: 
Submit the form to the concerned office:
Village Level:
 Submit the application to the Assistant Agricultural Officer.
Block Level:
 Submit to the Agricultural Officer or Deputy Agricultural Officer.
District Level: 
Submit to the Joint Director of Agriculture.","- Proof of Identity (Aadhar Card, Voter ID, etc.).
- Proof of Land Ownership.
- Proof of Pulses crop cultivation.
- Caste Certificate (for SC/ST applicants).
- Bank Account Details.
- Any other documents (if required).","Q: What is the “Distribution of Rhizobium” scheme?
A: The 'Distribution of Rhizobium' scheme is a state-sponsored subsidy initiative by the Tamil Nadu government aimed at supporting farmers who raise seed farms with Pulses crops.

Q: What subsidy is provided under this scheme?
A: Under this scheme, farmers receive a subsidy of 50% on the cost of Rhizobium or ₹100/- per hectare, whichever is less.

Q: Who is eligible to apply for the scheme?
A: All farmers who raise seed farms with Pulses crops are eligible. The scheme prioritizes SC/ST farmers and Farm Women.

Q: How can an applicant apply for the subsidy?
A: Applications must be submitted to the Assistant Agricultural Officer at the Village Level, Agricultural Officer/Deputy Agricultural Officer at the Block Level, or the Joint Director of Agriculture at the District Level.

Q: Is there any priority given to certain groups under this scheme?
A: Yes, 24% of the benefits are reserved for SC/ST farmers, and 20% are reserved for Farm Women.

Q: What documents are required for applying?
A: Applicants need to provide identity proof, proof of land ownership or lease, a caste certificate (for SC/ST farmers), proof of being a Farm Woman (if applicable), and the completed application form.

Q: How much subsidy is granted per hectare?
A: The subsidy granted is ₹100/- per hectare or 50% of the Rhizobium cost, whichever is less.

Q: Where should the application be submitted?
A: Applications should be submitted to the relevant agricultural officers at the village, block, or district level.

Q: Can a farmer apply if they are not an SC/ST farmer or Farm Woman?
A: Yes, all eligible farmers can apply, although priority is given to SC/ST farmers and Farm Women.

Q: What is Rhizobium, and why is it important?
A: Rhizobium is a soil bacterium that improves soil fertility and increases the yield of Pulses crops, making it essential for sustainable agriculture.

Q: Is there an age limit for applying to the scheme?
A: No, there is no age limit specified for eligibility under this scheme.

Q: Can an applicant reapply if their application is rejected?
A: Yes, applicants can reapply if their application is rejected, provided they address the reasons for the rejection.",- [Guidelines](https://www.tn.gov.in/scheme/data_view/7053),,"{""dbtScheme"": false, ""implementingAgency"": null, ""schemeType"": null, ""closeDate"": null, ""priority"": 1}"
Afforestation Schemes Providing Incentives And Employment To Tribals In Forest,ASPIE,aspie,State,Tamil Nadu,"Skills & Employment, Agriculture,Rural & Environment","Tribal Welfare, Afforestation, Incentives, Employment",,Individual,https://www.myscheme.gov.in/schemes/aspie,"This scheme offers grants to unemployed tribals for afforestation work, providing them with incentives and employment opportunities in forest operations.","The scheme “Afforestation Schemes Providing Incentives And Employment To Tribals In Forest” by the Adi Dravidar and Tribal Welfare Department, Tamil Nadu, aims to incentivize unemployed tribals by offering grants to participate in forest operations. The program not only focuses on forest conservation through afforestation but also provides a livelihood for tribal communities living in and around forest areas. The initiative promotes sustainable forest management while creating employment opportunities for these marginalized groups.
&lt;br&gt;

&lt;br&gt;

","
  - **Incentive:** Financial grants for afforestation activities.  - **Employment:** Employment opportunities in forest management.
&lt;br&gt;

","
- The beneficiary should be a resident of Tamil Nadu.
- The beneficiary should belong to the Tribal community.
- The beneficiary should be Unemployed.

","<br>

","Mode: Offline
Step 1: 
The interested applicant should collect the application form from the office of the District Forest Officer (DFO).
Step 2: 
In the application form, fill in all the mandatory fields, paste the passport-sized photograph (signed across, if required), and attach copies of all the mandatory documents (self-attest, if required).
Step 3: 
Submit the duly filled and signed application form along with the documents to the office of the District Forest Officer (DFO).
Step 4: 
Request a receipt or acknowledgment from the concerned authority to whom the application has been submitted. Ensure that the receipt contains essential details such as the date and time of submission, a unique identification number (if applicable).","- Proof of identity (Aadhar card or any other document as directed by the authority).
- Identity proof (Aadhar, Voter ID).
- Proof of residence in the tribal/forest area.
- Unemployment certificate (if applicable).
- Community certificate (if applicable).
- Any other documents (if required).","Q: What is the purpose of the scheme?
A: This scheme offers grants to unemployed tribals for afforestation work, providing them with incentives and employment opportunities in forest operations.

Q: Who is eligible for this scheme?
A: Tribals living in forest areas who are currently unemployed are eligible.

Q: How can one apply for this scheme?
A: Applicants can apply through the District Forest Officer (DFO) by submitting the required documents.

Q: What benefits are provided under this scheme?
A: The scheme provides financial grants and employment opportunities in afforestation activities.

Q: Is there an income limit for eligibility?
A: No, there is no income limit for eligibility under this scheme.

Q: What documents are required to apply?
A: Identity proof, proof of residence in a tribal/forest area, and an unemployment certificate (if applicable) are required.

Q: Can non-tribal individuals apply for this scheme?
A: No, only tribals residing in forest areas are eligible for the scheme.

Q: Is there any age restriction for participation?
A: There is no specific age restriction mentioned for participation in the scheme.

Q: Are special skills required to participate?
A: No special skills are required, but applicants must be willing to work in forest operations.

Q: Will training be provided for forest operations?
A: Basic training may be provided depending on the nature of the work involved.",- [Guidelines](https://www.tn.gov.in/scheme/data_view/83087),,"{""dbtScheme"": false, ""implementingAgency"": null, ""schemeType"": null, ""closeDate"": null, ""priority"": 1}"
Production of Foundation and Certified Seeds,POFACS,pofacs,State,Tamil Nadu,"Agriculture,Rural & Environment","Agriculture, Farmer, Certified Seeds, Seed Production, Foundation Seeds",,Individual,https://www.myscheme.gov.in/schemes/pofacs,"The ""Production of Foundation and Certified Seeds"" scheme, provides subsidy to farmers who produce and supply Foundation and Certified seeds to the Department of Agriculture.
","The scheme “Production of Foundation and Certified Seeds” by the Agriculture-Farmers Welfare Department, Tamil Nadu, is aimed at encouraging farmers to produce high-quality seeds. Under this initiative, farmers who produce and supply Foundation and Certified Class seeds to the Department of Agriculture are eligible to receive a subsidy.
","
  - **Financial Assistance:** ₹1,000/- per quintal.
","
  - The beneficiary should be a Farmer.
  - The beneficiary should be a resident of Tamil Nadu.
  - The beneficiary should produce and supply Foundation or Certified seeds to the Department.

","<br>

","Mode: Offline
Step 1:
 Collect the application form from the nearest Agricultural Office.
Step 2: 
Fill out the application form with the required details and attach mandatory documents (self-attested, if required). 
Step 3: 
Submit the form to the concerned office:
Village Level:
 Submit the application to the Assistant Agricultural Officer.
Block Level:
 Submit to the Agricultural Officer or Deputy Agricultural Officer.
District Level: 
Submit to the Joint Director of Agriculture.","- Proof of identity (Aadhar card, Voter ID)
- Land ownership documents or lease agreement.
- Certification of seed production and supply.
- Bank account details.
- Any other documents (if required).","Q: What is the “Production of Foundation and Certified Seeds” scheme?
A: It is a state-sponsored scheme that offers a subsidy to farmers for producing and supplying Foundation and Certified seeds.

Q: Who is eligible to apply for the scheme?
A: Any farmer who produces Foundation or Certified seeds and supplies them to the Department.

Q: What is the subsidy provided under this scheme?
A: Farmers receive ₹1,000/- per quintal as a subsidy for the seeds they produce and supply.

Q: How to apply for the scheme?
A: Applications can be submitted to the Agricultural Officer at the village, block, or district level.

Q: What documents are required to apply?
A: You need proof of land ownership, identity proof, certification of seed production, and bank account details.

Q: Is there any income restriction to apply for the scheme?
A: No, there are no income criteria for this scheme.

Q: Is the scheme available to all communities?
A: Yes, the scheme is open to all farmers, irrespective of community.

Q: Is there an age limit to apply for the scheme?
A: No, there is no age restriction for applicants.

Q: What kind of seeds are eligible under the scheme?
A: Only Foundation and Certified seeds are eligible for the subsidy.

Q: Whom to contact for more information?
A: You can contact the Agricultural Officer at the village, block, or district level.",- [Guidelines](https://www.tn.gov.in/scheme/data_view/7612),,"{""dbtScheme"": false, ""implementingAgency"": null, ""schemeType"": null, ""closeDate"": null, ""priority"": 1}"
Old Age Pension Scheme under Chief  Minister’s Uzhavar Padhukappu Thittam,OAPSUCMUPT,oapsucmupt,State,Tamil Nadu,"Agriculture,Rural & Environment, Social welfare & Empowerment","Farmers, Pension, Financial Assistance, Senior Citizen, Labour",,Individual,https://www.myscheme.gov.in/schemes/oapsucmupt,"The 'Old Age Pension Scheme under Chief Minister’s Uzhavar Padhukappu Thittam' is a state scheme. The scheme aims to give a pension of ₹1,000/- to old-age farmers and destitute agricultural labourers who have membership card under CMPUT.
","The &#39;Old Age Pension Scheme under Chief Minister’s Uzhavar Padhukappu Thittam&#39; is a state scheme that was launched by the Social Welfare and Women Empowerment Department, Tamil Nadu. The scheme aims to give a pension of ₹1,000/- to old-age farmers and destitute agricultural labourers who have membership card under Chief Minister’s Uzhavar Padhukappu Thittam (CMPUT).
<br>

","**Pension:** 

- ₹1,000/- per month.

**Free Clothes during Pongal and Deepavali:**

- One free dhoti to a male pensioner.
- One free saree to a female pensioner.

**Free Rice in Anganwadi Centres:**

- 2kg/month to those who are taking nutritious meal.
- 4kg/month to those who are not taking nutritious meal.

","
1. The applicant should be destitute.
1. The applicant&#39;s age should be 60 years and above.
1. The applicant should be farmer or a landless agricultural labour.
1. The applicant&#39;s fixed assets should not exceed ₹1,00,000/-.

","<br>

","Mode: Online - via CSC
Step 1:
 The applicant should gather copies of the necessary documents needed to apply for the concerned scheme.
Step 2:
 The applicant should visit the nearest 
Common Service Center
 (CSC) and complete the Biometric Verification Process.
Step 3: 
In the application form, fill in all the mandatory fields and upload copies of all the mandatory documents.
Step 4: 
Request a receipt or acknowledgement from the concerned authority to whom the application has been submitted. Ensure that the receipt contains essential details such as the date and time of submission, and a unique identification number (if applicable).","- Applicant's Photo.
- Aadhaar Card.
- Proof of Age.
- Aadhaar Consent Form.
- Smart Ration Card or Any Address Proof.
- Membership Card under CMPUT.
- Self–declaration of Applicant.
- Any Identity Proof (Voter ID Card, Passport, PAN Card, Driving License).
- Bank Passbook.","Q: I am 58 years old and a registered farmer under CMPUT. Can I apply for the scheme now?
A: No, unfortunately, the minimum age requirement to apply for the scheme is 60 years old. You can apply once you reach that age.

Q: I am not completely destitute, but I have very low income from farming. Am I eligible for the scheme?
A: While the scheme prioritizes destitute individuals, having some income from farming wouldn't necessarily disqualify you. However, your income level and overall financial situation will be assessed during the application process to determine your eligibility.

Q: I used to be a farmer, but now I work as a security guard. Am I still eligible for the pension?
A: No, the scheme is specifically for farmers and landless agricultural laborers. If your primary source of income is no longer related to agriculture, you wouldn't be eligible.

Q: What happens to the free clothes (dhoti/saree) if I cannot attend the distribution event?
A: In most cases, the clothes can be collected later from designated distribution centers. However, it's best to check with the CSC or local authorities for specific details and collection timelines.

Q: I am a female farmer. Do I need to show my land ownership documents to apply?
A: No, the scheme doesn't differentiate between male and female farmers or require land ownership documents. As long as you have a valid CMPUT membership card and meet the eligibility criteria, you can apply.

Q: Do I need to renew my application every year to continue receiving the benefits?
A: No, once approved, you don't need to reapply every year. However, you might need to update your information periodically, as instructed by the authorities.

Q: I live in a remote area with limited access to CSCs. Are there any alternative ways to apply?
A: You can inquire with the Social Welfare Department about potential mobile camps or designated application centers closer to your location.

Q: Do I need help from a lawyer or any other professional to complete the application process?
A: No, the application process for the Old Age Pension Scheme is designed to be simple and self-explanatory. The CSC staff can also guide you through the process and answer any questions you might have.

Q: Is there a fee associated with applying for the scheme?
A: No, applying for the Old Age Pension Scheme is completely free. You shouldn't pay any fees at the CSC or to any individual for processing your application.

Q: How long does it take to process the application and receive the benefits?
A: Processing times can vary, but it typically takes around 4-6 weeks for verification and approval. Once approved, you should receive the pension within a month.

Q: Is there a specific time frame during which I can apply for the scheme?
A: No, the Old Age Pension Scheme is an ongoing initiative, and you can apply at any time.","- [Citizen's Charter](https://cms.tn.gov.in/sites/default/files/documents/swwe_e_cc_2022_23.pdf)
- [Documents Required](https://tnlegalservices.tn.gov.in/swwe/Annexure_English.pdf)",,"{""dbtScheme"": false, ""implementingAgency"": null, ""schemeType"": null, ""closeDate"": null, ""priority"": 1}"
Training of Farmers on Pulses Production Technologies,TFPPT,tfppt,State,Tamil Nadu,"Agriculture,Rural & Environment","Agriculture, Farmer, Pulses Production, Training",,Individual,https://www.myscheme.gov.in/schemes/tfppt,"The “Training of Farmers on Pulses Production Technologies” scheme aims to educate farmers on advanced pulses production technologies to enhance crop yield.
","The “Training of Farmers on Pulses Production Technologies” scheme by the Agriculture-Farmers Welfare Department, Tamil Nadu, offers financial assistance for training programs to educate farmers on advanced pulses production technologies. 
","
- **Financial Assistance:** ₹15,000/- per batch for 50 farmers.- **Training Program:** Training on advanced pulse production techniques.
","
  - The beneficiary should be a Farmer.
  - The beneficiary should be a resident of Tamil Nadu.
  - The beneficiary should raise seed farms with Pulses crop.

<br>

",,"Mode: Offline
Step 1:
 Collect the application form from the nearest Agricultural Office.
Step 2: 
Fill out the application form with the required details and attach mandatory documents (self-attested, if required). 
Step 3: 
Submit the form to the concerned office:
Village Level:
 Submit the application to the Assistant Agricultural Officer.
Block Level:
 Submit to the Agricultural Officer or Deputy Agricultural Officer.
District Level: 
Submit to the Joint Director of Agriculture.","- Proof of identity (Aadhar card, Voter ID).
- Land ownership documents or lease agreement.
- Proof of cultivation of pulses.
- Caste Certificate (for SC/ST applicants).
- Any other documents (if required).","Q: What is the purpose of the “Training of Farmers on Pulses Production Technologies” scheme?
A: This scheme provides training on modern techniques for pulses production, along with financial assistance to participating farmers.

Q: Who qualifies for this scheme?
A: Farmers who cultivate pulses are eligible, with special focus on SC/ST (24%) and women farmers (20%).

Q: Are there any age or income limitations?
A: No, there are no specific age or income requirements for this scheme.

Q: What financial support is provided under this scheme?
A: Each batch of 50 farmers receives ₹15,000/- in financial assistance for the training.

Q: How can farmers apply for this scheme?
A: Applications can be submitted to the Assistant Agricultural Officer at the village level, or to the relevant agricultural officials at the block and district levels.

Q: What documents are necessary for the application?
A: Applicants need to provide identity proof, land ownership documents, caste certificates (if applicable), and evidence of pulse cultivation.

Q: Is there a reservation for women farmers?
A: Yes, 20% of the beneficiaries under this scheme are reserved for women farmers.

Q: Is the scheme available for farmers cultivating other crops?
A: No, it is specifically designed for farmers growing pulses.

Q: What are the advantages of participating in the training program?
A: Farmers will gain knowledge on advanced techniques that can help improve the yield and profitability of pulse crops.",- [Guidelines](https://www.tn.gov.in/scheme/data_view/7068),,"{""dbtScheme"": false, ""implementingAgency"": null, ""schemeType"": null, ""closeDate"": null, ""priority"": 1}"
Farmers Training,FT,ft,State,Tamil Nadu,"Agriculture,Rural & Environment","Agriculture, Farmer, Training",,Individual,https://www.myscheme.gov.in/schemes/ft,"The “Farmers Training” scheme provides financial assistance for training sessions involving up to 50 farmers or agricultural laborers per cluster.
","The “Farmers Training” scheme, by the Agriculture-Farmers Welfare Department, Tamil Nadu, offers training to farmers and agricultural laborers to enhance their skills and knowledge. Each training session supports up to 50 participants, with a grant of ₹5,000/- provided per session to cover the costs.
&lt;br&gt;

","
- **Financial assistance:** ₹5,000/- per training session of 50 Farmers/Agricultural labourers.
","
  - The beneficiary should be a Farmer.
  - The beneficiary should be a resident of Tamil Nadu.
  - The beneficiary should have interest in joining the training to enhance agricultural skills.

","<br>

","Mode: Offline
Step 1:
 Collect the application form from the nearest Agricultural Office.
Step 2: 
Fill out the application form with the required details and attach mandatory documents (self-attested, if required). 
Step 3: 
Submit the form to the concerned office:
Village Level:
 Submit the application to the Assistant Agricultural Officer.
Block Level:
 Submit to the Agricultural Officer or Deputy Agricultural Officer.
District Level: 
Submit to the Joint Director of Agriculture.","- Proof of Identity (Aadhar Card, Voter ID, etc.).
- Proof of farming or agricultural labor status.
- Any other documents (if required).","Q: What is the ""Farmers Training” scheme?
A: The “Farmers Training” scheme provides financial assistance for training sessions involving up to 50 farmers or agricultural laborers per cluster.

Q: Who is eligible to apply for the Farmers Training scheme?
A: The scheme is open to farmers and agricultural laborers.

Q: What is the amount of financial assistance provided under the scheme?
A: The scheme provides ₹5,000/- per training session.

Q: How many participants can be trained in each session?
A: Each training session supports up to 50 participants.

Q: Where can applicants submit their applications?
A: Applications can be submitted to the Assistant Agricultural Officer at the Village Level, Deputy Agricultural Officer at the Block Level, Assistant Director of Agriculture at the Block Level, or the Joint Director of Agriculture at the District Level.

Q: Is there a specific age requirement for eligibility?
A: No specific age requirement is mentioned for eligibility.

Q: Are there any income criteria for applying to the scheme?
A: Income criteria are not specified for this scheme.

Q: What documents are required to apply for the scheme?
A: Applicants need to provide an application form, proof of farming or agricultural labor status, identity proof, and address proof.

Q: Is the training provided in a specific location or region?
A: The training is organized in clusters, and locations may vary depending on the area and availability of resources.

Q: How does the financial assistance support the training sessions?
A: The ₹5,000/- grant is intended to cover the costs associated with organizing and conducting the training sessions.",- [Guidelines](https://www.tn.gov.in/scheme/data_view/6847),,"{""dbtScheme"": false, ""implementingAgency"": null, ""schemeType"": null, ""closeDate"": null, ""priority"": 1}"
Pipes Carrying Water From Source To Field,PCWFSF,pcwfsf,State,Tamil Nadu,"Agriculture,Rural & Environment","Agriculture, Farmer, Irrigation, Pipes",,Individual,https://www.myscheme.gov.in/schemes/pcwfsf,"The scheme provides subsidies to farmers for installing pipes to carry water from the source to their fields, offering a 50% subsidy or up to ₹15,000/- for pipes (up to 800m), including PVC, HDPE, and others.
","The scheme “Pipes Carrying Water From Source To Field” by the Agriculture-Farmers Welfare Department, Tamil Nadu aims to support farmers by subsidizing the cost of water-carrying pipes up to 800m. The subsidy is either 50% of the total cost or ₹15,000/- whichever is lower. The pipes can be of any material or size as required by the farmer, including PVC and HDPE. The initiative targets ensuring water access to farms.
","**Financial Assistance:** Subsidy on 50% cost or ₹15,000/- for water carrying pipes upto 800m and all types of pipes(PVC HDPE etc.,) and all sizes as per the requirement of the farmer.
","
- The beneficiary should be a Farmer.
- The beneficiary should be a resident of Tamil Nadu.

","<br>

","Mode: Offline
Step 1:
 Collect the application form from the nearest Agricultural Office.
Step 2: 
Fill out the application form with the required details and attach mandatory documents (self-attested, if required). 
Step 3: 
Submit the form to the concerned office:
Village Level:
 Submit the application to the Assistant Agricultural Officer.
Block Level:
 Submit to the Agricultural Officer or Deputy Agricultural Officer.
District Level: 
Submit to the Joint Director of Agriculture.","- Proof of identity (Aadhar card, Voter ID)
- Land ownership documents or lease agreement.
- Bank account details.
- Caste certificate (if applicable).
- Women farmer group registration documents (if applicable).
- Any other documents (if required).","Q: What is the ""Pipes Carrying Water From Source To Field” scheme?
A: The scheme provides subsidies to farmers for installing pipes to carry water from the source to their fields, offering a 50% subsidy or up to ₹15,000/- for pipes (up to 800m), including PVC, HDPE, and others.

Q: Who is eligible for the scheme?
A: All farmers are eligible, with specific quotas reserved for SC/ST farmers and women farmers.

Q: What is the maximum subsidy provided under the scheme?
A: The scheme provides a 50% subsidy or up to ₹15,000/- for water-carrying pipes, up to 800 meters.

Q: What types of pipes are covered under the scheme?
A: The scheme covers all types of pipes, including PVC, HDPE, and other materials, based on the farmer’s requirements.

Q: Is there any size restriction on the pipes?
A: No, there is no restriction on the size of the pipes. Farmers can choose any size as per their needs.

Q: How can a farmer apply for the scheme?
A: Farmers can apply by submitting their application to the Assistant Agricultural Officer at the village level, or to the Deputy/Assistant Director of Agriculture at the block level.

Q: What documents are required to apply for the scheme?
A: Farmers need to submit proof of identity, land ownership documents, proof of farmer status, and a community certificate if applicable.

Q: Are there special benefits for SC/ST farmers?
A: Yes, 24% of the scheme’s benefits are reserved for SC/ST farmers.

Q: Are women farmers eligible for special benefits?
A: Yes, 20% of the scheme’s benefits are reserved for women farmers and women’s farming groups.

Q: Is there any income or age limit for eligibility?
A: No, the scheme does not specify any income or age limits for eligibility.

Q: Who can be contacted for more information about the scheme?
A: Farmers can contact the Assistant Agricultural Officer at the village level or the Joint Director of Agriculture at the district level for further details.",- [Guidelines](https://www.tn.gov.in/scheme/data_view/6859),,"{""dbtScheme"": false, ""implementingAgency"": null, ""schemeType"": null, ""closeDate"": null, ""priority"": 1}"
Production Of Certified Seeds,POCS,pocs,State,Tamil Nadu,"Agriculture,Rural & Environment","Agriculture, Farmer, Certified Seeds, Production Of Seeds",,Individual,https://www.myscheme.gov.in/schemes/pocs,"The ""Production of Certified Seeds"" scheme, offers a subsidy to farmers for producing certified seeds of Pulses.
","The scheme “Production Of Certified Seeds” by the Agriculture-Farmers Welfare Department, Tamil Nadu, aims to support farmers through offering subsidies to farmers for producing certified seeds of Pulses. It provides financial assistance to eligible farmers to enhance seed quality and increase production.
","
  - **Financial Assistance:** A subsidy of ₹,1000/- per quintal.
<br>

","
  - The beneficiary should be a Farmer.
  - The beneficiary should be a resident of Tamil Nadu.
  - The beneficiary should raise seed farms with Pulses crops.

","<br>

","Mode: Offline
Step 1:
 Collect the application form from the nearest Agricultural Office.
Step 2: 
Fill out the application form with the required details and attach mandatory documents (self-attested, if required). 
Step 3: 
Submit the form to the concerned office:
Village Level:
 Submit the application to the Assistant Agricultural Officer.
Block Level:
 Submit to the Agricultural Officer or Deputy Agricultural Officer.
District Level: 
Submit to the Joint Director of Agriculture.","- Proof of identity (Aadhar card, Voter ID)
- Land ownership documents or lease agreement.
- Certification of seed production.
- Bank account details.
- Caste certificate (if applicable).
- Women farmer group registration documents (if applicable).
- Any other documents (if required).","Q: What is the ""Production Of Certified Seeds” scheme?
A: The ""Production of Certified Seeds"" scheme, offers a subsidy to farmers for producing certified seeds of Pulses.

Q: What is the subsidy amount offered under this scheme?
A: Farmers receive a subsidy of ₹1,000/- per quintal of certified seeds produced.

Q: Who is eligible to apply for the scheme?
A: All farmers growing Pulses for seed production are eligible to apply.

Q: Are there any special provisions for SC/ST farmers or women?
A: Yes, 24% of the benefits are reserved for SC/ST farmers and 20% for farm women.

Q: How does a farmer apply for the scheme?
A: Farmers must submit their application to the relevant Agricultural Officer at the Village, Block, or District level.

Q: What documents are required to apply for the scheme?
A: Farmers must provide proof of identity, land ownership or lease documents, and certification of seed production.

Q: Is there an age limit to apply for this scheme?
A: No, there is no age restriction for this scheme.

Q: Which crops are eligible under this scheme?
A: The scheme is focused on the production of Pulses seeds.

Q: Do farmers need to meet any income criteria to apply?
A: There are no specific income criteria to apply for the scheme.

Q: Can other crops besides Pulses be included in this scheme?
A: No, the scheme is exclusively for the production of certified Pulses seeds.

Q: How can a farmer check the status of their application?
A: Farmers can inquire about their application status by contacting the Agricultural Officer at the Village or Block level.",- [Guidelines](https://www.tn.gov.in/scheme/data_view/6895),,"{""dbtScheme"": false, ""implementingAgency"": null, ""schemeType"": null, ""closeDate"": null, ""priority"": 1}"
Organizing Block Demonstration on Polythene Mulch Technology in Groundnut,OBDOPMTIG,obdopmtig,State,Tamil Nadu,"Agriculture,Rural & Environment","Agriculture, Farmer, Block Demonstration, Polythene Mulch Technology, Groundnut",,Individual,https://www.myscheme.gov.in/schemes/obdopmtig,"The scheme provides financial assistance to farmers for adopting polythene mulch technology in groundnut cultivation to improve productivity.
","The scheme &amp;quot;Organizing Block Demonstration on Polythene Mulch Technology in Groundnut&amp;quot; by the Agriculture-Farmers Welfare Department, Tamil Nadu, is designed to support farmers by providing ₹4,000/- for input costs and an additional ₹4,000/- to cover land with polythene sheets per hectare. It aims to encourage the use of advanced agricultural technologies to enhance crop yields, specifically in groundnut farming.
&lt;br&gt;

&lt;br&gt;

","
  - **Financial Assistance:** An assistance of  ₹4,000/- towards the cost of inputs to organize the demonstration and  ₹4,000/- to cover the land with Polythene sheet per hectare will be provided.
","
  - The beneficiary should be a Farmer.
  - The beneficiary should be a resident of Tamil Nadu.
  - The beneficiary should produce and supply Foundation and Certified Class seeds to the Department.

","<br>

","Mode: Offline
Step 1:
 Collect the application form from the nearest Agricultural Office.
Step 2: 
Fill out the application form with the required details and attach mandatory documents (self-attested, if required). 
Step 3: 
Submit the form to the concerned office:
Village Level:
 Submit the application to the Assistant Agricultural Officer.
Block Level:
 Submit to the Agricultural Officer or Deputy Agricultural Officer.
District Level: 
Submit to the Joint Director of Agriculture.","- Proof of identity (Aadhar card, Voter ID)
- Land ownership documents or lease agreement.
- Proof of seed production and supply to the Department.
- Bank account details.
- Any other documents (if required).","Q: What is the ""Organizing Block Demonstration on Polythene Mulch Technology in Groundnut” scheme?
A: The ""Organizing Block Demonstration on Polythene Mulch Technology in Groundnut” scheme provides financial assistance to farmers for adopting polythene mulch technology in groundnut cultivation to improve productivity.

Q: What crop is targeted by the scheme?
A: The scheme specifically targets groundnut cultivation.

Q: Who is eligible for the scheme?
A: Farmers who produce and supply Foundation and Certified Class seeds to the Department are eligible for the scheme.

Q: What financial assistance is provided under this scheme?
A: Under the scheme, farmers receive ₹4,000/- for input costs and ₹4,000/- for polythene sheets.

Q: Is there any income or age limit for eligibility?
A: There are no specified income or age restrictions for this scheme.

Q: What documents are required for the application?
A: Required documents include proof of land ownership or a lease agreement, identity proof, bank account details, and proof of seed production for the Department.

Q: How can a farmer apply for the scheme?
A: Farmers must submit their applications to the Assistant Agricultural Officer at the village level, Agricultural Officer or Deputy Agricultural Officer at the block level, or the Joint Director of Agriculture at the district level.

Q: What are the benefits of using polythene mulch technology in farming?
A: Polythene mulch helps in retaining soil moisture, controlling weed growth, and increasing crop yields, leading to more efficient and sustainable farming.",- [Guidelines](https://www.tn.gov.in/scheme/data_view/7614),,"{""dbtScheme"": false, ""implementingAgency"": null, ""schemeType"": null, ""closeDate"": null, ""priority"": 1}"
"Seed Multiplication Scheme of Paddy, Millets, Pulses, Oilseeds and Cotton",SMSOPM,smsopm,State,Tamil Nadu,"Agriculture,Rural & Environment","Agriculture, Farmer, Seed Multiplication, Paddy, Crops",,Individual,https://www.myscheme.gov.in/schemes/smsopm,"The “Seed Multiplication Scheme of Paddy, Millets, Pulses, Oilseeds, and Cotton” offers subsidies to farmers to produce seeds under contract with the Department of Agriculture.
","The “Seed Multiplication Scheme of Paddy, Millets, Pulses, Oilseeds, and Cotton” by the Agriculture-Farmers Welfare Department, Tamil Nadu, offers subsidies to farmers to produce seeds under contract with the Department of Agriculture. Farmers receive training, source seeds, and guidelines for maintaining seed quality. After quality checks and processing, farmers are paid based on the quality of seeds produced. A 90% Minimum Support Price payment is made during processing, with the remainder settled after quality certification.
","
  - **Premium:** On seeds ranges from ₹1/- to ₹3/- per kg.  - **Foundation Class Seeds:** The premium is between 7.5% to 30% over the Local Market Rate per kg, depending on the type of oil seed.  - **For Certified Class Seeds:** The premium is between 5% to 20% over the Local Market Rate per kg, based on the specific oil seed.  - **Training:** The farmer so desirous of enrolling himself/herself will be given a training by the authorities concerned at the beginning of each year
","
- The beneficiary should be a Farmer.
- The beneficiary should be a resident of Tamil Nadu.
- The beneficiary should produce and supply seeds for the Department of Agriculture on a contract basis.
- The seed Farms should be registered by the Seed Producer viz., the Assistant Director of Agriculture of the respective Blocks.
- Field Run Produce has to satisfy the standards of physical/genetic purity, moisture levels and germination percentage as prescribed in the Certification standards.

","<br>

","Mode: Offline
Step 1:
 Collect the application form from the nearest Agricultural Office.
Step 2: 
Fill out the application form with the required details and attach mandatory documents (self-attested, if required). 
Step 3: 
Submit the form to the concerned office:
Village Level:
 Submit the application to the Assistant Agricultural Officer.
Block Level:
 Submit to the Agricultural Officer or Deputy Agricultural Officer.
District Level: 
Submit to the Joint Director of Agriculture.","- Proof of identity (Aadhar card, Voter ID).
- Land ownership documents or lease agreement.
- Proof of Seed production and supply to the Department of Agriculture on Contract basis.
- Seed Farm Registration Details.
- Certification Tag issued by the Department of Seed Certification.
- Caste Certificate (for SC/ST applicants).
- Any other documents (if required).","Q: What is the “Seed Multiplication Scheme of Paddy, Millets, Pulses, Oilseeds and Cotton” Scheme?
A: The “Seed Multiplication Scheme of Paddy, Millets, Pulses, Oilseeds, and Cotton” offers subsidies to farmers to produce seeds under contract with the Department of Agriculture.

Q: Who is eligible to enroll and register their seed farms under this program?
A: All farmers who produce and supply seeds to the Department of Agriculture on a contract basis are eligible. Preference is given to farm women groups, farmers Interest Groups, and separate allocation is provided to SC/ST seed growers.

Q: What is the process for enrolling in this seed farm program?
A: Interested farmers must enroll themselves at the beginning of each year. They will receive training from the authorities concerned.

Q: How can farmers obtain the source seed required for their farms?
A: The Department of Agriculture will supply the source seed through Agricultural Extension Centres upon payment of the seed cost as per the fixed sale price.

Q: What should farmers do to ensure the quality of their seeds?
A: Farmers must follow the guidelines provided by field-level functionaries or Seed Certification officers to maintain quality.

Q: How are seed farms registered?
A: Seed farms should be registered by the Assistant Director of Agriculture of the respective blocks upon payment of the requisite fees.

Q: What is the “Field Run Produce” and how is it assessed?
A: “Field Run Produce” is the seed produce that meets the field standards during the crop period. It must satisfy standards of physical/genetic purity, moisture levels, and germination percentage as prescribed in the certification standards.

Q: What happens after the seed is moved to the Seed Processing Unit?
A: The seed is processed in the presence of the Seed Certification Officer. Samples are drawn and sent to a Seed Testing Lab for quality testing.

Q: What if the seed lot fails to meet the certification standards?
A: If the seed lot fails, the farmer must repay the entire advance paid to them before getting back their stock.

Q: Who bears the transport cost for moving the seed to the Seed Processing Unit?
A: The farmer is responsible for the transport cost to the Seed Processing Unit.",- [Guidelines](https://www.tn.gov.in/scheme/data_view/6843),,"{""dbtScheme"": false, ""implementingAgency"": null, ""schemeType"": null, ""closeDate"": null, ""priority"": 1}"
Visit of Contract Farming Farmers to the Research Stations in Karnataka,VCFRSK,vcfrsk,State,Tamil Nadu,"Agriculture,Rural & Environment","Agriculture, Farmer, Contract Farming, Research Stations Visit",,Individual,https://www.myscheme.gov.in/schemes/vcfrsk,"The scheme “Visit of Contract Farming Farmers to the Research Stations in Karnataka” facilitates visits for contract farming farmers to research stations across Karnataka to gain agricultural knowledge. Financial support is provided for a 3-day visit.
","The scheme “Visit of Contract Farming Farmers to the Research Stations in Karnataka” by the Agriculture-Farmers Welfare Department, Tamil Nadu, aims to enhance the agricultural practices of contract farming farmers by enabling visits to research stations in Karnataka. A batch of 50 farmers will be sponsored for a 3-day visit. The scheme focuses on increasing exposure to advanced techniques and research findings to improve farming outcomes.
","
- **Financial Assistance:** ₹1,12,500/- per batch of 50 farmers for 3 days.- **Learning Program:** Exposure to the latest agricultural research and innovations.
","
  - The beneficiary should be a Farmer.
  - The beneficiary should be a resident of Tamil Nadu.

","<br>

","Mode: Offline
Step 1:
 Collect the application form from the nearest Agricultural Office.
Step 2: 
Fill out the application form with the required details and attach mandatory documents (self-attested, if required). 
Step 3: 
Submit the form to the concerned office:
Village Level:
 Submit the application to the Assistant Agricultural Officer.
Block Level:
 Submit to the Agricultural Officer or Deputy Agricultural Officer.
District Level: 
Submit to the Joint Director of Agriculture.","- Proof of identity (Aadhar card, Voter ID).
- Land ownership documents or lease agreement.
- Caste Certificate (for SC/ST applicants).
- Any other documents (if required).","Q: What is the purpose of the scheme?
A: The scheme aims to help farmers to learn about new agricultural techniques through research station visits.

Q: Who is eligible for the scheme?
A: All farmers of the Tamil Nadu State, with special provisions for SC/ST and women farmers eligible for the scheme.

Q: How long is the research station visit?
A: The visit lasts for 3 days.

Q: Is there any financial support provided under this scheme?
A: Yes, ₹1,12,500/- per batch of 50 farmers shall be provided as financial support.

Q: Are SC/ST farmers given priority?
A: Yes, 24% of the farmers selected will be from SC/ST communities.

Q: Is the scheme available for women farmers?
A: Yes, 20% of the beneficiaries will be women farmers or women groups.

Q: How is the funding utilized?
A: Funding is used to cover travel, lodging, and other expenses during the visit.

Q: What documents are required to apply?
A: Farmer ID, proof of identity, land ownership or contract farming proof, caste certificate (for SC/ST farmers), and documents for women groups.

Q: Is there any age limit for the scheme?
A: No, there is no specific age limit mentioned.

Q: How many farmers can participate in one batch?
A: A batch consisting of 50 farmers can participate.",- [Guidelines](https://www.tn.gov.in/scheme/data_view/6858),,"{""dbtScheme"": false, ""implementingAgency"": null, ""schemeType"": null, ""closeDate"": null, ""priority"": 1}"
Distribution of Minikits At Free of Cost,DOMAFOC,domafoc,State,Tamil Nadu,"Agriculture,Rural & Environment","Agriculture, Farmer, Minikits, Subsidy",,Individual,https://www.myscheme.gov.in/schemes/domafoc,"The ""Distribution of Minikits at Free of Cost"" scheme provides subsidies for minikits to maize-growing farmers in some of the selected districts of Tamil Nadu.

","The “Distribution of Minikits at Free of Cost” scheme by the Agriculture-Farmers Welfare Department, Tamil Nadu, provides subsidies for minikits to maize-growing farmers in specific districts including Coimbatore, Dindigul, Erode, Dharmapuri, Krishnagiri, Namakkal, Perambalur, Virudhunagar, Theni, Villupuram, Vellore, Salem, Pudukkottai, Madurai, Sivagangai, Trichy, Tirunelveli, and Thoothukudi.
","
- **Quantum of Assistance:** Subsidy for Minikits.
<br>

","
- The beneficiary should be a Farmer.
- The beneficiary should be a resident of any of the following districts of Tamil Nadu: Coimbatore, Dindigul, Erode, Dharmapuri, Krishnagiri, Namakkal, Perambalur, Virudhunagar, Theni, Villupuram, Vellore, Salem, Pudukkottai, Madurai, Sivagangai, Trichy, Tirunelveli and Thoothukudi.
- The beneficiary should be involved in maize cultivation.

","<br>

","Mode: Offline
Step 1:
 Collect the application form from the nearest Agricultural Office.
Step 2: 
Fill out the application form with the required details and attach mandatory documents (self-attested, if required). 
Step 3: 
Submit the form to the concerned office:
Village Level:
 Submit the application to the Assistant Agricultural Officer.
Block Level:
 Submit to the Agricultural Officer or Deputy Agricultural Officer.
District Level: 
Submit to the Joint Director of Agriculture.","- Proof of Identity (Aadhar Card, Voter ID, etc.).
- Proof of Land Ownership.
- Proof of maize cultivation.
- Caste Certificate (for SC/ST applicants).
- Proof of being a Farm Woman (if applicable).
- Bank Account Details.
- Any other documents (if required).","Q: What is the ""Distribution of Minikits at Free of Cost"" scheme?
A: The scheme provides subsidies for minikits to maize-growing farmers in selected districts to support agricultural productivity and enhance crop yields.

Q: Who is eligible to apply for the subsidy under this scheme?
A: Farmers who grow maize in the specified districts are eligible. Preference is given to small/marginal farmers, SC/ST farmers, and women farmers or women groups.

Q: Which districts are covered under this scheme?
A: The scheme covers the districts of Coimbatore, Dindigul, Erode, Dharmapuri, Krishnagiri, Namakkal, Perambalur, Virudhunagar, Theni, Villupuram, Vellore, Salem, Pudukkottai, Madurai, Sivagangai, Trichy, Tirunelveli, and Thoothukudi.

Q: How to apply for the subsidy?
A: Applications should be submitted to the Assistant Agricultural Officer at the village level, the Deputy Agricultural Officer at the block level, the Assistant Director of Agriculture at the block level, or the Joint Director of Agriculture at the district level.

Q: What documents are required to apply for the scheme?
A: Applicants need to provide proof of maize cultivation (such as land records or previous harvest records), identification documents (like Aadhaar card or voter ID), and proof of residence (such as a utility bill).

Q: Are there any specific eligibility criteria related to community or income?
A: While there are no specific income criteria, there is a preference for SC/ST farmers and women farmers/groups.

Q: What if a farmer is not a small/marginal farmer or part of the SC/ST community?
A: Farmers can still apply if they are maize growers in the specified districts, but priority will be given to small/marginal farmers and those from SC/ST communities.

Q: Is there any preference for women farmers/women groups?
A: Yes, there will be 20% flow to women farmers/women groups under this scheme.

Q: Can an applicant appeal if their application is rejected?
A: Yes, applicants can inquire about the reasons for rejection and may be able to appeal or reapply if additional information or documentation is needed.",- [Guidelines](https://www.tn.gov.in/scheme/data_view/6855),,"{""dbtScheme"": false, ""implementingAgency"": null, ""schemeType"": null, ""closeDate"": null, ""priority"": 1}"
Distribution of Rhizobium Packets-Oilseeds,DORPO,dorpo,State,Tamil Nadu,"Agriculture,Rural & Environment","Agriculture, Farmer, Rhizobium, Oilseeds, Subsidy",,Individual,https://www.myscheme.gov.in/schemes/dorpo,"The “Distribution of Rhizobium Packets-Oilseeds” scheme provides a subsidy on the cost of Rhizobium, to eligible farmers who produce and supply Foundation and Certified Class seeds.
","The “Distribution of Rhizobium Packets-Oilseeds” scheme by the Agriculture-Farmers Welfare Department, Tamil Nadu, provides a subsidy to farmers on the cost of Rhizobium. It targets farmers who produce and supply Foundation and Certified Class seeds to the Department of Agriculture.
","
  - **Quantum of Assistance:** 50% on the cost of Rhizobium or ₹100/- per ha. whichever is less.
<br>

","
  - The beneficiary should be a Farmer.
  - The beneficiary should be a resident of Tamil Nadu.
  - The beneficiary should produce and supply Foundation and Certified Class seeds to the Department.

&lt;br&gt;

",,"Mode: Offline
Step 1:
 Collect the application form from the nearest Agricultural Office.
Step 2: 
Fill out the application form with the required details and attach mandatory documents (self-attested, if required). 
Step 3: 
Submit the form to the concerned office:
Village Level:
 Submit the application to the Assistant Agricultural Officer.
Block Level:
 Submit to the Agricultural Officer or Deputy Agricultural Officer.
District Level: 
Submit to the Joint Director of Agriculture.","- Proof of Identity (Aadhar Card, Voter ID, etc.).
- Proof of Land Ownership.
- Certificate of seed production and supply to the Department.
- Bank Account Details.
- Any other documents (if required).","Q: What is the ""Distribution of Rhizobium Packets-Oilseeds” scheme?
A: The “Distribution of Rhizobium Packets-Oilseeds” scheme provides a subsidy on the cost of Rhizobium, to eligible farmers who produce and supply Foundation and Certified Class seeds.

Q: Who is eligible for this scheme?
A: Farmers who produce and supply Foundation and Certified Class seeds to the Department are eligible.

Q: What documents are required to apply for the scheme?
A: The applicant needs to provide proof of identity, land ownership, seed production and supply certificate, and bank details.

Q: Where should the application be submitted?
A: Applications should be submitted to the Assistant Agricultural Officer at the village level or the Agricultural Officer/Deputy Agricultural Officer at the block level.

Q: How much subsidy will be provided?
A: A 50% subsidy on the cost of Rhizobium or ₹100/- per hectare, whichever is less, will be provided.

Q: What is Rhizobium and how does it benefit crops?
A: Rhizobium is a soil bacterium that fixes nitrogen, improving soil fertility and crop yield.

Q: Is there an age limit for applying to the scheme?
A: There is no age limit specified for this scheme.

Q: Can applicants from any community apply?
A: Yes, the scheme is open to farmers of all communities.

Q: Is it necessary to produce a specific type of seed to be eligible?
A: Yes, the applicant must produce and supply Foundation and Certified Class seeds to the Department.

Q: What should be done if the application is rejected?
A: The applicant may contact the concerned agricultural officer for further assistance and clarification.",- [Guidelines](https://www.tn.gov.in/scheme/data_view/7616),,"{""dbtScheme"": false, ""implementingAgency"": null, ""schemeType"": null, ""closeDate"": null, ""priority"": 1}"
Pipes Carrying Water From Source To Field-Pulses ISPOM,PCWFSTFPI,pcwfstfpi,State,Tamil Nadu,"Agriculture,Rural & Environment","Agriculture, Farmer, Irrigation, Pipes, Pulses ISPOM",,Individual,https://www.myscheme.gov.in/schemes/pcwfstfpi,"The scheme provides subsidies to farmers for installing pipes to carry water from the source to their fields, offering a 50% subsidy or up to ₹15,000/- for pipes (up to 800m), including PVC, HDPE, and others.
","The scheme “Pipes Carrying Water From Source To Field-Pulses ISPOM” by the Agriculture-Farmers Welfare Department, Tamil Nadu, aims to support farmers by subsidizing the cost of water-carrying pipes up to 800m. The subsidy is either 50% of the total cost or ₹15,000/- whichever is lower. The pipes can be of any material or size as required by the farmer, including PVC and HDPE. The initiative targets ensuring water access to farms.
","**Financial Assistance:** Subsidy on 50% cost or ₹15,000/- for water carrying pipes upto 800m; all types of pipes(PVC HDPE etc.,) and all size as per the requirement of the farmer.
&lt;br&gt;

","
  - The beneficiary should be a Farmer.
  - The beneficiary should be a resident of Tamil Nadu.

","<br>

","Mode: Offline
Step 1:
 Collect the application form from the nearest Agricultural Office.
Step 2: 
Fill out the application form with the required details and attach mandatory documents (self-attested, if required). 
Step 3: 
Submit the form to the concerned office:
Village Level:
 Submit the application to the Assistant Agricultural Officer.
Block Level:
 Submit to the Agricultural Officer or Deputy Agricultural Officer.
District Level: 
Submit to the Joint Director of Agriculture.","- Proof of identity (Aadhar card, Voter ID)
- Land ownership documents or lease agreement.
- Bank account details.
- Caste certificate (if applicable).
- Women farmer group registration documents (if applicable).
- Any other documents (if required).","Q: What is the ""Pipes Carrying Water From Source To Field-Pulses ISPOM” scheme?
A: The scheme provides subsidies to farmers for installing pipes to carry water from the source to their fields, offering a 50% subsidy or up to ₹15,000/- for pipes (up to 800m), including PVC, HDPE, and others.

Q: Who is eligible for the scheme?
A: All farmers are eligible, with specific quotas reserved for SC/ST farmers and women farmers.

Q: What is the maximum subsidy provided under the scheme?
A: The scheme provides a 50% subsidy or up to ₹15,000/- for water-carrying pipes, up to 800 meters.

Q: What types of pipes are covered under the scheme?
A: The scheme covers all types of pipes, including PVC, HDPE, and other materials, based on the farmer’s requirements.

Q: Is there any size restriction on the pipes?
A: No, there is no restriction on the size of the pipes. Farmers can choose any size as per their needs.

Q: How can a farmer apply for the scheme?
A: Farmers can apply by submitting their application to the Assistant Agricultural Officer at the village level, or to the Deputy/Assistant Director of Agriculture at the block level.

Q: What documents are required to apply for the scheme?
A: Farmers need to submit proof of identity, land ownership documents, proof of farmer status, and a community certificate if applicable.

Q: Are there special reservation for SC/ST farmers?
A: Yes, 24% of the scheme’s benefits are reserved for SC/ST farmers.

Q: Are women farmers eligible for special benefits?
A: Yes, 20% of the scheme’s benefits are reserved for women farmers and women’s farming groups.

Q: Is there any income or age limit for eligibility?
A: No, the scheme does not specify any income or age limits for eligibility.

Q: How is the subsidy amount paid to the farmer?
A: The subsidy is generally disbursed directly to the farmer’s bank account.

Q: Who can be contacted for more information about the scheme?
A: Farmers can contact the Assistant Agricultural Officer at the village level or the Joint Director of Agriculture at the district level for further details.",- [Guidelines](https://www.tn.gov.in/scheme/data_view/7082),,"{""dbtScheme"": false, ""implementingAgency"": null, ""schemeType"": null, ""closeDate"": null, ""priority"": 1}"
Production of Foundation Seeds,POFS,pofs,State,Tamil Nadu,"Agriculture,Rural & Environment","Agriculture, Farmer, Seed Production, Foundation Seeds",,Individual,https://www.myscheme.gov.in/schemes/pofs,"The ""Production of Foundation Seeds"" scheme, provides subsidies to farmers cultivating seed farms for pulses, offering specific benefits to SC/ST farmers and farm women.
","The scheme “Production of Foundation Seeds” by the Agriculture-Farmers Welfare Department, Tamil Nadu, is designed to support farmers in the production of foundation seeds, particularly for pulses. Eligible farmers receive a subsidy. Special benefits are provided for SC/ST farmers (24%) and farm women (20%).
<br>

<br>

","
  - **Financial Assistance:** ₹1,000/- per quintal.
","
- The beneficiary should be a Farmer.
- The beneficiary should be a resident of Tamil Nadu.
- The beneficiary should raise seed farms with Pulses crop.

","<br>

","Mode: Offline
Step 1:
 Collect the application form from the nearest Agricultural Office.
Step 2: 
Fill out the application form with the required details and attach mandatory documents (self-attested, if required). 
Step 3: 
Submit the form to the concerned office:
Village Level:
 Submit the application to the Assistant Agricultural Officer.
Block Level:
 Submit to the Agricultural Officer or Deputy Agricultural Officer.
District Level: 
Submit to the Joint Director of Agriculture.","- Proof of identity (Aadhar card, Voter ID)
- Land ownership documents or lease agreement.
- Certification of seed production.
- Bank account details.
- Caste certificate (if applicable).
- Women farmer group registration documents (if applicable).
- Any other documents (if required).","Q: What is the purpose of the ""Production of Foundation Seeds"" scheme?
A: The scheme offers subsidies to farmers producing foundation seeds, particularly for pulses.

Q: What is the amount of subsidy provided?
A: A subsidy of ₹1,000/- per quintal is provided.

Q: Who are the primary beneficiaries?
A: All farmers growing seed farms for pulses, with special benefits for SC/ST farmers and farm women.

Q: Is there a quota for women farmers?
A: Yes, 20% of the scheme benefits are reserved for women farmers and women’s groups.

Q: Is there any reservation for SC/ST farmers?
A: Yes, 24% of the scheme's benefits are reserved for SC/ST farmers.

Q: How can a farmer apply for the scheme?
A: Farmers can apply through their Village or Block level agricultural officers.

Q: What documents are required for the application?
A: Farmers must submit proof of identity, land ownership, community certificates, and farm records.

Q: Is the scheme limited to a particular crop?
A: Yes, the scheme primarily supports pulses seed production.

Q: Are there any income or age restrictions?
A: No income or age restrictions are mentioned for this scheme.

Q: Where to get more information about the scheme?
A: More information is available from the Village, Block, or District-level agricultural officers.

Q: Is the subsidy available nationwide?
A: No, it is sponsored by the state and is available to farmers within the state.",- [Guidelines](https://www.tn.gov.in/scheme/data_view/6891),,"{""dbtScheme"": false, ""implementingAgency"": null, ""schemeType"": null, ""closeDate"": null, ""priority"": 1}"
Primary Cooperative Agriculture and Rural Development Bank: For Tractor Purchase,PCARDFTC,pcardftc,State,Tamil Nadu,"Agriculture,Rural & Environment, Banking,Financial Services and Insurance","Agriculture, Loan, Farmer",,Individual,https://www.myscheme.gov.in/schemes/pcardftc,"The scheme offers a specialized loan for farmers to purchase tractors, covering up to 90% of the tractor's cost.","The &amp;quot;Primary Cooperative Agriculture and Rural Development Bank: For Tractor Purchase&amp;quot; scheme launched by the Co-operation, Food and Consumer Protection Department, Tamil Nadu, aims to provide financial assistance for acquiring tractors, covering up to 90% of the tractor&amp;#39;s cost. The interest rate ranges from 11% to 12.25%, subject to market conditions.
&lt;br&gt;

<br>

","
  - **Access to Loan:** Covers up to 90% of the tractor cost.  - **Interest Rate:** 11% to 12.25% (subject to change).
&lt;br&gt;

","
   1. The beneficiary should be a resident of Tamil Nadu.
   1. The beneficiary should be a farmer.
   1. The beneficiary should be engaged in agriculture activities.
   1. The beneficiary should have the intention to use the loan specifically for purchasing Tractor.

","<br>

","Mode: Offline
Step-1: 
The interested applicant should collect the application form by contacting the Secretary/ Special Officer of the Primary Cooperative Agriculture and Rural Development Bank.
Step-2: 
In the application form, fill in all the mandatory fields, paste the passport-sized photograph (signed across, if required), and attach copies of all the mandatory documents (self-attest, if required).
Step-3:
 Submit the duly filled and signed application form along with the documents to the concerned authority.
Step-4: 
Request a receipt or acknowledgment from the concerned authority to whom the application has been submitted. Ensure that the receipt contains essential details such as the date and time of submission, a unique identification number (if applicable).","- Identity proof (Aadhaar, PAN card, etc.).
- Address proof.
- Proof of Land Ownership or Lease.
- Tractor Purchase Invoice/Quotation
- Any other documents (if required).","Q: What is the objective of this scheme?
A: The scheme offers a specialized loan for farmers to purchase tractors, covering up to 90% of the tractor's cost.

Q: Who is eligible to apply for this loan?
A: Farmers actively engaged in agricultural activities are eligible to apply.

Q: What is the maximum loan amount offered?
A: The scheme provides a loan covering up to 90% of the tractor's cost.

Q: What interest rate applies to this loan?
A: The interest rate ranges from 11% to 12.25%, subject to periodic adjustments.

Q: Is there an age limit for applicants?
A: No specific age limit is mentioned for applicants under this scheme.

Q: What documents are needed for the application process?
A: Applicants must submit identity proof, address proof, land ownership documents etc.

Q: How can applicants apply for the loan?
A: Interested farmers can visit their nearest Primary Cooperative Agriculture and Rural Development Bank branch and speak to the Secretary or Special Officer.

Q: Is there an application fee involved?
A: Applicants should check with the bank, as any applicable fees may vary by location.

Q: Can this loan be used to purchase other farming equipment?
A: No, this loan is specifically intended for tractor purchases only.

Q: Does this scheme have a validity period?
A: Scheme validity may depend on state policy, so applicants are advised to confirm with the bank for current information.",- [Guidelines](https://www.tn.gov.in/scheme_details.php?id=ODQ4),,"{""dbtScheme"": false, ""implementingAgency"": null, ""schemeType"": null, ""closeDate"": null, ""priority"": 1}"
Integrated Scheme for Export Promotion & Quality Improvement in Spices and Research and Development of Cardamom: \Small Cardamom Replanting/New Planting: For Kerala & Tamilnadu,ISFEPQINSARADOCSRNPFKT,isfepqinsaradocsrnpfkt,Central,"Kerala, Tamil Nadu","Agriculture,Rural & Environment","Planting, Replanting, Kerala, Tamilnadu",Ministry Of Commerce And Industry,Individual,https://www.myscheme.gov.in/schemes/isfepqinsaradocsrnpfkt,"Under this scheme to motivate growers to improve production and productivity through systematic replanting of diseased, old, and senile plantations, and to undertake area expansion.","The scheme “Integrated Scheme for Export Promotion &amp; Quality Improvement in Spices and Research and Development of Cardamom – Small Cardamom Replanting/New Planting for Kerala &amp; Tamil Nadu” is implemented by the Spices Board under the Ministry of Commerce and Industry, Government of India. The scheme aims to motivate growers to improve production and productivity through the systematic replanting of diseased, old, and senile plantations, along with area expansion initiatives, as per the modalities and guidelines approved by the Competent Authority for the 15th Finance Commission period (2021–22 to 2025–26).
<br>

","
1. 33.33% of cost of cultivation of subject to a maximum of ₹1,00,000/- per Ha for General Category and 75% of cost of cultivation ₹2,10,000/- per Ha for SC/ST payable in two annual installments of ₹50,000/- and ₹1,05,000/- each year respectively.
1. Individual registered cardamom growers having a land holding size of 0.10 Ha to 8 Ha.
1. Minimum area to be replanted under the programme is 0.10 Ha in a continuous block and the maximum area is limited to 2 Ha per beneficiary per year and a maximum of 8 Ha. in block year of 5 years from 2021-2026.
1. The plant population is minimum 1100 Nos. per ha.
1. Replanting cycle is considered as 8 years and a second time benefit for the same area replanted by a beneficiary will be available only on completion of 8 years except on exclusive circumstances like natural calamities, devastating pest and disease attacks certified by a committee constituted by the Board.

<br>

","
1. The applicant should belong to Kerala or Tamil Nadu and undertake Small Cardamom replanting/new planting activities under the scheme.
1. The plantation/site will be subject to final inspection by the Designated Officials, and only eligible cases recommended by them will be considered for assistance.

<br>

","<br>

","Mode: Online
Registration
Step 1: The applicant should visit the 
ServicesPlus
 website.
Step 2: Click on the “
Register” 
option on the homepage.
Step 3: Fill out the registration form by entering Full Name, Email ID, Mobile Number, Password, selecting State, and Captcha.
Step 4: Review all details carefully and submit the registration form.
Step 5: An OTP will be sent to your registered mobile number or email; enter the OTP and click “Verify.”
Step 6: Registration will be completed successfully, and a confirmation message will be displayed or sent via email.
Login
Step 1: The applicant should visit the ServicesPlus website and click on 
“Login.”
Step 2: Enter your Email ID, Password, and Captcha.
Step 3: Select the relevant service/scheme name.
Step 4: Fill in the required details in the application form.
Step 5: Submit the application.","- Document of ownership or legal possession of land viz. patta
- Current year land tax receipt / chitta adangal/RTC
- CR/ACR/CRC endorsement
- Aadhar card
- Copy of Bank Pass book
- Survey plan issued by V.O./registered surveyor","Q: What is the objective of this scheme?
A: The scheme aims to improve the production and productivity of Small Cardamom through systematic replanting of diseased, old, and senile plantations and by promoting area expansion.

Q: Which states are covered under this scheme?
A: The scheme is applicable only in Kerala and Tamil Nadu.

Q: What is the minimum area required for replanting/new planting?
A: The minimum area required is 0.10 hectare in a continuous block.

Q: What is the maximum area eligible for assistance?
A: A maximum of 2 hectares per beneficiary per year is eligible, subject to an overall limit of 8 hectares during the scheme period from 2021–2026.

Q: What financial assistance is provided under the scheme?
A: General Category growers are eligible for 33.33% of the cost of cultivation, subject to a maximum of ₹1,00,000 per hectare.
SC/ST growers are eligible for 75% of the cost of cultivation, subject to a maximum of ₹2,10,000 per hectare.

Q: Is Aadhaar mandatory for availing benefits?
A: Yes, submission of Aadhaar Card is mandatory for processing the application.

Q: What is the minimum plant population required?
A: The plantation should maintain a minimum plant population of 1100 plants per hectare.

Q: Can a beneficiary avail the scheme benefit again for the same land?
A: Yes, but only after completion of the replanting cycle of 8 years.

Q: Are there any exceptions for reapplying before 8 years?
A: Yes. In exceptional cases such as natural calamities or severe pest and disease attacks, benefits may be considered earlier based on certification by the committee constituted by the Spices Board.

Q: Who will inspect the plantation?
A: Designated Officials of the Spices Board will conduct the final inspection and recommend eligible cases.

Q: Under which period is this scheme implemented?
A: The scheme is implemented during the 15th Finance Commission period from 2021–22 to 2025–26.","- [Guidelines](https://www.indianspices.com/export_oriented_prod.html)
- [Application Portal](https://serviceonline.gov.in/dbt/login.do)",,"{""dbtScheme"": false, ""implementingAgency"": null, ""schemeType"": {""value"": ""centrally-sponsored-scheme"", ""label"": ""Centrally Sponsored Scheme""}, ""closeDate"": null, ""priority"": 1}"
Primary Cooperative Agriculture and Rural Development Bank: For Animal Husbandry,PCARDAH,pcardah,State,Tamil Nadu,"Banking,Financial Services and Insurance, Agriculture,Rural & Environment","Animal Husbandry Loan, Agriculture, Farmer",,Individual,https://www.myscheme.gov.in/schemes/pcardah,"The scheme provides loans to farmers for the purpose of animal husbandry, allowing them to improve their income through livestock.
","The &amp;quot;Primary Cooperative Agriculture and Rural Development Bank: For Animal Husbandry&amp;quot; scheme launched by the Co-operation, Food and Consumer Protection Department, Tamil Nadu, aims to provide financial support to farmers specifically for animal husbandry activities. This initiative aims to empower farmers by boosting livestock development and enhancing agricultural productivity.
&lt;br&gt;

&lt;br&gt;

","
  - **Access to Loan:** 


   1. **For purchasing 2 Buffaloes:** ₹20,000/-.   1. **For purchasing 21 Goats:** 24,500/-.

  - **Interest Rate:** 14.5% to 16.5% (subject to change).
<br>

","
  - The beneficiary should be a resident of Tamil Nadu.
  - The beneficiary should be a farmer.
  - The beneficiary should be engaged in animal husbandry.
  - The beneficiary should be interested to avail Animal Husbandry Loan from the Primary Cooperative Agriculture and Rural Development Bank.
  - The beneficiary should have the intention to use the loan specifically for animal husbandry (e.g., purchasing buffaloes or goats).

<br>

",,"Mode: Offline
Step 1: 
The interested applicant should collect the application form by contacting the Secretary/ Special Officer of the Primary Cooperative Agriculture and Rural Development Bank.
Step 2: 
In the application form, fill in all the mandatory fields, paste the passport-sized photograph (signed across, if required), and attach copies of all the mandatory documents (self-attest, if required).
Step 3:
 Submit the duly filled and signed application form along with the documents to the concerned authority.
Step 4:
 Request a receipt or acknowledgment from the concerned authority to whom the application has been submitted. Ensure that the receipt contains essential details such as the date and time of submission, a unique identification number (if applicable).","- Identity proof (Aadhaar, PAN card, etc.).
- Address proof.
- Proof of agricultural occupation (e.g., Farmer's certificate) (if applicable).
- Any other documents (if required).","Q: What is the objective of this scheme?
A: The scheme offers medium-term loans of up to ₹60,000/- without interest to tribal members, enabling them to fulfill various financial needs.

Q: Who sponsors this scheme?
A: The scheme is sponsored by the state government.

Q: How much financial assistance can a farmer obtain under this scheme?
A: A farmer can receive up to ₹20,000/- for purchasing 2 buffaloes and ₹24,500/- for 21 goats.

Q: What is the applicable interest rate for loans under this scheme?
A: The interest rate ranges from 14.5% to 16.5%, subject to revisions by the bank.

Q: Who is eligible to apply for this scheme?
A: Farmers engaged in agricultural activities are eligible to apply for the loan.

Q: What documents are required for applying to this scheme?
A: Farmers need to provide proof of identity, proof of residence, proof of agricultural occupation, and other relevant documents if required.

Q: Is there any income limit for applying to the scheme?
A: No specific income limit is mentioned for eligibility.

Q: Can the loan amount be used for purposes other than animal husbandry?
A: No, the loan amount should be utilized exclusively for animal husbandry purposes, such as purchasing buffaloes or goats.

Q: From where the application form for the loan can be collected?
A: The interested applicant should collect the application form by contacting the Secretary/ Special Officer of the office of the Primary Cooperative Agriculture and Rural Development Bank.

Q: Whom should farmers contact for more details about the scheme?
A: Farmers can reach out to the Secretary or Special Officer of the Primary Cooperative Agriculture and Rural Development Bank for additional information.

Q: Is there an age limit for applicants?
A: The age criteria for applicants are determined by the bank’s policy.",- [Guidelines](https://www.tn.gov.in/scheme/data_view/3564),,"{""dbtScheme"": false, ""implementingAgency"": null, ""schemeType"": null, ""closeDate"": null, ""priority"": 1}"
Primary Cooperative Agriculture and Rural Development Bank: For Inland Fishing,PCARDBIF,pcardbif,State,Tamil Nadu,"Banking,Financial Services and Insurance, Agriculture,Rural & Environment","Inland Fishing, Loan, Farmer, Agriculture And Rural Development Bank",,Individual,https://www.myscheme.gov.in/schemes/pcardbif,"The scheme offers loans to farmers for inland fishing projects, with a loan amount of up to ₹3,30,000/- per hectare at an interest rate between 11% and 12%.
","The &amp;quot;Primary Cooperative Agriculture and Rural Development Bank: For Inland Fishing&amp;quot; scheme launched by the Co-operation, Food and Consumer Protection Department, Tamil Nadu, aims to support farmers interested in inland fishing by providing financial assistance up to ₹3,30,000/- per hectare. The loan has an interest rate of 11% - 12%, which is subject to change. This financial aid aims to empower farmers to establish or expand inland fishing operations and increase their income.
&lt;br&gt;

","
  - **Access to Loan:** ₹3,30,000/- per hectare.  - **Interest Rate:** 11% to 12% (subject to change).
<br>

","
  - The beneficiary should be a resident of Tamil Nadu.
  - The beneficiary should be a farmer.
  - The beneficiary should be engaged in inland fishing.
  - The beneficiary should be interested in availing the loan for Inland Fishing.
  - The beneficiary should have the intention to use the loan specifically for Inland Fishing activities.

",,"Mode: Offline
Step 1: 
The interested applicant should collect the application form by visiting the Primary Cooperative Agriculture and Rural Development Bank.
Step 2: 
In the application form, fill in all the mandatory fields, paste the passport-sized photograph (signed across, if required), and attach copies of all the mandatory documents (self-attest, if required).
Step 3:
 Submit the duly filled and signed application form along with the documents to the concerned authority.
Step 4:
 Request a receipt or acknowledgment from the concerned authority to whom the application has been submitted. Ensure that the receipt contains essential details such as the date and time of submission, and a unique identification number (if applicable).","- Identity proof (Aadhaar, PAN card, etc.).
- Address proof.
- Proof of land ownership or lease documents for the land used in inland fishing.
- Any other documents (if required).","Q: What is the objective of this scheme?
A: The scheme offers loans to farmers for inland fishing projects, with a loan amount of up to ₹3,30,000 per hectare at an interest rate between 11% and 12%.

Q: What is the maximum loan amount available under this scheme?
A: The scheme provides a loan of up to ₹3,30,000/- per hectare.

Q: What is the interest rate for the loan under this scheme?
A: The interest rate ranges from 11% to 12%, subject to change.

Q: Who is eligible to apply for this scheme?
A: Eligible applicants are farmers who are residents of Tamil Nadu and engaged in inland fishing.

Q: Is there an age requirement for this scheme?
A: There is no specified age requirement for this loan scheme.

Q: Are there any income criteria for eligibility?
A: No income criteria are specified for this scheme.

Q: What documents are needed to apply?
A: Required documents include identity proof, address proof, proof of land ownership etc. to apply for this scheme.

Q: Where can an eligible farmer apply for the loan?
A: Eligible farmers can apply at the Primary Cooperative Agriculture and Rural Development Bank.

Q: Can the loan be used for purposes other than inland fishing?
A: No, the loan must be used exclusively for inland fishing activities.

Q: Does the scheme offer any subsidies or preferential rates for specific groups?
A: The scheme does not specify any subsidies; the interest rates apply uniformly to all eligible farmers.",- [Guidelines](https://www.tn.gov.in/scheme/data_view/3566),,"{""dbtScheme"": false, ""implementingAgency"": null, ""schemeType"": null, ""closeDate"": null, ""priority"": 1}"
Destitute Agricultural Labourers Pension Scheme,DALPS,dalps,State,Tamil Nadu,"Social welfare & Empowerment, Women and Child, Agriculture,Rural & Environment","Destitute, Farmer, Financial Assistance, Labour, Senior Citizen, Clothes",,Individual,https://www.myscheme.gov.in/schemes/dalps,"The ""Destitute Agricultural Labourers Pension Scheme"" was launched by the Social Welfare and Nutritious Meal Programme Department, Government of Tamil Nadu. The scheme aims to give pensions of ₹1,000/- to destitute agricultural labourers of 60 years and above and dhoti, saree supplied on festivals. ","The &amp;quot;Destitute Agricultural Labourers Pension Scheme&amp;quot; was launched by the Social Welfare and Nutritious Meal Programme Department, Government of Tamil Nadu. The scheme aims to give pensions of ₹1,000/- to destitute agricultural labourers of 60 years. The scheme also provides one free saree to females, one free dhoti to males during Pongal and Deepavali, and free rice in the Anganwadi Centres. 
","**Pension:** 

- ₹1,000/- per month.

**Free Clothes during Pongal and Deepavali:**

- One free dhoti to a male pensioner.
- One free saree to a female pensioner.

**Free Rice in Anganwadi Centres:**

- 2kg/month to those who are taking nutritious meal.
- 4kg/month to those who are not taking nutritious meal.

","
   1. The applicant should be destitute agricultural labour.
   1. The age of the applicant should be 60 years and above. 
   1. The applicant should not have any source of income or means of subsistence to support.
   1. The applicant should not be a habitual beggar.
   1. The applicant should not possess property valued at more than ₹5000/-.
   1. The applicant should not be supported by a son or son&amp;#39;s son aged 20 years or above.

",,"Mode: Offline
Step 1: 
The interested applicant should visit (during office hours) the Special Tahsildar/Village Administrative Officer and request a hard copy of the prescribed format of the application form from the staff exclusively entrusted to issue and collect filled-in applications.
OR
The
 
interested applicant should apply scheme with a white paper. 
Step 2:
 In the application form, fill in all the mandatory fields, and attach copies of all the mandatory documents (self-attest, if required).
Step 3:
 Submit the duly filled and signed application form along with the documents to the Special Tahsildar/Village Administrative Officer.
Step 4:
 Request a receipt or acknowledgment from the Special Tahsildar/Village Administrative Officer to whom the application has been submitted. Ensure that the receipt contains essential details such as the date and time of submission, and a unique identification number (if applicable).","- Aadhaar Card.
- Proof of age.
- Bank Passbook.
- Any other document if required. ","Q: What is the primary objective of this scheme?
A: The objective is to provide a pension to destitute agricultural laborers.

Q: How much pension is provided under this scheme?
A: The scheme provides ₹1000/- per month as a pension.

Q: Who can benefit from this scheme?
A: Destitute agricultural laborers who are 60 years old and above can benefit from this scheme.

Q: Are there any additional benefits provided besides the pension?
A: Yes, male pensioners receive one free Dhoti and female pensioners receive one free Saree twice a year during Pongal and Deepavali festivals. They also receive either 2 kg of rice per month if they take the nutritious meal or 4 kg of rice per month if they do not take the meal, at no cost.

Q: What is the time limit for processing the applications?
A: Applications are processed within one month from the date of receipt.

Q: Who are the officers to be contacted regarding this scheme?
A: The Special Tahsildar (Social Security Scheme) or the Tahsildar should be contacted.

Q: Where should grievances be reported?
A: Grievances should be reported to the Revenue Divisional Officer or the District Collector.

Q: What support is available if an application is delayed beyond one month?
A: Applicants can contact the Special Tahsildar (Social Security Scheme) or escalate the issue to the Revenue Divisional Officer or the District Collector for resolution.

Q: How can one apply for this scheme?
A: Applications can be submitted in white paper or in the prescribed format with the required details to the Special Tahsildar (Social Security Scheme) or the Village Administrative Officer in the village.

Q: Is there a provision for reapplying if the application is rejected?
A: While not specified, typically applicants can inquire with the Special Tahsildar (Social Security Scheme) or relevant officers about reapplying.",- [Citizen’s Charter (2011)](https://cms.tn.gov.in/sites/default/files/whatsnew/socialwelfare.pdf),,"{""dbtScheme"": false, ""implementingAgency"": null, ""schemeType"": null, ""closeDate"": null, ""priority"": 1}"
Integrated Scheme for Export Promotion & Quality Improvement in Spices and Research and Development of Cardamom : Small Cardamom Irrigation Land Development : Irrigation / Water Storage Structure (nos),ISFEPQIISARADOCSCILDIWSS,isfepqiisaradocscildiwss,Central,"Kerala, Karnataka, Tamil Nadu","Agriculture,Rural & Environment","Agriculture, Water Storage, Scheduled Castes, Scheduled Tribe, Farmer",Ministry Of Commerce And Industry,Individual,https://www.myscheme.gov.in/schemes/isfepqiisaradocscildiwss,"Under this scheme, to motivate the growers to bring more area under irrigation and land development by constructing water storage structures for increasing the productivity and improving quality of small cardamom.","The Small Cardamom Irrigation Land Development: Irrigation / Water Storage Structure Scheme under the Spices Board India, Ministry of Commerce and Industry, Government of India, is intended to motivate growers to bring more area under irrigation and land development by constructing water storage structures, thereby increasing productivity and improving the quality of small cardamom, as per the modalities and scheme guidelines approved by the competent authority for the implementation of the “Integrated Scheme for Export Promotion &amp; Quality Improvement in Spices and Research and Development of Cardamom” during the 15th Finance Commission period (2021–22 to 2025–26).
<br>

","
1. 50 % of cost of construction subject to a maximum of Rs 30,000 per unit for General Category and 75% subject to maximum of ₹ 45,000/- per unit for SC/ST.
1. The minimum capacity of irrigation structure should be 25 cubic metre for availing maximum subsidy under the programme. Any farmer who has availed this benefit earlier is not eligible to avail the benefit.
1. Registered cardamom growers having land holding size of 0.10 Ha to 8 Ha are eligible to avail this scheme.

<br>

","
1. The applicant should be a small cardamom grower from Kerala, Tamil Nadu, or Karnataka.
1. The applicant should undertake irrigation and land development activities by constructing irrigation or water storage structures.
1. The applicant should ensure that the proposed structure does not obstruct the natural flow of water or create objections from local communities or concerned authorities, subject to final inspection by designated officials.

<br>

","<br>

","Mode: Online
Registration
Step 1: The applicant should visit the 
ServicesPlus
 website.
Step 2: Click on the “
Register” 
option on the homepage.
Step 3: Fill out the registration form by entering Full Name, Email ID, Mobile Number, Password, selecting State, and Captcha.
Step 4: Review all details carefully and submit the registration form.
Step 5: An OTP will be sent to your registered mobile number or email; enter the OTP and click “Verify.”
Step 6: Registration will be completed successfully, and a confirmation message will be displayed or sent via email.
Login
Step 1: The applicant should visit the ServicesPlus website and click on 
“Login.”
Step 2: Enter your Email ID, Password, and Captcha.
Step 3: Select the relevant service/scheme name.
Step 4: Fill in the required details in the application form.
Step 5: Submit the application.","a) Document of ownership or legal possession of land viz. patta
b) Current year land tax receipt / RTC /Chitta adangal
c) CR /ACR /CDRC endorsement
d) Aadhaar card
e) Bank Pass Book
f) Plan and estimate of the proposed structure from the qualified registered/licensed or Govt. civil engineer following Govt.approved rates for construction.","Q: What is the objective of the Irrigation / Water Storage Structure Scheme?
A: The objective of the scheme is to encourage small cardamom growers to bring more area under irrigation and land development by constructing water storage structures. The scheme aims to improve the productivity and quality of small cardamom cultivation.

Q: Who can apply for this scheme?
A: Registered small cardamom growers having land holdings between 0.10 hectare and 8 hectares are eligible to apply for this scheme. The scheme is applicable only to growers located in Kerala, Tamil Nadu, and Karnataka.

Q: What is the minimum capacity required for the irrigation structure?
A: To avail the maximum subsidy under the programme, the irrigation or water storage structure should have a minimum capacity of 25 cubic metres.

Q: Can a farmer who already received assistance earlier apply again?
A: No, farmers who have already availed benefits under this scheme earlier are not eligible to receive assistance again under the same programme.

Q: Is a technical estimate required for the proposed structure?
A: Yes, the applicant must submit a plan and cost estimate for the proposed irrigation or water storage structure prepared by a qualified registered/licensed or Government civil engineer using Government-approved construction rates.

Q: In which states is the scheme implemented?
A: The scheme is implemented in the major small cardamom growing states of Kerala, Tamil Nadu, and Karnataka.

Q: How are applications verified under the scheme?
A: Designated officials conduct a final inspection of the proposed or completed structure and verify whether the applicant satisfies all eligibility conditions before recommending the case for sanction.

Q: What kind of constructions are not eligible for assistance?
A: Structures that block the natural flow of water, including streams, or constructions that are objectionable to local communities or concerned authorities will not be considered for financial assistance under the scheme.

Q: Why is irrigation support important for small cardamom cultivation?
A: Proper irrigation and water storage facilities help maintain adequate soil moisture, especially during dry periods, which improves crop growth, increases productivity, and enhances the quality of small cardamom.","- [Guidelines](https://www.indianspices.com/export_oriented_prod.html)
- [Application Portal](https://serviceonline.gov.in/dbt/login.do)",,"{""dbtScheme"": false, ""implementingAgency"": null, ""schemeType"": {""value"": ""centrally-sponsored-scheme"", ""label"": ""Centrally Sponsored Scheme""}, ""closeDate"": null, ""priority"": 1}"
Micro Nutrient Spray,MNS,mns,State,Tamil Nadu,"Agriculture,Rural & Environment","Agriculture, Farmer, Micro Nutrient Spray, Subsidy",,Individual,https://www.myscheme.gov.in/schemes/mns,"The “Micro Nutrient Spray” scheme provides a 50% subsidy or ₹70/- per hectare to eligible farmers, with a focus on ensuring benefits to SC/ST and women farmers.
","The “Micro Nutrient Spray” scheme by the Agriculture-Farmers Welfare Department, Tamil Nadu, is aimed at helping farmers improve crop nutrition by providing a subsidy for micro-nutrient sprays. The scheme offers a subsidy of 50% or ₹70/- per hectare, whichever is less. All farmers are eligible to apply, with a target of 24% of the benefits flowing to SC/ST farmers and 20% to women farmers or women groups.
&lt;br&gt;

","
  - **Financial Assistance:** 50% subsidy or ₹70/- per hectare for micro-nutrient spray.
&lt;br&gt;

","
  - The beneficiary should be a Farmer.
  - The beneficiary should be a resident of Tamil Nadu.

&lt;br&gt;

","<br>

","Mode: Offline
Step 1:
 Collect the application form from the nearest Agricultural Office.
Step 2: 
Fill out the application form with the required details and attach mandatory documents (self-attested, if required). 
Step 3: 
Submit the form to the concerned office:
Village Level:
 Submit the application to the Assistant Agricultural Officer.
Block Level:
 Submit to the Agricultural Officer or Deputy Agricultural Officer.
District Level: 
Submit to the Joint Director of Agriculture.","- Proof of identity (Aadhar card, Voter ID)
- Land ownership documents or lease agreement.
- Caste certificate (for SC/ST applicants).
- Any other documents (if required).","Q: What is the Micro Nutrient Spray scheme?
A: The “Micro Nutrient Spray” scheme provides financial assistance to farmers by offering a subsidy for applying micro-nutrient spray to their crops.

Q: Who is eligible for the scheme?
A: All farmers are eligible for the scheme. There is also a focus on ensuring 24% of the benefits go to SC/ST farmers and 20% to women farmers or women groups.

Q: How much subsidy is offered under the scheme?
A: The scheme provides a subsidy of 50% or ₹70/- per hectare, whichever is less.

Q: How can a farmer apply for the scheme?
A: Farmers can apply by submitting their application to the Assistant Agricultural Officer at the village level, or to other agricultural officers at the block or district level.

Q: Are there any special provisions for certain communities?
A: Yes, 24% of the benefits are allocated for SC/ST farmers, and 20% for women farmers or women groups.

Q: What documents are required to apply for the scheme?
A: Farmers need to provide proof of identity, land ownership documents, a caste certificate (if applicable), proof of farming activity, and the completed application form.

Q: Is there any age or income limit for this scheme?
A: There is no specific age or income limit for eligibility under this scheme.

Q: Can women farmers benefit from the scheme?
A: Yes, women farmers and women groups are eligible, with 20% of the benefits reserved for them.

Q: How will the subsidy be provided to the farmers?
A: The subsidy is provided based on the area covered by micro-nutrient spray and upon submission of the required documents.

Q: Where can farmers get the application form?
A: Application forms can be obtained from the Assistant Agricultural Officer or the block and district-level agricultural offices.

Q: Can farmers apply online for the scheme?
A: Currently, applications need to be submitted in person to the designated agricultural officers. There is no online application process available.",- [Guidelines](https://www.tn.gov.in/scheme/data_view/7084),,"{""dbtScheme"": false, ""implementingAgency"": null, ""schemeType"": null, ""closeDate"": null, ""priority"": 1}"
Distribution of Manually Operated Plant Protection Equipment,DOMOPPE,domoppe,State,Tamil Nadu,"Agriculture,Rural & Environment","Agriculture, Farmer, Equipment Distribution, Manually Operated Equipment, Plant Protection Equipment, Subsidy",,Individual,https://www.myscheme.gov.in/schemes/domoppe,"The ""Distribution of Manually Operated Plant Protection Equipment"" scheme provides farmers with a subsidy of 50% on the cost of equipment to enhance agricultural practices.

","The “Distribution of Manually Operated Plant Protection Equipment” scheme by the Agriculture-Farmers Welfare Department, Tamil Nadu, provides financial assistance to farmers by offering a subsidy for manually operated plant protection equipment. Farmers who raise seed farms with pulse crops are eligible to receive this subsidy.
","
- **Financial Assistance:** A subsidy of 50% on the cost of equipment or ₹800/- whichever is less.
","
  - The beneficiary should be a Farmer.
  - The beneficiary should be a resident of Tamil Nadu.
  - The beneficiary should raise seed farms with Pulses crop.

","<br>

","Mode: Offline
Step 1:
 Collect the application form from the nearest Agricultural Office.
Step 2: 
Fill out the application form with the required details and attach mandatory documents (self-attested, if required). 
Step 3: 
Submit the form to the concerned office:
Village Level:
 Submit the application to the Assistant Agricultural Officer.
Block Level:
 Submit to the Agricultural Officer or Deputy Agricultural Officer.
District Level: 
Submit to the Joint Director of Agriculture.","- Proof of Identity (Aadhar Card, Voter ID, etc.).
- Proof of Land Ownership.
- Proof of Seed Farm with Pulses Crop.
- Bill or receipt of purchased equipment(s).
- Caste Certificate (for SC/ST applicants).
- Proof of being a Farm Woman (if applicable).
- Bank Account Details.
- Any other documents (if required).","Q: What is the ""Distribution of Manually Operated Plant Protection Equipment"" scheme?
A: The ""Distribution of Manually Operated Plant Protection Equipment"" scheme provides farmers with a subsidy of 50% on the cost of equipment to enhance agricultural practices.

Q: Who is eligible for the subsidy under this scheme?
A: All farmers who raise seed farms with pulse crops are eligible. Special allocations are available for SC/ST (24%) and Farm Women (20%).

Q: What is the subsidy amount provided under this scheme?
A: The subsidy is 50% of the cost of the equipment or ₹800/-, whichever is less.

Q: How to apply for the subsidy?
A: Applications should be submitted to the Assistant Agricultural Officer at the Village Level, Agricultural Officer/Deputy Agricultural Officer at the Block Level, Assistant Director of Agriculture at the Block Level, or the Joint Director of Agriculture at the District Level.

Q: What documents are required for the application?
A: Required documents include proof of identity, proof of land ownership, bill or receipt of purchased equipment(s), proof of seed farm with Pulses crop, caste certificate (for SC/ST applicants), proof of being a Farm Woman (if applicable), and bank account details.

Q: How long is the scheme valid?
A: The validity of the scheme is subject to the availability of funds.

Q: Is there a specific allocation for SC/ST and Farm Women?
A: Yes, 24% of the subsidy allocation is reserved for SC/ST farmers and 20% for Farm Women.

Q: Can the applicant receive subsidy if he/she is not a farmer but involved in related agricultural activities?
A: No, the scheme is specifically for farmers who raise seed farms with Pulses crops.

Q: How to verify the status of the application?
A: Status of the application can be checked by contacting the office where the applicant has submitted the application.

Q: What to do if the application is rejected?
A: If the application is rejected, the applicant may contact the respective agricultural officer for more details.",- [Guidelines](https://www.tn.gov.in/scheme/data_view/7070),,"{""dbtScheme"": false, ""implementingAgency"": null, ""schemeType"": null, ""closeDate"": null, ""priority"": 1}"
Distribution of Gypsum-Oil Seeds,DOGOS,dogos,State,Tamil Nadu,"Agriculture,Rural & Environment","Agriculture, Farmer, Seed Distribution, Gypsum, Oil Seeds, Subsidy",,Individual,https://www.myscheme.gov.in/schemes/dogos,"The ""Distribution of Gypsum-Oil Seeds"" scheme provides a subsidy on the cost of gypsum material and transportation cost, to farmers who produce and supply Foundation and Certified Class seeds.

","The “Distribution of Gypsum-Oil Seeds” scheme by the Agriculture-Farmers Welfare Department, Tamil Nadu, provides financial assistance to farmers by subsidizing 50% of the cost of gypsum material and transportation costs. The subsidy is available to farmers who produce and supply Foundation and Certified Class seeds to the Department of Agriculture.
","**Financial Assistance:** 50% of the cost of material plus transport limited to ₹750/- per ha whichever is less.
","
  - The beneficiary should be a Farmer.
  - The beneficiary should be a resident of Tamil Nadu.
  - The beneficiary should be engaged in seed production.
  - The beneficiary should produce and supply Foundation and Certified Class seeds to the Department.

","<br>

","Mode: Offline
Step 1:
 Collect the application form from the nearest Agricultural Office.
Step 2: 
Fill out the application form with the required details and attach mandatory documents (self-attested, if required). 
Step 3: 
Submit the form to the concerned office:
Village Level:
 Submit the application to the Assistant Agricultural Officer.
Block Level:
 Submit to the Agricultural Officer or Deputy Agricultural Officer.
District Level: 
Submit to the Joint Director of Agriculture.","- Identity Proof (e.g., Aadhar Card)
- Proof of Land Ownership/Lease Agreement
- Certificate of seed production and supply to the Department (Foundation/Certified Class).
- Bank account details.
- Any other documents (if required).","Q: What is the ""Distribution of Gypsum-Oil Seeds"" scheme?
A: The ""Distribution of Gypsum-Oil Seeds"" scheme provides a 50% subsidy on the cost of gypsum material and transportation cost, to farmers who produce and supply Foundation and Certified Class seeds.

Q: Who can benefit from the scheme?
A: Farmers who produce and supply Foundation and Certified Class seeds to the Department of Agriculture are eligible for the benefits.

Q: What type of subsidy is provided under the scheme?
A: The scheme provides a 50% subsidy on the cost of gypsum material plus transportation cost of ₹750/-per hectare.

Q: How should a farmer apply for the scheme?
A: A farmer must submit the application to the Assistant Agricultural Officer at the Village Level, the Deputy Agricultural Officer at the Block Level, or the Joint Director of Agriculture at the District Level.

Q: What documents are required for application?
A: Required documents include identity proof, proof of land ownership or lease agreement, a Certificate of Seed Production, bank account details, and a filled application form.

Q: Is there any restriction on the type of seeds produced for eligibility?
A: Yes, only farmers who produce and supply Foundation and Certified Class seeds are eligible for the subsidy.

Q: Can farmers from all communities apply for the scheme?
A: Yes, the scheme is open to farmers from all communities without any restrictions.

Q: Is there an income limit for eligibility?
A: No, there is no income limit for farmers to be eligible for the scheme.

Q: Are there any specific dates for applying to the scheme?
A: The application dates may vary; farmers should check with their local agricultural officers for the specific timeline.

Q: Can a farmer apply for the scheme if they are producing seeds other than Foundation or Certified Class seeds?
A: No, the scheme is specifically for farmers producing and supplying Foundation and Certified Class seeds.

Q: What happens if a farmer does not provide all the required documents?
A: The application may be rejected or delayed if all required documents are not provided.",- [Guidelines](https://www.tn.gov.in/scheme/data_view/7618),,"{""dbtScheme"": false, ""implementingAgency"": null, ""schemeType"": null, ""closeDate"": null, ""priority"": 1}"
Integrated Scheme for Export Promotion & Quality Improvement in Spices and Research and Development of Cardamom:  Small Cardamom Irrigation Land Development : Irrigation equipment (Nos.),ISFEPQIISARADOCSCILDIE,isfepqiisaradocscildie,Central,"Kerala, Karnataka, Tamil Nadu","Agriculture,Rural & Environment","Gravity Equipments, Irrigation Pump, Micro Sprinkler Sets, Farmer",Ministry Of Commerce And Industry,Individual,https://www.myscheme.gov.in/schemes/isfepqiisaradocscildie,The objective of the scheme is to encourage small cardamom growers to bring more area under irrigation and land development in order to increase productivity and improve the quality of small cardamom.,"The scheme for Irrigation Equipment (Nos.) implemented by the Spices Board under the Ministry of Commerce and Industry, and as per the modalities and scheme guidelines approved by the Competent Authority for the implementation of the “Integrated Scheme for Export Promotion and Quality Improvement in Spices and Research and Development of Cardamom” during the 15th Finance Commission period (2021–22 to 2025–26), financial assistance is provided to motivate growers to bring more area under irrigation and land development. The scheme aims to increase productivity and improve the quality of small cardamom through the adoption of different irrigation methods. 
**Assistance is provided for the installation of the following equipment:** 
(a) Gravity Irrigation Equipment, 
(b) Irrigation Pump Sets (IP Sets), and 
(c) Sprinkler, Drip, and Micro-sprinkler Sets.
<br>

","
1. 50 % of cost of equipments subject to maximum of ₹ 5000 (Gen) and, ₹11250 (SC/ST) for Gravity; ₹15,000 (Gen) and ₹45,000 (SC/ST) for IP set and ₹ 32,000/- (Gen) and ₹ 95,000/- (SC/ST) for Sprinkler/ micro sprinkler sets.
1. Registered cardamom growers having land holding size of 0.10 Ha to 8 Ha are eligible for Gravity and Irrigation pump set (IP Set).
1. Registered cardamom growers having land holding size of 0.4 Ha to 8 Ha are eligible for Sprinklers / Drip / Microirrigation equipments.

**Note:** Any farmer who has availed this benefit earlier is not eligible to avail the benefit.
<br>

","
1. The applicant should be a small cardamom grower from the states of Kerala, Tamil Nadu, or Karnataka.
1. The applicant should install the approved irrigation equipment, and the installation must be inspected and recommended as eligible by the designated officials.

<br>

","<br>

","Mode: Online
Registration
Step 1: The applicant should visit the 
ServicesPlus
 website.
Step 2: Click on the “
Register” 
option on the homepage.
Step 3: Fill out the registration form by entering Full Name, Email ID, Mobile Number, Password, selecting State, and Captcha.
Step 4: Review all details carefully and submit the registration form.
Step 5: An OTP will be sent to your registered mobile number or email; enter the OTP and click “Verify.”
Step 6: Registration will be completed successfully, and a confirmation message will be displayed or sent via email.
Login
Step 1: The applicant should visit the ServicesPlus website and click on 
“Login.”
Step 2: Enter your Email ID, Password, and Captcha.
Step 3: Select the relevant service/scheme name.
Step 4: Fill in the required details in the application form.
Step 5: Submit the application.","a) Document of ownership or legal possession of land viz. patta
b) Current year land tax receipt / RTC /Chitta adangal
c) CR /ACR /CDRC endorsement
d) Aadhaar card
e) Bank Pass Book
f) a quotation from authorized dealer or three competitive quotations if there is no authorized dealer.","Q: What is the objective of the Irrigation Equipment Scheme?
A: The scheme aims to encourage small cardamom growers to bring more area under irrigation and land development to improve productivity and quality of small cardamom.

Q: Who can apply for the scheme?
A: Registered small cardamom growers from Kerala, Tamil Nadu, and Karnataka can apply.

Q: What is the eligible land holding size for Gravity Equipment and IP Sets?
A: Registered cardamom growers having land holdings from 0.10 hectare to 8 hectares are eligible.

Q: What is the eligible land holding size for Sprinkler/Drip/Micro-irrigation systems?
A: Registered cardamom growers having land holdings from 0.40 hectare to 8 hectares are eligible.

Q: Is Aadhaar mandatory for applying?
A: Yes, submission of Aadhaar Card is mandatory.

Q: Can a farmer who already received assistance apply again?
A: No. Farmers who have already availed benefits under this scheme are not eligible to apply again.

Q: Who conducts the inspection of installed equipment?
A: Designated officials will conduct the final inspection of the installed irrigation equipment.

Q: When is the subsidy approved?
A: Subsidy is recommended only after successful inspection and approval by designated officials.

Q: Can quotations from local dealers be submitted?
A: Yes. If there is no authorized dealer, applicants may submit three competitive quotations from local dealers.","- [Guidelines](https://www.indianspices.com/export_oriented_prod.html)
- [Application Portal](https://serviceonline.gov.in/dbt/login.do)",,"{""dbtScheme"": false, ""implementingAgency"": null, ""schemeType"": {""value"": ""centrally-sponsored-scheme"", ""label"": ""Centrally Sponsored Scheme""}, ""closeDate"": null, ""priority"": 1}"
Distribution of Soil Health Card,DOSHC,doshc,State,Tamil Nadu,"Agriculture,Rural & Environment","Agriculture, Farmer, Soil Health Card",,Individual,https://www.myscheme.gov.in/schemes/doshc,"Under the “Distribution of Soil Health Card” scheme, Soil health cards will be distributed to all the farmers who have offered the soil sample for testing by paying a prescribed fee of ₹5/- each for Macro and Micronutrient testing.

","Under the “Distribution of Soil Health Card” scheme, by the Agriculture-Farmers Welfare Department, Tamil Nadu, Soil health cards will be distributed to all the farmers who have offered the soil sample for testing by paying a prescribed fee of ₹5/- each for Macro and Micronutrient testing.
&lt;br&gt;

","
- Soil Health Cards to farmers.

<br>

","
  - The beneficiary should be a Farmer.
  - The beneficiary should be a resident of Tamil Nadu.
  - The beneficiary should have provided soil samples for testing.
  -  The beneficiary should have paid the prescribed fee ₹5/- each for Macro and Micronutrient testing.

","<br>

","Mode: Offline
Step 1:
 Collect the application form from the nearest Agricultural Office.
Step 2: 
Fill out the application form with the required details and attach mandatory documents (self-attested, if required). 
Step 3: 
Submit the form to the concerned office:
Village Level:
 Submit the application to the Assistant Agricultural Officer.
Block Level:
 Submit to the Agricultural Officer or Deputy Agricultural Officer.
District Level: 
Submit to the Joint Director of Agriculture.","- Proof of Identity (Aadhar Card, Voter ID, etc.).
- Proof of Land Ownership.
- Proof of soil sample submission and payment.
- Any other documents (if required).","Q: What is the ""Distribution of Soil Health Card” scheme?
A: Under the “Distribution of Soil Health Card” scheme, Soil health cards will be distributed to all the farmers who have offered the soil sample for testing by paying a prescribed fee of ₹5/- each for Macro and Micronutrient testing.

Q: Who is eligible to receive a Soil Health Card?
A: Any farmer who submits a soil sample for testing and pays the prescribed fee is eligible to receive a Soil Health Card.

Q: What is the fee for soil testing under this scheme?
A: The fee for soil testing is ₹5/- each for macro and micronutrient analysis.

Q: What information is provided on the Soil Health Card?
A: The Soil Health Card provides detailed information on the soil's nutrient content, along with recommendations for appropriate fertilizer use.

Q: How can a farmer apply for this scheme?
A: A farmer can apply by submitting a soil sample to a designated testing center and paying the required fee.

Q: What documents are required to avail of this scheme?
A: The required documents include identity proof, land ownership proof, and the receipt for the soil sample submission.

Q: Are there any age or income requirements for eligibility?
A: There are no age or income requirements for eligibility under this scheme.

Q: What benefits does a farmer receive from the Soil Health Card?
A: The benefits include insights into soil nutrients and guidance on the optimal use of fertilizers to improve crop yields.

Q: How does the Soil Health Card help in improving crop yields?
A: By providing accurate nutrient information, the card helps farmers apply the correct amount of fertilizers, which leads to better crop productivity.

Q: Where can a farmer submit their soil sample for testing?
A: Soil samples can be submitted at designated soil testing centers within the region.

Q: Is this scheme available to all farmers?
A: Yes, the scheme is available to all farmers who meet the eligibility criteria.

Q: Will the Soil Health Card include recommendations for specific fertilizers?
A: Yes, the card provides specific fertilizer recommendations based on the nutrient status of the soil.

Q: What is the validity of the information on the Soil Health Card?
A: The validity of the Soil Health Card is linked to the current condition of the soil, though periodic testing is recommended for ongoing accuracy.

Q: Does the scheme offer any financial assistance for the soil testing fee?
A: No, the scheme does not provide financial assistance for the soil testing fee; farmers are required to pay the nominal fee themselves.",- [Guidelines](https://www.tn.gov.in/scheme/data_view/6849),,"{""dbtScheme"": false, ""implementingAgency"": null, ""schemeType"": null, ""closeDate"": null, ""priority"": 1}"
District Central Cooperative Banks and through its Branches: For SSI Unit Loan and Other NFS Activities,DCCBSSI,dccbssi,State,Tamil Nadu,"Banking,Financial Services and Insurance, Agriculture,Rural & Environment","SSI Unit Loan, Non-Farm Sector Activities, Agriculture, Industries",,Individual,https://www.myscheme.gov.in/schemes/dccbssi,"This scheme provides financial assistance for SSI unit loans and other Non-Farm Sector (NFS) activities through District Central Cooperative Banks and their branches.
","The &amp;quot;District Central Cooperative Banks and through its Branches: For SSI Unit Loan and Other NFS Activities&amp;quot; scheme launched by the Co-operation, Food and Consumer Protection Department, Tamil Nadu, aims to support small-scale industries (SSI) and other NFS activities by providing loans up to ₹1,00,000 at an interest rate of 13% (subject to change).
&lt;br&gt;

","
- **Access to Loan:** Up to ₹1,00,000/-.- **Interest Rate:** 13% (subject to change).
<br>

","
  - The beneficiary should be a resident of Tamil Nadu.
  - Loans should be applicable only for small-scale industries (SSI) Unit and Other Non-Farm Sector (NFS) Activities.

&lt;br&gt;

","<br>

","Mode: Offline
Step 1: 
The interested applicant should collect the application form from the District Central Cooperative Banks or its branches.
Step 2:
 In the application form, fill in all the mandatory fields, paste the passport-sized photograph (signed across, if required), and attach copies of all the mandatory documents (self-attest, if required).
Step 3:
 Submit the duly filled and signed application form along with the documents to the concerned authority..
Step 4:
 Request a receipt or acknowledgment from the concerned authority to whom the application has been submitted. Ensure that the receipt contains essential details such as the date and time of submission, a unique identification number (if applicable).","- Identity proof (Aadhaar, PAN card, etc.).
- Address proof.
- Small-scale industries (SSI) Unit registration (if applicable).
- Business Plan or Project Report (if applicable).
- Any other documents (if required).","Q: What is the objective of this scheme?
A: This scheme provides financial assistance for SSI unit loans and other Non-Farm Sector (NFS) activities through District Central Cooperative Banks and their branches.

Q: What is the maximum loan amount that can be availed?
A: Under this scheme, applicants can avail of a loan amount of up to ₹1,00,000/-.

Q: What is the interest rate for the loan under this scheme?
A: The interest rate for the loan is set at 13%, although it is subject to change.

Q: Who is eligible to apply for this loan scheme?
A: Any citizen who intends to start or expand an SSI unit or engage in NFS activities is eligible to apply.

Q: Is there an age limit specified for applicants?
A: No specific age limit has been mentioned for this scheme.

Q: Are there any income criteria that applicants must meet?
A: There are no specific income criteria set for eligibility under this scheme.

Q: How can an applicant apply for this loan?
A: To apply, an applicant should visit the nearest District Central Cooperative Bank or one of its branches.

Q: Can the interest rate change over time?
A: Yes, the interest rate is subject to change based on updates to bank policies.

Q: What documents are necessary to apply for this loan?
A: Applicants must provide proof of identity, proof of address, a business plan, and bank statements. Additional documents may be required based on bank guidelines.

Q: Who sponsors this loan scheme?
A: This loan scheme is sponsored by the state government to promote SSI units and NFS activities.",- [Guidelines](https://www.tn.gov.in/scheme/data_view/3570),,"{""dbtScheme"": false, ""implementingAgency"": null, ""schemeType"": null, ""closeDate"": null, ""priority"": 1}"
Organizing Block Demonstration,OBD,obd,State,Tamil Nadu,"Agriculture,Rural & Environment","Agriculture, Farmer, Block Demonstration, Subsidy",,Individual,https://www.myscheme.gov.in/schemes/obd,"The “Organizing Block Demonstration” scheme provides a 50% subsidy or ₹2,000/- (whichever is less) on input costs for demonstrating the cultivation of Pulses crops over 5 hectares.
","The “Organizing Block Demonstration” scheme by the Agriculture-Farmers Welfare Department, Tamil Nadu, provides subsidy to promote best agricultural practices to farmers who cultivate seed farms with Pulses crops. The subsidy covers 50% of the input costs or ₹2,000/- per demonstration, whichever is less.
","**Financial Assistance:** A subsidy of 50% on the cost of inputs required to layout the demonstration of 5 hectare each or ₹2,000/- whichever is less.
","
- The beneficiary should be a Farmer.
- The beneficiary should be a resident of Tamil Nadu.
- The beneficiary should cultivate seed farms with Pulses crops.

",,"Mode: Offline
Step 1:
 Collect the application form from the nearest Agricultural Office.
Step 2: 
Fill out the application form with the required details and attach mandatory documents (self-attested, if required). 
Step 3: 
Submit the form to the concerned office:
Village Level:
 Submit the application to the Assistant Agricultural Officer.
Block Level:
 Submit to the Agricultural Officer or Deputy Agricultural Officer.
District Level: 
Submit to the Joint Director of Agriculture.","- Proof of identity (Aadhar card, Voter ID)
- Land ownership documents or lease agreements.
- Caste certificate (for SC/ST applicants).
- Bank account details.
- Any other documents (if required).","Q: What is ""Organizing Block Demonstration” scheme?
A: “Organizing Block Demonstration” scheme provides a 50% subsidy or ₹2,000/- (whichever is less) on input costs for demonstrating the cultivation of Pulses crops over 5 hectares.

Q: Who is eligible for the scheme?
A: Farmers cultivating seed farms with Pulses crops are eligible for the scheme.

Q: What is the subsidy amount provided?
A: The scheme provides a subsidy of 50% of input costs or ₹2000/- per 5 hectares, whichever is less.

Q: Are there any special provisions for certain communities?
A: Yes, 20% of the total subsidy allocation is reserved for farm women.

Q: What documents are required for the application?
A: Farmers must submit identity proof, land ownership or lease proof, bank account details, caste certificate (if applicable), and proof of farm women's status (if applicable).

Q: Where should the application be submitted?
A: Applications should be submitted to the Assistant Agricultural Officer at the village level, Agricultural Officer/Deputy Agricultural Officer at the block level, or the Joint Director of Agriculture at the district level.

Q: How is the subsidy amount calculated?
A: The subsidy covers 50% of the total input costs, up to a maximum of ₹2,000/- per demonstration on 5 hectares.

Q: Is there a limit to the number of farmers who can benefit from the scheme?
A: Yes, the scheme’s benefits are subject to the availability of funds.

Q: Can farmers growing other crops apply for this scheme?
A: No, only farmers cultivating Pulses crops are eligible to apply for the subsidy under this scheme.

Q: What role does the Assistant Agricultural Officer play in the process?
A: The Assistant Agricultural Officer helps farmers with the application process at the village level and ensures the documents are submitted correctly.

Q: What happens if the available funds are exhausted?
A: If funds are exhausted, further applications will be processed based on fund availability in the future.

Q: Is it possible to apply online?
A: No, currently applications must be submitted in person to the designated agricultural officers.

Q: Is there a specific time frame for submitting the application?
A: The application can be submitted at any time during the scheme's validity period, provided funds are available.

Q: Is a bank account necessary to receive the subsidy?
A: Yes, a bank account is required as the subsidy will be transferred directly to the farmer’s account.

Q: Can the subsidy be used for crops other than Pulses?
A: No, the subsidy is strictly for the demonstration of Pulses crops and cannot be transferred to other crops or schemes.",- [Guidelines](https://www.tn.gov.in/scheme/data_view/6902),,"{""dbtScheme"": false, ""implementingAgency"": null, ""schemeType"": null, ""closeDate"": null, ""priority"": 1}"
Distribution of Nuclear Poly Hedrosis Virus,DONPV,donpv,State,Tamil Nadu,"Agriculture,Rural & Environment","Agriculture, Farmer, Nuclear Poly Hedrosis Virus, NPV, Subsidy",,Individual,https://www.myscheme.gov.in/schemes/donpv,"The ""Distribution of Nuclear Poly Hedrosis Virus"" scheme provides subsidies for the distribution of Nuclear Poly Hedrosis Virus (NPV) to farmers raising seed farms with Pulses crops.

","The “Distribution of Nuclear Poly Hedrosis Virus” scheme by the Agriculture-Farmers Welfare Department, Tamil Nadu, provides subsidies for the distribution of Nuclear Poly Hedrosis Virus (NPV) to farmers raising seed farms with Pulses crops.
","
- **Quantum of Assistance:** 50% cost of input limited to ₹250/- per hectare.
<br>

","
  - The beneficiary should be a Farmer.
  - The beneficiary should be a resident of Tamil Nadu.
  - The beneficiary should raise seed farms with Pulses crops.

",,"Mode: Offline
Step 1:
 Collect the application form from the nearest Agricultural Office.
Step 2: 
Fill out the application form with the required details and attach mandatory documents (self-attested, if required). 
Step 3: 
Submit the form to the concerned office:
Village Level:
 Submit the application to the Assistant Agricultural Officer.
Block Level:
 Submit to the Agricultural Officer or Deputy Agricultural Officer.
District Level: 
Submit to the Joint Director of Agriculture.","- Proof of Identity (Aadhar Card, Voter ID, etc.).
- Proof of Land Ownership.
- Proof of Pulses crop cultivation.
- Caste Certificate (for SC/ST applicants).
- Bank Account Details.
- Any other documents (if required).","Q: What is the ""Distribution of Nuclear Poly Hedrosis Virus"" scheme?
A: The “Distribution of Nuclear Poly Hedrosis Virus” scheme by the Agriculture-Farmers Welfare Department, Tamil Nadu, provides subsidies for the distribution of Nuclear Poly Hedrosis Virus (NPV) to farmers raising seed farms with Pulses crops.

Q: Who is eligible to apply for this scheme?
A: Farmers who are cultivating Pulses crops on seed farms are eligible to apply for this scheme.

Q: What type of benefit does the scheme provide?
A: The scheme provides a subsidy covering 50% of the cost of Nuclear Poly Hedrosis Virus (NPHV) input, limited to ₹250/- per hectare.

Q: What is the purpose of the Nuclear Poly Hedrosis Virus in farming?
A: Nuclear Poly Hedrosis Virus (NPHV) is used for the biological control of pests that affect Pulses crops, helping to reduce crop damage and improve yields.

Q: How can a farmer apply for this scheme?
A: Farmers can apply by submitting their applications to the Assistant Agricultural Officer at the village level, Agricultural Officer / Deputy Agricultural Officer at the block level, Assistant Director of Agriculture at the block level, or the Joint Director of Agriculture at the district level.

Q: Are there any specific allocations for certain groups under this scheme?
A: Yes, there are specific allocations for SC/ST farmers (24%) and Farm Women (20%).

Q: What documents are required to apply for the scheme?
A: Applicants need to submit proof of land ownership or lease agreement, identification proof (such as Aadhar card), proof of pulse crop cultivation, and a completed application form.

Q: Is there a deadline to apply for this scheme?
A: The scheme is subject to the availability of funds, so it is recommended that farmers apply as soon as possible.

Q: Can a farmer who cultivates crops other than Pulses apply for this scheme?
A: No, the scheme is specifically for farmers who are cultivating Pulses crops on seed farms.

Q: What is the maximum subsidy a farmer can receive under this scheme?
A: The maximum subsidy a farmer can receive is ₹250/- per hectare, which covers 50% of the cost of NPHV input.

Q: Is there any age limit for farmers to apply for this scheme?
A: No, there is no age limit specified for farmers to apply for this scheme.

Q: How does this scheme contribute to sustainable agriculture?
A: By promoting the use of biological pest control methods like NPHV, the scheme helps reduce reliance on chemical pesticides, leading to more sustainable and environmentally friendly farming practices.",- [Guidelines](https://www.tn.gov.in/scheme/data_view/7078),,"{""dbtScheme"": false, ""implementingAgency"": null, ""schemeType"": null, ""closeDate"": null, ""priority"": 1}"
Organizing Block Demonstration Through Department And Also Through TNAU,OBDTDAATTNAU,obdtdaattnau,State,Tamil Nadu,"Agriculture,Rural & Environment","Agriculture, Farmer, Block Demonstration, Maize",,Individual,https://www.myscheme.gov.in/schemes/obdtdaattnau,"The scheme ""Organizing Block Demonstration Through Department And Also Through TNAU"" offers grants to farmers for maize cultivation. Farmers can avail a subsidy for demonstrating cultivation practices on a 1-hectare plot.
","The scheme “Organizing Block Demonstration Through Department And Also Through TNAU” by the Agriculture-Farmers Welfare Department, Tamil Nadu is designed to promote maize cultivation through block demonstrations conducted by the Department of Agriculture and Tamil Nadu Agricultural University (TNAU). Farmers in select districts of Tamil Nadu can participate. It provides ₹4,000/- per demonstration for 1-hectare plots. Special focus is given to small, marginal, SC/ST, and women farmers.
","**Financial Assistance:** ₹4,000/- per demonstration of 1 Hectare plot each.
","
  - The beneficiary should be a Farmer.
  - The beneficiary should be a resident of Tamil Nadu.
  - The beneficiary should grow maize in the following districts: Coimbatore, Dindigul, Erode, Dharmapuri, Krishnagiri, Namakkal, Perambalur, Virudhunagar, Theni, Villupuram, Vellore, Salem, Pudukkottai, Madurai, Sivagangai, Trichy, Tirunelveli, and Thoothukudi.

&lt;br&gt;

","<br>

","Mode: Offline
Step 1:
 Collect the application form from the nearest Agricultural Office.
Step 2: 
Fill out the application form with the required details and attach mandatory documents (self-attested, if required). 
Step 3: 
Submit the form to the concerned office:
Village Level:
 Submit the application to the Assistant Agricultural Officer.
Block Level:
 Submit to the Agricultural Officer or Deputy Agricultural Officer.
District Level: 
Submit to the Joint Director of Agriculture.","- Proof of identity (Aadhar card, Voter ID)
- Land ownership documents or lease agreement.
- Proof of maize cultivation/farming.
- Bank account details.
- Caste certificate (if applicable).
- Proof of small/marginal farmer status (if applicable).
- Women farmer group registration documents (if applicable).
- Any other documents (if required).","Q: What is the ""Organizing Block Demonstration Through Department And Also Through TNAU"" scheme?
A: The scheme ""Organizing Block Demonstration Through Department And Also Through TNAU"" offers grants to farmers for maize cultivation. Farmers can avail a subsidy for demonstrating cultivation practices on a 1-hectare plot.

Q: Who is eligible for the scheme?
A: All maize growing farmers are eligible to avail of the subsidy under this scheme in the Districts of Coimbatore, Dindigul, Erode, Dharmapuri, Krishnagiri, Namakkal, Perambalur, Virudhunagar, Theni, Villupuram, Vellore, Salem, Pudukkottai, Madurai, Sivagangai, Trichy, Tirunelveli and Thoothukudi., with preference given to small, marginal, SC/ST, and women farmers, will be eligible for this scheme.

Q: What is the benefit provided under the scheme?
A: Farmers receive ₹4,000/- per 1-hectare demonstration plot under the scheme.

Q: How to apply for this scheme?
A: Farmers can apply through the Assistant Agricultural Officer at the village level or the Joint Director of Agriculture at the district level.

Q: What documents are required for the application?
A: Documents like proof of land ownership, identity proof, residence proof, and bank details are required.

Q: Is the scheme only for maize cultivation?
A: Yes, it is specifically for maize cultivation demonstrations.

Q: Can small and marginal farmers apply?
A: Yes, small and marginal farmers are given priority.

Q: Is there a quota for SC/ST farmers?
A: Yes, 24% of the scheme’s benefits are reserved for SC/ST farmers.

Q: Can women farmers apply?
A: Yes, 20% of the benefits are reserved for women farmers or women farmer groups.

Q: What is the role of TNAU in this scheme?
A: TNAU, along with the Department of Agriculture, helps organize and oversee block demonstrations.",- [Guidelines](https://www.tn.gov.in/scheme/data_view/6854),,"{""dbtScheme"": false, ""implementingAgency"": null, ""schemeType"": null, ""closeDate"": null, ""priority"": 1}"
Quality Paddy Seed Distribution,QPSD,qpsd,State,Tamil Nadu,"Agriculture,Rural & Environment","Agriculture, Farmer, Paddy, Seed Production",,Individual,https://www.myscheme.gov.in/schemes/qpsd,"The “Quality Paddy Seed Distribution” Scheme offers a subsidy of ₹5/- per kg on certified paddy seeds.
","The scheme “Quality Paddy Seed Distribution”, introduced on 22nd August 2011 by the Agriculture-Farmers Welfare Department, Tamil Nadu, offers a subsidy of ₹5/- per kg on certified paddy seeds. Farmers can avail this benefit when purchasing seeds from Agricultural Extension Centers. This initiative helps reduce the cost burden on farmers, encouraging them to use high-quality paddy seeds for improved crop yields.
","
  - **Financial Assistance:** ₹5/- per kg subsidy on certified paddy seeds.
&lt;br&gt;

","
  - The beneficiary should be a Farmer.
  - The beneficiary should be a resident of Tamil Nadu.
  - The beneficiary must purchase certified paddy seeds from Agricultural Extension Centers.

","<br>

","Mode: Offline
Step 1:
 Collect the application form from the nearest Agricultural Office.
Step 2: 
Fill out the application form with the required details and attach mandatory documents (self-attested, if required). 
Step 3: 
Submit the form to the concerned office:
Village Level:
 Submit the application to the Assistant Agricultural Officer.
Block Level:
 Submit to the Agricultural Officer or Deputy Agricultural Officer.
District Level: 
Submit to the Joint Director of Agriculture.","- Proof of identity (Aadhar card, Voter ID).
- Land ownership documents or lease agreement.
- Any other documents (if required).","Q: What is the “Quality Paddy Seed Distribution” Scheme?
A: The Quality Paddy Seed Distribution Scheme provides a subsidy of ₹5 per kg on certified paddy seeds to farmers.

Q: Who are the beneficiaries of the scheme?
A: The beneficiaries are farmers who purchase certified paddy seeds in the Agricultural Extension Centers.

Q: What is the primary benefit of the scheme?
A: The primary benefit is a ₹5/- per kg subsidy on certified paddy seeds to reduce costs for farmers.

Q: Where can the subsidized seeds be purchased?
A: Farmers can purchase the subsidized seeds at Agricultural Extension Centers.

Q: How can farmers apply for the subsidy?
A: Farmers can apply for the subsidy through their Village Level Assistant Agricultural Officer, Block Level Seed Officer, or District Joint Director of Agriculture.

Q: Is there an income limit to avail of the scheme?
A: There is no income limit to qualify for the scheme.

Q: Are there any age restrictions for the scheme?
A: No, there are no age restrictions to avail of the scheme.

Q: Are there any community or caste restrictions?
A: The scheme is open to farmers of all communities and castes.

Q: What documents are required to apply for the subsidy?
A: Farmers will need proof of farming (land ownership/lease documents), identity proof, and proof of residence to apply.

Q: How is the subsidy provided to farmers?
A: The subsidy is directly deducted from the seed price at the time of purchase.

Q: When was the scheme introduced?
A: The scheme was introduced on August 22, 2011.

Q: Who should farmers contact for more information?
A: Farmers should contact their Village Level Assistant Agricultural Officer or the District Joint Director of Agriculture for more details.",- [Guidelines](https://www.tn.gov.in/scheme/data_view/19244),,"{""dbtScheme"": false, ""implementingAgency"": null, ""schemeType"": null, ""closeDate"": null, ""priority"": 1}"
Training to Farmers,TTF,ttf,State,Tamil Nadu,"Agriculture,Rural & Environment","Agriculture, Farmer, Maize, Training",,Individual,https://www.myscheme.gov.in/schemes/ttf,"The scheme “Training to Farmers” provides training to maize farmers across various districts, aiming to enhance farming practices and increase productivity.
","The “Training to Farmers” scheme by the Agriculture-Farmers Welfare Department, Tamil Nadu, offers training to maize-growing farmers in 18 selected districts of the State. The program covers the costs of the training for up to two days, with financial assistance of  ₹300/- per farmer. The training helps farmers adopt better practices to improve yield and farm sustainability. 
","
- Financial Assistance: ₹300/- for attending a two-day training session.
- Training Program: Training covers modern maize cultivation techniques, improving crop yield and reducing input costs.

","
- The beneficiary should be a Farmer.
- The beneficiary should be a resident of any of the following districts of Tamil Nadu: Coimbatore, Dindigul, Erode, Dharmapuri, Krishnagiri, Namakkal, Perambalur, Virudhunagar, Theni, Villupuram, Vellore, Salem, Pudukkottai, Madurai, Sivagangai, Trichy, Tirunelveli, and Thoothukudi.
- The beneficiary should grow maize.

","<br>

","Mode: Offline
Step 1:
 Collect the application form from the nearest Agricultural Office.
Step 2: 
Fill out the application form with the required details and attach mandatory documents (self-attested, if required). 
Step 3: 
Submit the form to the concerned office:
Village Level:
 Submit the application to the Assistant Agricultural Officer.
Block Level:
 Submit to the Agricultural Officer or Deputy Agricultural Officer.
District Level: 
Submit to the Joint Director of Agriculture.","- Proof of identity (Aadhar card, Voter ID).
- Land ownership documents or lease agreement.
- Caste Certificate (for SC/ST applicants).
- Any other documents (if required).","Q: What is the purpose of this scheme?
A: The scheme provides training to maize farmers across various districts, aiming to enhance farming practices and increase productivity.

Q: Who is eligible for the training under this scheme?
A: All maize-growing farmers in the specified districts are eligible.

Q: How much financial support is provided for attending the training?
A: Farmers receive ₹300/- for attending a two-day training session.

Q: Which districts are covered under this scheme?
A: The scheme covers the districts of Coimbatore, Dindigul, Erode, Dharmapuri, Krishnagiri, Namakkal, Perambalur, Virudhunagar, Theni, Villupuram, Vellore, Salem, Pudukkottai, Madurai, Sivagangai, Trichy, Tirunelveli, and Thoothukudi.

Q: Are there any preferences for specific groups of farmers?
A: Yes, the scheme prioritizes small/marginal farmers, SC/ST farmers, and women farmers.

Q: How can farmers apply for this scheme?
A: Applications can be submitted to the Assistant Agricultural Officer at the village level or the Deputy Agricultural Officer at the block level. Alternatively, farmers can approach the Assistant Director of Agriculture or the Joint Director of Agriculture at the district level.

Q: What documents are required to apply?
A: Applicants need to provide identity proof, proof of land ownership, caste certificate (if applicable), and proof of gender (for women beneficiaries).

Q: What topics are covered in the training?
A: The training focuses on modern maize cultivation techniques and best farming practices to improve productivity and reduce costs.

Q: Can women farmers apply for the scheme?
A: Yes, 20% of the total beneficiaries are reserved for women or women’s groups.

Q: What is the duration of the training program?
A: The training program is conducted over two days.

Q: Is there any age limit for farmers to apply?
A: There is no specific age limit mentioned in the scheme.

Q: Where is the training conducted?
A: The training sessions are organized locally within the respective districts where the farmers are based.",- [Guidelines](https://www.tn.gov.in/scheme/data_view/6857),,"{""dbtScheme"": false, ""implementingAgency"": null, ""schemeType"": null, ""closeDate"": null, ""priority"": 1}"
Production of Certified Seeds of Maize,POCSM,pocsm,State,Tamil Nadu,"Agriculture,Rural & Environment","Agriculture, Farmer, Certified Seeds, Production Of Seeds, Maize",,Individual,https://www.myscheme.gov.in/schemes/pocsm,"The ""Production of Certified Seeds of Maize"" scheme, aims to promote the production of certified maize seeds by providing subsidy to farmers in select districts of Tamil Nadu.
","The scheme “Production of Certified Seeds of Maize” by the Agriculture-Farmers Welfare Department, Tamil Nadu, is designed to support maize farmers in specific districts of Tamil Nadu. By offering a subsidy of ₹1,000/- per quintal, the scheme encourages farmers to produce certified maize seeds, ensuring a steady supply of high-quality seeds.
&lt;br&gt;

&lt;br&gt;

","
  - **Financial Assistance:** ₹,1000/- per quintal.
<br>

","
  - The beneficiary should be a Farmer.
  - The beneficiary should be a resident of Tamil Nadu.
  - The beneficiary should be a maize-growing farmer.
  - The beneficiary should belong to any of the following district of Tamil Nadu: Coimbatore, Dindigul, Erode, Dharmapuri, Krishnagiri, Namakkal, Perambalur, Virudhunagar, Theni, Villupuram, Vellore, Salem, Pudukkottai, Madurai, Sivagangai, Trichy, Tirunelveli and Thoothukudi.

&lt;br&gt;

",,"Mode: Offline
Step 1:
 Collect the application form from the nearest Agricultural Office.
Step 2: 
Fill out the application form with the required details and attach mandatory documents (self-attested, if required). 
Step 3: 
Submit the form to the concerned office:
Village Level:
 Submit the application to the Assistant Agricultural Officer.
Block Level:
 Submit to the Agricultural Officer or Deputy Agricultural Officer.
District Level: 
Submit to the Joint Director of Agriculture.","- Proof of identity (Aadhar card, Voter ID)
- Land ownership documents or lease agreement.
- Certification of seed production.
- Bank account details.
- Caste certificate (if applicable).
- Women farmer group registration documents (if applicable).
- Any other documents (if required).","Q: What is the ""Production of Certified Seeds of Maize” scheme?
A: The ""Production of Certified Seeds of Maize"" scheme, aims to promote the production of certified maize seeds by providing subsidy to farmers in select districts of Tamil Nadu.

Q: Who can apply for this scheme?
A: Maize farmers in select districts of Tamil Nadu are eligible to apply.

Q: What is the benefit under this scheme?
A: Farmers receive a subsidy of ₹1,000/- per quintal for certified maize seeds.

Q: Which districts are covered under this scheme?
A: Coimbatore, Dindigul, Erode, Dharmapuri, Krishnagiri, Namakkal, Perambalur, Virudhunagar, Theni, Villupuram, Vellore, Salem, Pudukkottai, Madurai, Sivagangai, Trichy, Tirunelveli and Thoothukudi districts are covered.

Q: Is this scheme available for all farmers?
A: Preference is given to small/marginal farmers, SC/ST farmers, and women farmers or groups.

Q: How to  apply for the scheme?
A: Submit the application to the Assistant Agricultural Officer at the village level, Deputy Agricultural Officer at the block level, or the Joint Director of Agriculture at the district level.

Q: What documents are required to apply?
A: Identity proof, land ownership proof, bank passbook, caste certificate (if applicable), and filled application form are required.

Q: Is there any age or income limit to apply?
A: No. Specific age or income limit is not required to apply for this scheme.

Q: Is there a quota for women farmers?
A: Yes, 20% of the scheme benefits are reserved for women farmers and women’s groups.

Q: Is there any reservation for SC/ST farmers?
A: Yes, 24% of the scheme's benefits are reserved for SC/ST farmers.

Q: Whom to contact for more information?
A: Farmers can contact their local Assistant Agricultural Officer, Deputy Agricultural Officer, or Joint Director of Agriculture for further details.",- [Guidelines](https://www.tn.gov.in/scheme/data_view/6852),,"{""dbtScheme"": false, ""implementingAgency"": null, ""schemeType"": null, ""closeDate"": null, ""priority"": 1}"
Primary Cooperative Agriculture and Rural Development Bank: For Sericulture In Irrigated Area,PCARDSIA,pcardsia,State,Tamil Nadu,"Agriculture,Rural & Environment, Banking,Financial Services and Insurance","Sericulture, Loan, Farmer, Agriculture And Rural Development Bank, Irrigated Area",,Individual,https://www.myscheme.gov.in/schemes/pcardsia,"The scheme provides loans to farmers for sericulture activities in irrigated areas, with a loan amount ranging from ₹49,000/- to ₹79,000/- per acre, and interest rates from 11% to 12.75%.","The &amp;quot;Primary Cooperative Agriculture and Rural Development Bank: For Sericulture In Irrigated Area&amp;quot; scheme launched by the Co-operation, Food and Consumer Protection Department, Tamil Nadu, aims to support farmers involved in sericulture within irrigated areas by offering loans ranging from ₹49,000/- to ₹79,000/- per acre. The interest rate varies between 11% to 12.75% (subject to change). 
","
  - **Access to Loan:** Loan amount between ₹49,000/-to ₹79,000/- per acre.  - **Interest Rate:** 11% to 12.75% (subject to change).
","
   1. The beneficiary should be a resident of Tamil Nadu.
   1. The beneficiary should be a farmer.
   1. The beneficiary should be engaged in sericulture activities within irrigated areas.
   1. The beneficiary should be interested in availing loan for sericulture activities.
   1. The beneficiary should have the intention to use the loan specifically for sericulture activities.

","<br>

","Mode: Offline
Step-1:
 The interested applicant should collect the application form by contacting the Secretary/ Special Officer of the Primary Cooperative Agriculture and Rural Development Bank.
Step-2:
 In the application form, fill in all the mandatory fields, paste the passport-sized photograph (signed across, if required), and attach copies of all the mandatory documents (self-attest, if required).
Step-3: 
Submit the duly filled and signed application form along with the documents to the concerned authority.
Step-4: 
Request a receipt or acknowledgment from the concerned authority to whom the application has been submitted. Ensure that the receipt contains essential details such as the date and time of submission, a unique identification number (if applicable).","- Identity proof (Aadhaar, PAN card, etc.).
- Address proof.
- Proof of involvement in Sericulture activities (if required).
- Any other documents (if required).","Q: What is the objective of this scheme?
A: The scheme provides loans to farmers for sericulture activities in irrigated areas, with a loan amount ranging from ₹49,000/- to ₹79,000/- per acre, and interest rates from 11% to 12.75%.

Q: What is the loan amount offered under this scheme?
A: The loan amount ranges from ₹49,000/- to ₹79,000/- per acre.

Q: What is the interest rate on the loan?
A: The interest rate varies between 11% and 12.75%, subject to change.

Q: Who is eligible for this loan?
A: Farmers involved in sericulture within irrigated areas are eligible.

Q: What documents are required to apply?
A: Documents required include proof of identity, land ownership, proof of sericulture activity etc.

Q: Is there any age or income limit for applicants?
A: No, there are no specified age or income limits.

Q: How can one apply for this loan?
A: Applications can be submitted at the nearest Primary Cooperative Agriculture and Rural Development Bank branch.

Q: Can this loan be used for non-sericulture purposes?
A: No, the loan is specifically meant for sericulture in irrigated areas.

Q: Is the interest rate fixed?
A: The interest rate is subject to change and may vary from 11% to 12.75%.

Q: Are there any additional charges or fees?
A: Any applicable fees (if applicable) will be communicated by the bank at the time of application.",- [Guidelines](https://www.tn.gov.in/scheme_details.php?id=OTM3),,"{""dbtScheme"": false, ""implementingAgency"": null, ""schemeType"": null, ""closeDate"": null, ""priority"": 1}"
National Mission on Edible Oils- Oil Palm,NMEO OP,nmeo-op,Central,"Andhra Pradesh, Telangana, Chhattisgarh, Tamil Nadu, Kerala, Gujarat, Karnataka, Odisha, Mizoram, Nagaland, Assam, Arunachal Pradesh, Manipur, Goa, Tripura","Agriculture,Rural & Environment","Oil Palm, Area Expansion, Oil Palm Mill, Seed Garden, Seed Nursery, Processor",Ministry Of Agriculture and Farmers Welfare,Infra,https://www.myscheme.gov.in/schemes/nmeo-op,"The Mission was launched with the aim to enhance the edible oilseeds production and oils availability in the country by harnessing Oil Palm area expansion, increasing CPO production and to reduce import burden on edible oils. ","The State Department of Agriculture, State Department of Horticulture, Central University, ICAR Institutions, CDDs, SAUs, KVKs, Central Agencies/Cooperatives, Oil palm processors/ Associations, DD Kisan, etc. will be the implementing stake holders of the NMEO-Oil palm.
The Department of Agriculture/Horticulture of the State Governments will be the Nodal agency for undertaking area expansion programme of Oil Palm in their States with close partnership with Processors. The processors are also eligible for setting up of seed gardens and seed nurseries, distribution of planting material etc. 
The funds will be released to the State Departments of Agriculture/Horticulture through their respective State Governments. DBT will be used for transfer of funds to the State /Agencies/ Farmers/Processors/SAUs. The private sectors and NGOs could be involved through the State Department of Agriculture, Horticulture &amp; ICAR.
Assistance will be provided for the following components:
•	Area Expansion
•	Planting Material
•	Maintenance
•	Intercropping
•	Drip irrigation/ Pump-set/ Borewell/ Water harvesting structure
•	Harvesting Tools
•	Custom Hiring Center
•	Seed Gardens
•	Seed Nursery
•	Oil Palm processing Mill
•	Replanting of Oil Palm garden
•	Half moon terrace
•	Fencing
","The scheme targets to provide following benefits:
1)	Enhance production and productivity of oilpalm
2)	Promotion and extension of improved technologies.
3)	Provision of quality planting material
4)	Support for nutrient management and pest management
5)	Provision of various components for Interventions covering farm implements/ machines, capacity building of farmers, water carrying pipes, Fertigation, harvesting technology, etc.
","> Anyone is eligible to apply under the scheme.

<br>

","<br>

","Mode: Offline
Step 01: Interested beneficiary can get in touch with District Agriculture Officer / Block Agriculture Officer to apply for the scheme. 
Step 02: SLSC will finalise the entrepreneur’s proposals received from the districts. The allocation of funds to the States would be made on the basis of their Annual Action Plan (AAP).
Step 03: State government shall sanction and release funds to the district.
Step 04: District agriculture department will allocate funds to individual beneficiaries","1) ID Proof
2)	Land documents
3)	Bank details
4)	Photographs
The specific documents for availing the benefits of the program may vary depending on the type of intervention and the state. It is recommended to consult with the relevant authorities for detailed information on documents to be submitted.","Q: What is the fund flow mechanism for the scheme?
A: Release of Central and States’ share for this scheme will be through PFMS system. Both the GoI and State share of funds shall be transferred through defined mechanism of PFMS.

Q: Is there a role of Panchayati Raj Institutions (PRIs) under the scheme?
A: The State Governments may develop a sound mechanism for involvement of PRIs in the formulation, prioritization of activities & identification of beneficiaries at grass root level and ensure involvement of NGOs, Self Help Groups and Private companies for selection of beneficiary, identification and mapping of priority areas, liaising with processors, state officials and SAUs, etc.

Q: What is the role of processors in the Mission?
A: The processors are eligible for setting up of seed gardens and nurseries, distribution of planting material etc. The processors will submit their oil palm area expansion target and component wise Annual Action Plan (AAP) to the State for its implementation in the state.

Q: Is there any age criteria for availing scheme benefits?
A: Any farmer who owns the land can avail benefits under the scheme.

Q: Is there a preference for certain gender /caste of farmers?
A: All farmers are to be considered under the scheme, however, the resources for Schedule Caste (17%) and Schedule Tribe (8%) will be earmarked for utilization under all the components of NMEO.

Q: Is there an area restriction?
A: No area restriction is applicable for individual farmers for availing subsidy/ intervention.

Q: Are farmers provided assistance for nutrient and pest management?
A: Yes, financial assistance is available for nutrient management and pest management practices to ensure healthy crop growth.

Q: Does the scheme support the purchase of farm equipment?
A: Yes, assistance is provided for various farm implements, machinery, harvesting technologies, and other interventions related to oil palm cultivation.

Q: Is training provided to oil palm farmers under the scheme?
A: Yes, the scheme includes capacity-building activities, training programs, and extension services to promote improved cultivation practices.",- [Guidelines](https://nmeo.dac.gov.in/nmeodoc/NMEO-OPGUIEDELINES.pdf),,"{""dbtScheme"": false, ""implementingAgency"": ""State Government Department"", ""schemeType"": {""value"": ""centrally-sponsored-scheme"", ""label"": ""Centrally Sponsored Scheme""}, ""closeDate"": null, ""priority"": 3}"
Integrated Scheme for Export Promotion & Quality Improvement in Spices and Research and Development of Cardamom: Post-Harvest Improvement: ICCD for Small Cardamom (nos) (Improved Cardamom Curing Devices),ISFEPQIISARADOCPHICDSCNOSICCD,isfepqiisaradocphicdscnosiccd,Central,"Kerala, Tamil Nadu, Karnataka","Agriculture,Rural & Environment, Business & Entrepreneurship","Small Cardamom, Spices Board, Agriculture, Farming, Farmer",Ministry Of Commerce And Industry,Individual,https://www.myscheme.gov.in/schemes/isfepqiisaradocphicdscnosiccd,"The scheme aims to encourage cardamom growers to adopt Improved Cardamom Curing Devices (ICCD) for drying small cardamom, thereby improving the quality of the produce and making it more suitable for export.","The Integrated Scheme for Export Promotion &amp; Quality Improvement in Spices and Research &amp; Development of Cardamom: Post-Harvest Improvement – Improved Cardamom Curing Devices (ICCD) for Small Cardamom (Nos.) is implemented by the Spices Board India under the Ministry of Commerce and Industry, Government of India. The scheme aims to encourage cardamom growers to adopt Improved Cardamom Curing Devices (ICCD) for drying small cardamom, thereby improving the quality of the produce and making it more suitable for export. It is being implemented in accordance with the modalities and guidelines approved by the Competent Authority under the Integrated Scheme for Export Promotion &amp; Quality Improvement in Spices and Research &amp; Development of Cardamom during the 15th Finance Commission period (2021–22 to 2025–26).
<br>

","
- 33.33 % of cost of unit, subject to a maximum of ₹ 1,50,000/- per unit for General Category and 75% subject to maximum of ₹ 3,37,500, per unit for SC/ST &amp; 90% Spice Producer&#39;s Groups in Identified Clusters subject to maximum of ₹ 4,00,000/-
- Registered cardamom growers having a land holding size of 0.40 ha to 8 ha Assistance for groups/FPOs will be as in QGBG

<br>

","1. The applicant should belong to Kerala, Tamil Nadu &amp; Karnataka.
2. Designated Officials will conduct final inspection and recommend the eligible cases.
<br>

","<br>

","Mode: Online
Registration
Step 1: The applicant should visit the 
ServicesPlus
 website.
Step 2: Click on the “
Register” 
option on the homepage.
Step 3: Fill out the registration form by entering Full Name, Email ID, Mobile Number, Password, selecting State, and Captcha.
Step 4: Review all details carefully and submit the registration form.
Step 5: An OTP will be sent to your registered mobile number or email; enter the OTP and click “Verify.”
Step 6: Registration will be completed successfully, and a confirmation message will be displayed or sent via email.
Login
Step 1: The applicant should visit the ServicesPlus website and click on 
“Login.”
Step 2: Enter your Email ID, Password, and Captcha.
Step 3: Select the relevant service/scheme name.
Step 4: Fill in the required details in the application form.
Step 5: Submit the application.","a) Aadhaar Card
b) Current year land tax receipt / chitta adangal
c) Bank Pass book
d) CR/ACR
d) Invoice and payment documents towards purchase from valid manufacturer of the equipment/device empaneled by Spices Board","Q: What is the ICCD for Small Cardamom scheme?
A: The scheme provides financial assistance to registered cardamom growers for installing Improved Cardamom Curing Devices (ICCD) to improve the quality of dried cardamom and enhance its export potential.

Q: Which organization implements this scheme?
A: The scheme is implemented by the Spices Board India under the Ministry of Commerce and Industry, Government of India.

Q: What is the objective of the scheme?
A: The objective is to encourage growers to adopt improved curing technologies for drying cardamom and producing high-quality cardamom suitable for export markets.

Q: Who is eligible to apply for assistance under the scheme?
A: Registered cardamom growers having a landholding size between 0.40 hectares and 8 hectares are eligible to apply.

Q: In which states is the scheme available?
A: The scheme is available in the cardamom-growing states of Kerala, Tamil Nadu, and Karnataka.

Q: What subsidy is available for General Category beneficiaries?
A: General Category beneficiaries can receive 33.33% of the unit cost, subject to a maximum subsidy of ₹1,50,000 per unit.

Q: What subsidy is available for SC/ST beneficiaries?
A: SC/ST beneficiaries are eligible for 75% of the unit cost, subject to a maximum subsidy of ₹3,37,500 per unit.

Q: What subsidy is available for Spice Producer Groups in identified clusters?
A: Spice Producer Groups in identified clusters can receive 90% of the unit cost, subject to a maximum subsidy of ₹4,00,000 per unit.

Q: Is it mandatory to purchase the curing device from an approved manufacturer?
A: Yes. The equipment must be purchased from a valid manufacturer empaneled by the Spices Board.","- [Guidelines](https://www.indianspices.com/export_oriented_prod.html)
- [Application Portal](https://serviceonline.gov.in/dbt/login.do)",,"{""dbtScheme"": false, ""implementingAgency"": null, ""schemeType"": {""value"": ""centrally-sponsored-scheme"", ""label"": ""Centrally Sponsored Scheme""}, ""closeDate"": null, ""priority"": 1}"
Farmers Interest Group (FIG),FIG,fig,State,Tamil Nadu,"Agriculture,Rural & Environment","Agriculture, Farmer, Farmers Interest Group, FIG",,Infra,https://www.myscheme.gov.in/schemes/fig,"The “Farmers Interest Group (FIG)” scheme supports every group of 15 farmers with grants for agricultural development. The scheme offers assistance for office equipment, training, ID cards, and district-level meetings.
","The “Farmers Interest Group (FIG)” scheme, by the Agriculture-Farmers Welfare Department, Tamil Nadu, supports every group of 15 farmers with grants for agricultural development. The scheme offers financial assistance for purchasing office equipment, training, ID cards, and district-level meetings.
&lt;br&gt;

","
  - **Office Equipment:** ₹5,000/- per group for purchasing office equipment, technical bulletins, and setting up a library.  - **Training and Skill Acquisition:** ₹4000/- per group for training and skill acquisition by farmer members.  - **ID Cards:** ₹400/- per group for issuing ID cards to members.  - **District-Level Meetings:** ₹20,000/- per group for conducting district-level meetings.
","
  - The beneficiary should be a Farmer.
  - The beneficiary should be a resident of Tamil Nadu.
  - The beneficiary should be part of a Farmer’s group of 15 farmers.

","<br>

","Mode: Offline
Step 1:
 Collect the application form from the nearest Agricultural Office.
Step 2: 
Fill out the application form with the required details and attach mandatory documents (self-attested, if required). 
Step 3: 
Submit the form to the concerned office:
Village Level:
 Submit the application to the Assistant Agricultural Officer.
Block Level:
 Submit to the Agricultural Officer or Deputy Agricultural Officer.
District Level: 
Submit to the Joint Director of Agriculture.","- Proof of Identity (Aadhar Card, Voter ID, etc.).
- Proof of Land Ownership.
- Group registration details.
- Any other documents (if required).","Q: What is the ""Farmers Interest Group (FIG)” scheme?
A: The “Farmers Interest Group (FIG)” scheme supports every group of 15 farmers with grants for agricultural development. The scheme offers assistance for office equipment, training, ID cards, and district-level meetings.

Q: Who can apply for the FIG scheme?
A: Any group of 15 registered farmers involved in agricultural activities is eligible to apply for the FIG scheme.

Q: What type of financial assistance does the FIG scheme provide?
A: The FIG scheme provides grants for purchasing office equipment, technical bulletins, setting up a library, training, issuing ID cards, and for district-level meetings.

Q: What is the maximum amount of assistance a group can receive for office equipment?
A: A group can receive up to ₹5,000/- for purchasing office equipment.

Q: How much funding is available for training and skill acquisition?
A: The scheme provides ₹4,000/- per group for training and skill acquisition.

Q: Is there a specific amount allocated for issuing ID cards under the scheme?
A: Yes, ₹400/- per group is allocated for issuing ID cards.

Q: How much support is provided for district-level meetings?
A: The scheme provides ₹20,000/- per meeting for district-level meetings.

Q: Where should the application for the FIG scheme be submitted?
A: Applications should be submitted to the Assistant Agricultural Officer at the village level, Agricultural Officer or Deputy Agricultural Officer at the block level, Assistant Director of Agriculture at the block level, or the Joint Director of Agriculture at the district level.

Q: What documents are required to apply for the FIG scheme?
A: Applicants need to provide proof of farmer status, group registration details, identity proof, and a completed application form signed by all group members.

Q: Is there a minimum group size required for eligibility?
A: Yes, the group must consist of at least 15 members.

Q: Can individual farmers apply for the FIG scheme?
A: No, the scheme is designed for groups of farmers rather than individual farmers.

Q: What is the purpose of the grant for office equipment under the FIG scheme?
A: The grant for office equipment is intended to help farmer groups with administrative tasks and enhance their organizational efficiency.

Q: Are there any restrictions on how the training funds can be used?
A: The training funds should be used for acquiring skills relevant to agriculture and improving the capacity of group members.

Q: How does a farmer group register for the FIG scheme?
A: A farmer group must submit an application to the relevant agricultural officers, including necessary documentation and proof of their status as a registered group of farmers.",- [Guidelines](https://www.tn.gov.in/scheme/data_view/6850),,"{""dbtScheme"": false, ""implementingAgency"": null, ""schemeType"": null, ""closeDate"": null, ""priority"": 3}"
Integrated Pest Management Demonstration Cum Training,IPMDCT,ipmdct,State,Tamil Nadu,"Agriculture,Rural & Environment","Agriculture, Farmer, Integrated Pest Management, Training",,Infra,https://www.myscheme.gov.in/schemes/ipmdct,"The “Integrated Pest Management Demonstration Cum Training” scheme provides financial assistance for 30 farmers to conduct pest management demonstrations and training using a cluster approach in Farmer Field Schools.
","The “Integrated Pest Management Demonstration Cum Training” scheme by the Agriculture-Farmers Welfare Department, Tamil Nadu, supports pest management practices through demonstrations and training in Farmer Field Schools. Financial assistance is granted for each 40-hectare demonstration and training cluster. The scheme aims to enhance pest control knowledge among farmers, helping them manage pests effectively while reducing reliance on chemical pesticides.
","
  - **For Farmer Field Schools:** Financial Assistance: Grants of ₹17,000/- is allowed towards Demonstration of 40 Ha. each and Training per Farmers Field School through cluster approach.  - **For Farmers:** Training &amp;amp; Demonstration: Hands-on training in pest management through Farmer Field Schools.
<br>

","&gt; **For Farmer:**


  - The beneficiary should be a Farmer.
  - The beneficiary should be a resident of Tamil Nadu.
  - The beneficiary should be willing to adopt Integrated Pest Management practices.

&gt; **For Farmer Field Schools:**


  - The entity/organization should be a Farmer Field School.
  - The entity/organization should be interested in conducting a Demonstration and Training program for the Farmers.

","<br>

","Mode: Offline
Step 1:
 Collect the application form from the nearest Agricultural Office.
Step 2: 
Fill out the application form with the required details and attach mandatory documents (self-attested, if required). 
Step 3: 
Submit the form to the concerned office:
Village Level:
 Submit the application to the Assistant Agricultural Officer.
Block Level:
 Submit to the Agricultural Officer or Deputy Agricultural Officer.
District Level: 
Submit to the Joint Director of Agriculture.","For Farmer:
- Identity Proof (Aadhar Card, Voter ID)
- Address Proof (Electricity bill, Ration card)
- Land Ownership Proof
- Any other documents (if required).
Farmer Field Schools:
- Registration Details of the Organization.
- Any other documents (if required).","Q: What is the objective of the “Integrated Pest Management Demonstration Cum Training” scheme?
A: The scheme aims to provide financial assistance to farmers for demonstrating effective pest management practices through training and field demonstrations.

Q: How much funding is provided under the scheme?
A: A total of ₹17,000/- is provided for 30 farmers for each demonstration and training.

Q: Who is eligible to apply for the financial benefits?
A: Farmers Field School is eligible for the financial benefits.

Q: Who is eligible to apply for the demonstration and training program?
A: All farmers are eligible, with no specific income or age requirements.

Q: How do farmers benefit from this scheme?
A: Farmers receive training to implement pest management practices, helping reduce chemical pesticide use.

Q: How to apply for the scheme?
A: Applications can be submitted to the Assistant Agricultural Officer at the Village Level, Agricultural Officer/Deputy Agricultural Officer at the Block Level, or the Joint Director of Agriculture at the District Level.

Q: What documents are required to apply for the demonstration and training program?
A: Farmers need to submit identity proof, address proof, land ownership proof, and the application form.

Q: How many farmers can participate in one training and demonstration session?
A: The scheme covers 30 farmers per training and demonstration session.

Q: What is the coverage area for each demonstration?
A: Each demonstration is conducted over 40 hectares of farmland.

Q: What kind of training will farmers receive?
A: Farmers will be trained on Integrated Pest Management (IPM) techniques, including sustainable and eco-friendly methods of pest control.

Q: Is this scheme available to farmers across all districts?
A: Yes, the scheme is open to farmers from various districts of Tamil Nadu.

Q: What is the cluster approach used in this scheme?
A: The cluster approach involves grouping nearby farmers together for joint training and demonstrations on pest management practices.",- [Guidelines](https://www.tn.gov.in/scheme/data_view/6848),,"{""dbtScheme"": false, ""implementingAgency"": null, ""schemeType"": null, ""closeDate"": null, ""priority"": 3}"
Generator Subsidy-Tamil Nadu,GSTN,gstn,State,Tamil Nadu,"Agriculture,Rural & Environment","Agriculture, Generator, Subsidy, Manufacture",,Infra,https://www.myscheme.gov.in/schemes/gstn,"The “Generator Subsidy” scheme provides a 25% subsidy on the cost of generator sets up to 125 KVA capacity for manufacturers in Tamil Nadu.
","The “Generator Subsidy” scheme provides a 25% subsidy or maximum ₹1,50,000/- on the cost of generator sets up to 125 KVA capacity for manufacturers in Tamil Nadu. The subsidy must be claimed within six months from the date of purchase or installation of the generator.
&lt;br&gt;

","**Quantum of Assistance:** 25% subsidy or maximum ₹1,50,000/- on the cost of generator sets (up to 125 KVA capacity).
&lt;br&gt;

","
  - Beneficiaries must be new and existing Micro, Small and Medium Manufacturing Enterprises.
  - The generator set must have a capacity of up to 125 KVA.
  - Subsidy claims must be made within six months from the date of purchase or installation.

","<br>

","Mode: Offline
- Collect and submit the application form to the below-mentioned office address:
Regional Joint Director of Industries and Commerce Industrial Estate,
Chennai-600 032
Telephone: 044-22501622/22501625
E-mail address: rjdchn@gmail.com
Website address: 
http://www.rjdchn.in/
 ","- Proof of purchase or installation of the generator set.
- Invoice and receipt of the generator.
- Proof of enterprise registration (MSME registration certificate).
- Bank account details for subsidy transfer.
- Installation certificate from a certified technician.
- Any other documents (if required).","Q: What is the ""Generator Subsidy"" scheme?
A: The Generator Subsidy scheme provides a 25% subsidy or maximum ₹1,50,000/- on the cost of generator sets up to 125 KVA capacity for Micro, Small, and Medium Manufacturing Enterprises (MSMEs) in Tamil Nadu.

Q: Who is eligible for the Generator Subsidy?
A: New and existing Micro, Small, and Medium Manufacturing Enterprises (MSMEs) registered in Tamil Nadu are eligible.

Q: What is the maximum capacity of the generator covered under the scheme?
A: The scheme provides a subsidy for generator sets with a capacity of up to 125 KVA.

Q: How much subsidy is provided under the scheme?
A: A 25% subsidy is provided on the cost of the generator set.

Q: How long is the subsidy claim period?
A: The subsidy claim must be made within 6 months from the date of purchase or installation of the generator set.

Q: What documents are required to apply for the subsidy?
A: Applicants must provide proof of purchase, an installation certificate, an MSME registration certificate, and bank account details for the transfer of the subsidy.

Q: Is the subsidy available for both new and existing MSMEs?
A: Yes, both new and existing MSME manufacturing enterprises in Tamil Nadu are eligible.

Q: Is there a deadline to apply for the subsidy after purchasing or installing the generator?
A: Yes, the subsidy must be claimed within 6 months of purchasing or installing the generator set.

Q: Can the subsidy be availed for multiple generators?
A: The subsidy is available for generator sets up to 125 KVA, but manufacturers should verify if multiple generators are covered based on their enterprise’s requirements.

Q: What happens if an MSME misses the six-month deadline for applying?
A: If the deadline is missed, the MSME will no longer be eligible for the subsidy.

Q: Where can manufacturers submit their applications for the Generator Subsidy?
A: Applications along with the required documents must be submitted to the relevant state authority in Tamil Nadu Regional Joint Director of Industries and Commerce Industrial Estate, Chennai-600 032.","- [Guidelines](https://www.tn.gov.in/scheme/data_view/19674)
- [Guidelines (Refer Page No. 10)](https://cms.tn.gov.in/sites/default/files/schemes/msme_14.pdf)",,"{""dbtScheme"": false, ""implementingAgency"": null, ""schemeType"": null, ""closeDate"": null, ""priority"": 3}"
Distribution of Certified Seeds of Maize,DOCSOM,docsom,State,Tamil Nadu,"Agriculture,Rural & Environment","Agriculture, Farmer, Seed Distribution, Maize, Subsidy",,Infra,https://www.myscheme.gov.in/schemes/docsom,"The ""Distribution of Certified Seeds of Maize"" scheme by the Agriculture-Farmers Welfare Department, Tamil Nadu offers a subsidy to maize-growing farmers in specific districts of the state, providing financial assistance for purchasing certified maize seeds.

","The &amp;quot;Distribution of Certified Seeds of Maize&amp;quot; scheme by the Agriculture-Farmers Welfare Department, Tamil Nadu, is aimed at maize-growing farmers across selected districts in Tamil Nadu, offering a subsidy of the seed cost. The scheme ensures a 24% flow of benefits to SC/ST farmers and 20% to women farmers or women groups, with preference given to small and marginal farmers.
&lt;br&gt;

","
  - **Subsidy on Certified Seeds:** Farmers can receive 50% of the cost of certified maize seeds, with a cap of ₹1,200/- per quintal, whichever is less.
","
  - The beneficiary should be a Farmer.
  - The beneficiary should be a resident of Tamil Nadu.
  - The beneficiary should be growing maize in the specified districts of Tamil Nadu: Coimbatore, Dindigul, Erode, Dharmapuri, Krishnagiri, Namakkal, Perambalur, Virudhunagar, Theni, Villupuram, Vellore, Salem, Pudukkottai, Madurai, Sivagangai, Trichy, Tirunelveli, and Thoothukudi.

&gt; **Note:** Preference will be given to Small/Marginal farmers 24% flow to SC/ST farmers will be ensured 20% flow to women farmers/ women groups.

",,"Mode: Offline
Step 1:
 Collect the application form from the nearest Agricultural Office.
Step 2: 
Fill out the application form with the required details and attach mandatory documents (self-attested, if required). 
Step 3: 
Submit the form to the concerned office:
Village Level:
 Submit the application to the Assistant Agricultural Officer.
Block Level:
 Submit to the Agricultural Officer or Deputy Agricultural Officer.
District Level: 
Submit to the Joint Director of Agriculture.","- Proof of identity (Aadhaar card, Voter ID, etc.).
- Proof of land ownership or tenancy.
- Recent photograph.
- Caste certificate (for SC/ST applicants).
- Documents proving membership in women’s groups (if applicable).
- Bank account details.
- Any other documents (if required).","Q: What is the ""Distribution of Certified Seeds of Maize"" scheme?
A: The ""Distribution of Certified Seeds of Maize"" scheme is a state-sponsored initiative that provides a subsidy to maize-growing farmers in select districts of Tamil Nadu, helping them purchase certified maize seeds.

Q: Which districts are covered under this scheme?
A: The scheme covers the districts of Coimbatore, Dindigul, Erode, Dharmapuri, Krishnagiri, Namakkal, Perambalur, Virudhunagar, Theni, Villupuram, Vellore, Salem, Pudukkottai, Madurai, Sivagangai, Trichy, Tirunelveli, and Thoothukudi.

Q: How much subsidy is provided under this scheme?
A: Farmers can receive a subsidy covering 50% of the cost of certified maize seeds, with a maximum limit of ₹1,200/- per quintal.

Q: Who is eligible to apply for this scheme?
A: The scheme is open to all maize-growing farmers in the specified districts, with priority given to small/marginal farmers, SC/ST farmers, and women farmers or women groups.

Q: How can farmers apply for the subsidy?
A: Farmers can apply by submitting their applications to the Assistant Agricultural Officer at the village level, the Agricultural Officer or Deputy Agricultural Officer at the block level, or the Joint Director of Agriculture at the district level.

Q: What documents are required to apply for this scheme?
A: Applicants must submit proof of identity, proof of land ownership or tenancy, a recent photograph, a caste certificate (for SC/ST applicants), and documents proving membership in women’s groups (if applicable).

Q: Is there a deadline for applying for the subsidy?
A: The scheme does not specify a deadline, but it is advisable for farmers to apply as early as possible during the planting season.

Q: Is there a limit to the quantity of seeds that can be purchased under this scheme?
A: The scheme does not specify a limit on the quantity of seeds, but the subsidy is capped at ₹1,200/- per quintal.

Q: Are there special provisions for women farmers?
A: Yes, 20% of the scheme's benefits are reserved for women farmers or women groups.

Q: What benefits are available to SC/ST farmers under this scheme?
A: The scheme ensures that 24% of the benefits are reserved for SC/ST farmers.

Q: Can small or marginal farmers apply for this scheme?
A: Yes, the scheme gives preference to small and marginal farmers in the selection process.

Q: What role does the Agricultural Officer play in this scheme?
A: The Agricultural Officer at the block level assists in processing applications, verifying eligibility, and facilitating the distribution of subsidized seeds.",- [Guidelines](https://www.tn.gov.in/scheme/data_view/6853),,"{""dbtScheme"": false, ""implementingAgency"": null, ""schemeType"": null, ""closeDate"": null, ""priority"": 3}"
