Scheme Name,Short Title,Slug,Level,State/UT,Categories,Tags,Nodal Ministry,Scheme For,URL,Brief Description,Details,Benefits,Eligibility,Exclusions,Application Process,Documents Required,Frequently Asked Questions,Sources And References,Images,Other Info
ரைசோபியம் பாக்கெட்டுகள்-எண்ணெய் வித்துக்கள் விநியோகம்,DORPO,dorpo,State,Tamil Nadu,"Agriculture,Rural & Environment","விவசாயம், விவசாயி, ரைசோபியம், எண்ணெய் வித்துக்கள், மானியம்",,Individual,https://www.myscheme.gov.in/ta/schemes/dorpo,"""ரைசோபியம் பாக்கெட்டுகள்-எண்ணெய் வித்துக்கள் விநியோகம்"" திட்டம், அறுவடை மற்றும் சான்றளிக்கப்பட்ட வகுப்பு விதைகளை உற்பத்தி செய்து வழங்கும் தகுதியான விவசாயிகளுக்கு ரைசோபியம் விலையில் மானியத்தை வழங்குகிறது.","தமிழ்நாடு வேளாண்மை-விவசாயிகள் நலத் துறையின் ""ரைசோபியம் பாக்கெட்டுகள்-எண்ணெய் வித்துக்கள் விநியோகம்"" திட்டம், விவசாயிகளுக்கு ரைசோபியம் விலையில் மானியத்தை வழங்குகிறது. அறக்கட்டளை மற்றும் சான்றளிக்கப்பட்ட வகை விதைகளை உற்பத்தி செய்து விவசாயத் துறைக்கு வழங்கும் விவசாயிகளை இது குறிவைக்கிறது.",- * உதவியின் அளவு: * ரைசோபியம் விலைக்கு 50 சதவீதம் அல்லது ஹெக்டேருக்கு ரூ. 100/- இதில் எது குறைவோ அது,பயனாளி ஒரு விவசாயியாக இருக்க வேண்டும். பயனாளி தமிழ்நாட்டில் வசிப்பவராக இருக்க வேண்டும். பயனாளி அறக்கட்டளை மற்றும் சான்றளிக்கப்பட்ட வகுப்பு விதைகளை உற்பத்தி செய்து துறைக்கு வழங்க வேண்டும். பிஆர் & ஜிடி;,,"விண்ணப்பிக்கும் முறை: நேரில் (Offline)
படி 1:
அருகிலுள்ள வேளாண் அலுவலகத்திலிருந்து விண்ணப்பப் படிவத்தை சேகரிக்கவும்.
படி 2:
தேவையான விவரங்களுடன் விண்ணப்பப் படிவத்தை பூர்த்தி செய்து, கட்டாய ஆவணங்களை இணைக்கவும் (தேவைப்பட்டால் சுய சான்றளிக்கப்பட்டவை).
படி 3:
படிவத்தை சம்பந்தப்பட்ட அலுவலகத்திற்கு சமர்ப்பிக்கவும்:
கிராம மட்டம்:
உதவி வேளாண் அலுவலரிடம் விண்ணப்பத்தை சமர்ப்பிக்கவும்.
தொகுதி நிலை:
வேளாண் அதிகாரி அல்லது துணை வேளாண் அதிகாரியிடம் சமர்ப்பிக்கவும்.
மாவட்ட அளவில்:
வேளாண்மை இணை இயக்குநரிடம் சமர்ப்பிக்கவும்.","- அடையாளச் சான்று (ஆதார் அட்டை, வாக்காளர் அடையாள அட்டை போன்றவை).
- நில உரிமையின் சான்று.
- விதை உற்பத்தி மற்றும் விநியோகச் சான்றிதழ் துறைக்கு வழங்குதல்.
- வங்கிக் கணக்கு விவரங்கள்.
- வேறு ஏதேனும் ஆவணங்கள் (தேவைப்பட்டால்).","Q: ""ரைசோபியம் பாக்கெட்டுகள்-எண்ணெய் வித்துக்கள் விநியோகம்"" திட்டம் என்றால் என்ன?
A: ""ரைசோபியம் பாக்கெட்டுகள்-எண்ணெய் வித்துக்கள் விநியோகம்"" திட்டம், அறுவடை மற்றும் சான்றளிக்கப்பட்ட வகுப்பு விதைகளை உற்பத்தி செய்து வழங்கும் தகுதியான விவசாயிகளுக்கு ரைசோபியம் விலையில் மானியத்தை வழங்குகிறது.

Q: இந்தத் திட்டத்திற்கு யார் தகுதியானவர்கள்?
A: அறக்கட்டளை மற்றும் சான்றளிக்கப்பட்ட வகை விதைகளை உற்பத்தி செய்து துறைக்கு வழங்கும் விவசாயிகள் தகுதியானவர்கள்.

Q: இந்தத் திட்டத்திற்கு விண்ணப்பிக்க என்ன ஆவணங்கள் தேவை?
A: விண்ணப்பதாரர் அடையாளச் சான்று, நில உரிமை, விதை உற்பத்தி மற்றும் வழங்கல் சான்றிதழ் மற்றும் வங்கி விவரங்களை வழங்க வேண்டும்.

Q: விண்ணப்பத்தை எங்கே சமர்ப்பிக்க வேண்டும்?
A: விண்ணப்பங்களை கிராம அளவில் உள்ள உதவி வேளாண் அதிகாரி அல்லது வட்டார அளவில் உள்ள வேளாண் அதிகாரி/துணை வேளாண் அதிகாரிக்கு சமர்ப்பிக்க வேண்டும்.

Q: எவ்வளவு மானியம் வழங்கப்படும்?
A: ரைசோபியம் விலைக்கு 50 சதவீதம் மானியம் அல்லது ஒரு ஹெக்டேருக்கு ரூ. 100/- இதில் எது குறைவோ அது வழங்கப்படும்.

Q: ரைசோபியம் என்றால் என்ன, அது பயிர்களுக்கு எவ்வாறு பயனளிக்கிறது?
A: ரைசோபியம் என்பது ஒரு மண் பாக்டீரியா ஆகும், இது நைட்ரஜனை சரிசெய்கிறது, மண்ணின் வளம் மற்றும் பயிர் விளைச்சலை மேம்படுத்துகிறது.

Q: இந்தத் திட்டத்திற்கு விண்ணப்பிக்க வயது வரம்பு உள்ளதா?
A: இந்தத் திட்டத்திற்கு வயது வரம்பு எதுவும் குறிப்பிடப்படவில்லை.

Q: எந்தவொரு சமூகத்திலிருந்தும் விண்ணப்பதாரர்கள் விண்ணப்பிக்க முடியுமா?
A: ஆம், இந்தத் திட்டம் அனைத்து சமூகங்களைச் சேர்ந்த விவசாயிகளுக்கும் திறந்திருக்கும்.

Q: தகுதி பெற ஒரு குறிப்பிட்ட வகை விதைகளை உற்பத்தி செய்வது அவசியமா?
A: ஆம், விண்ணப்பதாரர் அறக்கட்டளை மற்றும் சான்றளிக்கப்பட்ட வகுப்பு விதைகளை உற்பத்தி செய்து துறைக்கு வழங்க வேண்டும்.

Q: விண்ணப்பம் நிராகரிக்கப்பட்டால் என்ன செய்ய வேண்டும்?
A: மேலும் உதவி மற்றும் தெளிவுபடுத்தலுக்காக விண்ணப்பதாரர் சம்பந்தப்பட்ட விவசாய அதிகாரியைத் தொடர்பு கொள்ளலாம்.",- [வழிகாட்டுதல்கள்](https://www.tn.gov.in/scheme/data_view/7616),,"{""dbtScheme"": false, ""implementingAgency"": null, ""schemeType"": null, ""closeDate"": null, ""priority"": 1}"
மூலத்திலிருந்து வயல்-பருப்புகளுக்கு தண்ணீரை எடுத்துச் செல்லும் குழாய்கள்,PCWFSTFPI,pcwfstfpi,State,Tamil Nadu,"Agriculture,Rural & Environment","விவசாயம், விவசாயி, நீர்ப்பாசனம், குழாய்கள், பருப்புகள் ஐ. எஸ். பி. ஓ. எம்",,Individual,https://www.myscheme.gov.in/ta/schemes/pcwfstfpi,"இந்தத் திட்டம் விவசாயிகளுக்கு ஆதாரத்திலிருந்து தங்கள் வயல்களுக்கு தண்ணீரை எடுத்துச் செல்ல குழாய்களை நிறுவுவதற்கு மானியங்களை வழங்குகிறது, 50 சதவீத மானியத்தை வழங்குகிறது அல்லது பி. வி. சி, எச். டி. பி. இ மற்றும் பிறவற்றை உள்ளடக்கிய குழாய்களுக்கு (800 மீட்டர் வரை) ரூ. 15,000/- வரை வழங்குகிறது.","தமிழ்நாடு வேளாண்மை-விவசாயிகள் நலத் துறையின் ""மூலத்திலிருந்து வயலுக்கு தண்ணீர் கொண்டு செல்லும் குழாய்கள்-பருப்பு வகைகள்"" திட்டம், 800 மீட்டர் வரை நீர் கொண்டு செல்லும் குழாய்களின் விலையை மானியமாக வழங்குவதன் மூலம் விவசாயிகளுக்கு ஆதரவளிப்பதை நோக்கமாகக் கொண்டுள்ளது. இந்த மானியம் மொத்த செலவில் 50 சதவீதம் அல்லது ரூ. 15,000/- இதில் எது குறைவாக இருந்தாலும் அது ஆகும். குழாய்கள் பி. வி. சி மற்றும் எச். டி. பி. இ உட்பட விவசாயியின் தேவைக்கேற்ப எந்த பொருள் அல்லது அளவிலும் இருக்கலாம். இந்த முன்முயற்சி பண்ணைகளுக்கு நீர் அணுகலை உறுதி செய்வதை நோக்கமாகக் கொண்டுள்ளது.","நிதி உதவி: விவசாயிகளின் தேவைக்கேற்ப அனைத்து வகையான குழாய்கள் (பி. வி. சி. எச். டி. பி. இ. போன்றவை) மற்றும் அனைத்து அளவிலான குழாய்களுக்கு 50 சதவீதம் செலவு அல்லது ரூ. 15,000/- மானியம். & Ltd; பிஆர் & ஜிடி;",பயனாளி ஒரு விவசாயியாக இருக்க வேண்டும்-பயனாளி தமிழ்நாட்டில் வசிப்பவராக இருக்க வேண்டும்.,<பிஆர்>,"விண்ணப்பிக்கும் முறை: நேரில் (Offline)
படி 1:
அருகிலுள்ள வேளாண் அலுவலகத்திலிருந்து விண்ணப்பப் படிவத்தை சேகரிக்கவும்.
படி 2:
தேவையான விவரங்களுடன் விண்ணப்பப் படிவத்தை பூர்த்தி செய்து, கட்டாய ஆவணங்களை இணைக்கவும் (தேவைப்பட்டால் சுய சான்றளிக்கப்பட்டவை).
படி 3:
படிவத்தை சம்பந்தப்பட்ட அலுவலகத்திற்கு சமர்ப்பிக்கவும்:
கிராம மட்டம்:
உதவி வேளாண் அலுவலரிடம் விண்ணப்பத்தை சமர்ப்பிக்கவும்.
தொகுதி நிலை:
வேளாண் அதிகாரி அல்லது துணை வேளாண் அதிகாரியிடம் சமர்ப்பிக்கவும்.
மாவட்ட அளவில்:
வேளாண்மை இணை இயக்குநரிடம் சமர்ப்பிக்கவும்.","- அடையாளச் சான்று (ஆதார் அட்டை, வாக்காளர் அடையாள அட்டை)
- நில உரிமை ஆவணங்கள் அல்லது குத்தகை ஒப்பந்தம்.
- வங்கிக் கணக்கு விவரங்கள்.
- சாதி சான்றிதழ் (பொருந்தினால்).
- பெண் விவசாயிகள் குழு பதிவு ஆவணங்கள் (பொருந்தினால்).
- வேறு ஏதேனும் ஆவணங்கள் (தேவைப்பட்டால்).","Q: ""மூலத்திலிருந்து வயலுக்கு தண்ணீரை எடுத்துச் செல்லும் குழாய்கள்-பருப்பு வகைகள் ஐ. எஸ். பி. ஓ. எம்"" திட்டம் என்றால் என்ன?
A: இந்தத் திட்டம் விவசாயிகளுக்கு ஆதாரத்திலிருந்து தங்கள் வயல்களுக்கு தண்ணீரை எடுத்துச் செல்ல குழாய்களை நிறுவுவதற்கு மானியங்களை வழங்குகிறது, 50 சதவீத மானியத்தை வழங்குகிறது அல்லது பி. வி. சி, எச். டி. பி. இ மற்றும் பிறவற்றை உள்ளடக்கிய குழாய்களுக்கு (800 மீட்டர் வரை) ரூ. 15,000/- வரை வழங்குகிறது.

Q: இந்தத் திட்டத்திற்கு யார் தகுதியானவர்கள்?
A: அனைத்து விவசாயிகளும் தகுதியானவர்கள், எஸ்சி/எஸ்டி விவசாயிகள் மற்றும் பெண் விவசாயிகளுக்கு குறிப்பிட்ட ஒதுக்கீடுகள் ஒதுக்கப்பட்டுள்ளன.

Q: இத்திட்டத்தின் கீழ் வழங்கப்படும் அதிகபட்ச மானியம் என்ன?
A: இந்தத் திட்டம் 50 சதவீத மானியத்தை வழங்குகிறது அல்லது 800 மீட்டர் வரை நீர் எடுத்துச் செல்லும் குழாய்களுக்கு ரூ. 15,000/- வரை வழங்குகிறது.

Q: இந்தத் திட்டத்தின் கீழ் என்ன வகையான குழாய்கள் உள்ளன?
A: இந்தத் திட்டம் விவசாயிகளின் தேவைகளின் அடிப்படையில் பி. வி. சி, எச். டி. பி. இ மற்றும் பிற பொருட்கள் உட்பட அனைத்து வகையான குழாய்களையும் உள்ளடக்கியது.

Q: குழாய்களில் ஏதேனும் அளவு கட்டுப்பாடு உள்ளதா?
A: இல்லை, குழாய்களின் அளவில் எந்த தடையும் இல்லை. விவசாயிகள் தங்கள் தேவைகளுக்கு ஏற்ப எந்த அளவையும் தேர்வு செய்யலாம்.

Q: இந்தத் திட்டத்திற்கு ஒரு விவசாயி எவ்வாறு விண்ணப்பிக்கலாம்?
A: விவசாயிகள் தங்கள் விண்ணப்பத்தை கிராம அளவில் உள்ள உதவி வேளாண் அலுவலரிடம் அல்லது வட்டார அளவில் உள்ள துணை/உதவி வேளாண் இயக்குநரிடம் சமர்ப்பிப்பதன் மூலம் விண்ணப்பிக்கலாம்.

Q: இந்தத் திட்டத்திற்கு விண்ணப்பிக்க என்ன ஆவணங்கள் தேவை?
A: விவசாயிகள் அடையாளச் சான்று, நில உரிமை ஆவணங்கள், விவசாயி அந்தஸ்துக்கான சான்று மற்றும் பொருந்தினால் சமூகச் சான்றிதழ் ஆகியவற்றைச் சமர்ப்பிக்க வேண்டும்.

Q: எஸ்சி/எஸ்டி விவசாயிகளுக்கு சிறப்பு இடஒதுக்கீடு உள்ளதா?
A: ஆம், திட்டத்தின் பலன்களில் 24 சதவீதம் எஸ்சி/எஸ்டி விவசாயிகளுக்கு ஒதுக்கப்பட்டுள்ளது.

Q: பெண் விவசாயிகளுக்கு சிறப்பு சலுகைகள் கிடைக்குமா?
A: ஆம், இத்திட்டத்தின் பலன்களில் 20 சதவீதம் பெண் விவசாயிகள் மற்றும் மகளிர் விவசாய குழுக்களுக்கு ஒதுக்கப்பட்டுள்ளது.

Q: தகுதிக்கு ஏதேனும் வருமானம் அல்லது வயது வரம்பு உள்ளதா?
A: இல்லை, இந்தத் திட்டத்தில் தகுதிக்கான வருமானம் அல்லது வயது வரம்புகள் எதுவும் குறிப்பிடப்படவில்லை.

Q: விவசாயிக்கு மானியத் தொகை எவ்வாறு வழங்கப்படுகிறது?
A: இந்த மானியம் பொதுவாக விவசாயிகளின் வங்கிக் கணக்கில் நேரடியாக செலுத்தப்படுகிறது.

Q: இந்தத் திட்டம் குறித்த கூடுதல் தகவல்களுக்கு யாரை தொடர்பு கொள்ளலாம்?
A: மேலும் விவரங்களுக்கு விவசாயிகள் கிராம அளவில் உள்ள உதவி வேளாண் அதிகாரியையோ அல்லது மாவட்ட அளவில் உள்ள வேளாண்மை இணை இயக்குநரையோ தொடர்பு கொள்ளலாம்.",- [வழிகாட்டுதல்கள்](https://www.tn.gov.in/scheme/data_view/7082),,"{""dbtScheme"": false, ""implementingAgency"": null, ""schemeType"": null, ""closeDate"": null, ""priority"": 1}"
ஆதாரத்திலிருந்து வயலுக்கு தண்ணீரை எடுத்துச் செல்லும் குழாய்கள்,PCWFSF,pcwfsf,State,Tamil Nadu,"Agriculture,Rural & Environment","விவசாயம், விவசாயி, நீர்ப்பாசனம், குழாய்கள்",,Individual,https://www.myscheme.gov.in/ta/schemes/pcwfsf,"இந்தத் திட்டம் விவசாயிகளுக்கு ஆதாரத்திலிருந்து தங்கள் வயல்களுக்கு தண்ணீரை எடுத்துச் செல்ல குழாய்களை நிறுவுவதற்கு மானியங்களை வழங்குகிறது, 50 சதவீத மானியத்தை வழங்குகிறது அல்லது பி. வி. சி, எச். டி. பி. இ மற்றும் பிறவற்றை உள்ளடக்கிய குழாய்களுக்கு (800 மீட்டர் வரை) ரூ. 15,000/- வரை வழங்குகிறது.","தமிழ்நாடு வேளாண்மை-விவசாயிகள் நலத் துறையின் ""ஆதாரத்திலிருந்து வயலுக்குத் தண்ணீர் கொண்டு செல்லும் குழாய்கள்"" திட்டம், 800 மீட்டர் வரை நீர் எடுத்துச் செல்லும் குழாய்களின் விலையை மானியமாக வழங்குவதன் மூலம் விவசாயிகளுக்கு ஆதரவளிப்பதை நோக்கமாகக் கொண்டுள்ளது. இந்த மானியம் மொத்த செலவில் 50 சதவீதம் அல்லது ரூ. 15,000/- இதில் எது குறைவாக இருந்தாலும் அது ஆகும். குழாய்கள் பி. வி. சி மற்றும் எச். டி. பி. இ உட்பட விவசாயியின் தேவைக்கேற்ப எந்த பொருள் அல்லது அளவிலும் இருக்கலாம். இந்த முன்முயற்சி பண்ணைகளுக்கு நீர் அணுகலை உறுதி செய்வதை நோக்கமாகக் கொண்டுள்ளது.","நிதி உதவி: விவசாயிகளின் தேவைக்கேற்ப 50 சதவீதம் செலவில் மானியம் அல்லது 800 மீட்டர் வரை நீர் கொண்டு செல்லும் குழாய்கள் மற்றும் அனைத்து வகையான குழாய்கள் (பி. வி. சி எச். டி. பி. இ போன்றவை) மற்றும் அனைத்து அளவுகளுக்கும் ரூ. 15,000/- மானியம்.",பயனாளி ஒரு விவசாயியாக இருக்க வேண்டும்-பயனாளி தமிழ்நாட்டில் வசிப்பவராக இருக்க வேண்டும்.,<பிஆர்>,"விண்ணப்பிக்கும் முறை: நேரில் (Offline)
படி 1:
அருகிலுள்ள வேளாண் அலுவலகத்திலிருந்து விண்ணப்பப் படிவத்தை சேகரிக்கவும்.
படி 2:
தேவையான விவரங்களுடன் விண்ணப்பப் படிவத்தை பூர்த்தி செய்து, கட்டாய ஆவணங்களை இணைக்கவும் (தேவைப்பட்டால் சுய சான்றளிக்கப்பட்டவை).
படி 3:
படிவத்தை சம்பந்தப்பட்ட அலுவலகத்திற்கு சமர்ப்பிக்கவும்:
கிராம மட்டம்:
உதவி வேளாண் அலுவலரிடம் விண்ணப்பத்தை சமர்ப்பிக்கவும்.
தொகுதி நிலை:
வேளாண் அதிகாரி அல்லது துணை வேளாண் அதிகாரியிடம் சமர்ப்பிக்கவும்.
மாவட்ட அளவில்:
வேளாண்மை இணை இயக்குநரிடம் சமர்ப்பிக்கவும்.","- அடையாளச் சான்று (ஆதார் அட்டை, வாக்காளர் அடையாள அட்டை)
- நில உரிமை ஆவணங்கள் அல்லது குத்தகை ஒப்பந்தம்.
- வங்கிக் கணக்கு விவரங்கள்.
- சாதி சான்றிதழ் (பொருந்தினால்).
- பெண் விவசாயிகள் குழு பதிவு ஆவணங்கள் (பொருந்தினால்).
- வேறு ஏதேனும் ஆவணங்கள் (தேவைப்பட்டால்).","Q: ""ஆதாரத்திலிருந்து வயலுக்கு தண்ணீரை எடுத்துச் செல்லும் குழாய்கள்"" திட்டம் என்றால் என்ன?
A: இந்தத் திட்டம் விவசாயிகளுக்கு ஆதாரத்திலிருந்து தங்கள் வயல்களுக்கு தண்ணீரை எடுத்துச் செல்ல குழாய்களை நிறுவுவதற்கு மானியங்களை வழங்குகிறது, 50 சதவீத மானியத்தை வழங்குகிறது அல்லது பி. வி. சி, எச். டி. பி. இ மற்றும் பிறவற்றை உள்ளடக்கிய குழாய்களுக்கு (800 மீட்டர் வரை) ரூ. 15,000/- வரை வழங்குகிறது.

Q: இந்தத் திட்டத்திற்கு யார் தகுதியானவர்கள்?
A: அனைத்து விவசாயிகளும் தகுதியானவர்கள், எஸ்சி/எஸ்டி விவசாயிகள் மற்றும் பெண் விவசாயிகளுக்கு குறிப்பிட்ட ஒதுக்கீடுகள் ஒதுக்கப்பட்டுள்ளன.

Q: இத்திட்டத்தின் கீழ் வழங்கப்படும் அதிகபட்ச மானியம் என்ன?
A: இந்தத் திட்டம் 50 சதவீத மானியத்தை வழங்குகிறது அல்லது 800 மீட்டர் வரை நீர் எடுத்துச் செல்லும் குழாய்களுக்கு ரூ. 15,000/- வரை வழங்குகிறது.

Q: இந்தத் திட்டத்தின் கீழ் என்ன வகையான குழாய்கள் உள்ளன?
A: இந்தத் திட்டம் விவசாயிகளின் தேவைகளின் அடிப்படையில் பி. வி. சி, எச். டி. பி. இ மற்றும் பிற பொருட்கள் உட்பட அனைத்து வகையான குழாய்களையும் உள்ளடக்கியது.

Q: குழாய்களில் ஏதேனும் அளவு கட்டுப்பாடு உள்ளதா?
A: இல்லை, குழாய்களின் அளவில் எந்த தடையும் இல்லை. விவசாயிகள் தங்கள் தேவைகளுக்கு ஏற்ப எந்த அளவையும் தேர்வு செய்யலாம்.

Q: இந்தத் திட்டத்திற்கு ஒரு விவசாயி எவ்வாறு விண்ணப்பிக்கலாம்?
A: விவசாயிகள் தங்கள் விண்ணப்பத்தை கிராம அளவில் உள்ள உதவி வேளாண் அலுவலரிடம் அல்லது வட்டார அளவில் உள்ள துணை/உதவி வேளாண் இயக்குநரிடம் சமர்ப்பிப்பதன் மூலம் விண்ணப்பிக்கலாம்.

Q: இந்தத் திட்டத்திற்கு விண்ணப்பிக்க என்ன ஆவணங்கள் தேவை?
A: விவசாயிகள் அடையாளச் சான்று, நில உரிமை ஆவணங்கள், விவசாயி அந்தஸ்துக்கான சான்று மற்றும் பொருந்தினால் சமூகச் சான்றிதழ் ஆகியவற்றைச் சமர்ப்பிக்க வேண்டும்.

Q: எஸ்சி/எஸ்டி விவசாயிகளுக்கு சிறப்பு சலுகைகள் உள்ளனவா?
A: ஆம், திட்டத்தின் பலன்களில் 24 சதவீதம் எஸ்சி/எஸ்டி விவசாயிகளுக்கு ஒதுக்கப்பட்டுள்ளது.

Q: பெண் விவசாயிகளுக்கு சிறப்பு சலுகைகள் கிடைக்குமா?
A: ஆம், இத்திட்டத்தின் பலன்களில் 20 சதவீதம் பெண் விவசாயிகள் மற்றும் மகளிர் விவசாய குழுக்களுக்கு ஒதுக்கப்பட்டுள்ளது.

Q: தகுதிக்கு ஏதேனும் வருமானம் அல்லது வயது வரம்பு உள்ளதா?
A: இல்லை, இந்தத் திட்டத்தில் தகுதிக்கான வருமானம் அல்லது வயது வரம்புகள் எதுவும் குறிப்பிடப்படவில்லை.

Q: இந்தத் திட்டம் குறித்த கூடுதல் தகவல்களுக்கு யாரை தொடர்பு கொள்ளலாம்?
A: மேலும் விவரங்களுக்கு விவசாயிகள் கிராம அளவில் உள்ள உதவி வேளாண் அதிகாரியையோ அல்லது மாவட்ட அளவில் உள்ள வேளாண்மை இணை இயக்குநரையோ தொடர்பு கொள்ளலாம்.",- [வழிகாட்டுதல்கள்](https://www.tn.gov.in/scheme/data_view/6859),,"{""dbtScheme"": false, ""implementingAgency"": null, ""schemeType"": null, ""closeDate"": null, ""priority"": 1}"
முதலமைச்சரின் உழவர் பதுகாப்பு திட்டத்தின் கீழ் முதியோர் ஓய்வூதியத் திட்டம்,OAPSUCMUPT,oapsucmupt,State,Tamil Nadu,"Agriculture,Rural & Environment, Social welfare & Empowerment","விவசாயிகள், ஓய்வூதியம், நிதி உதவி, மூத்த குடிமகன், உழைப்பு",,Individual,https://www.myscheme.gov.in/ta/schemes/oapsucmupt,"'முதலமைச்சரின் உழவர் பதுகாப்பு திட்டத்தின் கீழ் முதியோர் ஓய்வூதியத் திட்டம்' என்பது ஒரு மாநிலத் திட்டமாகும். இந்தத் திட்டம் சி. எம். பி. யு. டி. யின் கீழ் உறுப்பினர் அட்டையைக் கொண்ட முதியோர் விவசாயிகள் மற்றும் ஆதரவற்ற விவசாயத் தொழிலாளர்களுக்கு ரூ. 1,000/- ஓய்வூதியம் வழங்குவதை நோக்கமாகக் கொண்டுள்ளது.","முதியோர் ஓய்வூதியத் திட்டம் என்பது தமிழ்நாட்டின் சமூக நலம் மற்றும் மகளிர் அதிகாரமளித்தல் துறையால் தொடங்கப்பட்ட ஒரு மாநிலத் திட்டமாகும். முதலமைச்சரின் உழவர் பதுகாப்பு திட்டத்தின் (சி. எம். பி. யு. டி) கீழ் உறுப்பினர் அட்டையைக் கொண்ட முதியோர் விவசாயிகள் மற்றும் ஆதரவற்ற விவசாயத் தொழிலாளர்களுக்கு ரூ. 1,000/- ஓய்வூதியம் வழங்குவதை இந்தத் திட்டம் நோக்கமாகக் கொண்டுள்ளது. <பிஆர்>","* ஓய்வூதியம்: * *-மாதத்திற்கு ₹1,000/-. * பொங்கல் மற்றும் தீபாவளியின் போது இலவச ஆடைகள்: * * ஆண் ஓய்வூதியதாரருக்கு ஒரு இலவச வேட்டி.-பெண் ஓய்வூதியதாரருக்கு ஒரு இலவச சேலை. * * அங்கன்வாடி மையங்களில் இலவச அரிசி: * * சத்தான உணவை உட்கொள்பவர்களுக்கு மாதத்திற்கு 2 கிலோ. சத்தான உணவை உட்கொள்ளாதவர்களுக்கு மாதத்திற்கு 4 கிலோ.","1. விண்ணப்பதாரர் ஆதரவற்றவராக இருக்க வேண்டும். 1. விண்ணப்பதாரரின் வயது 60 வயது மற்றும் அதற்கு மேல் இருக்க வேண்டும். 1. விண்ணப்பதாரர் விவசாயியாகவோ அல்லது நிலமற்ற விவசாயத் தொழிலாளியாகவோ இருக்க வேண்டும். 1. விண்ணப்பதாரரின் நிலையான சொத்துக்கள் ₹ 1,00,000-க்கு மிகாமல் இருக்க வேண்டும்",<பிஆர்>,"விண்ணப்பிக்கும் முறை: இணையவழியில் (Online) - via CSC
படி 1:
விண்ணப்பதாரர் சம்பந்தப்பட்ட திட்டத்திற்கு விண்ணப்பிக்க தேவையான ஆவணங்களின் நகல்களை சேகரிக்க வேண்டும்.
படி 2:
விண்ணப்பதாரர் அருகிலுள்ள இடத்திற்குச் செல்ல வேண்டும்
பொது சேவை மையம்
(சிஎஸ்சி) மற்றும் பயோமெட்ரிக் சரிபார்ப்பு செயல்முறையை முடிக்கவும்.
படி 3:
விண்ணப்பப் படிவத்தில், அனைத்து கட்டாய புலங்களையும் பூர்த்தி செய்து, அனைத்து கட்டாய ஆவணங்களின் நகல்களையும் பதிவேற்றவும்.
படி 4:
விண்ணப்பம் சமர்ப்பிக்கப்பட்ட சம்பந்தப்பட்ட அதிகாரியிடமிருந்து ரசீது அல்லது ஒப்புதலைக் கோரவும். ரசீதில் சமர்ப்பிக்கப்பட்ட தேதி மற்றும் நேரம் போன்ற அத்தியாவசிய விவரங்கள் மற்றும் ஒரு தனித்துவமான அடையாள எண் (பொருந்தினால்) இருப்பதை உறுதிப்படுத்திக் கொள்ளுங்கள்.","- விண்ணப்பதாரரின் புகைப்படம்.
- ஆதார் அட்டை.
- வயதுக்கான சான்று.
- ஆதார் ஒப்புதல் படிவம்.
- ஸ்மார்ட் ரேஷன் கார்டு அல்லது ஏதேனும் முகவரி சான்று.
- சி. எம். பி. யு. டி. இன் கீழ் உறுப்பினர் அட்டை.
- விண்ணப்பதாரரின் சுய பிரகடனம்.
- எந்தவொரு அடையாளச் சான்றும் (வாக்காளர் அடையாள அட்டை, பாஸ்போர்ட், பான் கார்டு, ஓட்டுநர் உரிமம்).
- வங்கி பாஸ் புக்.","Q: எனக்கு 58 வயதாகிறது மற்றும் சி. எம். பி. யு. டி. யின் கீழ் பதிவு செய்யப்பட்ட விவசாயி. இந்தத் திட்டத்திற்கு நான் இப்போது விண்ணப்பிக்கலாமா?
A: இல்லை, துரதிர்ஷ்டவசமாக, இந்த திட்டத்திற்கு விண்ணப்பிக்க குறைந்தபட்ச வயது வரம்பு 60 ஆண்டுகள் ஆகும். நீங்கள் அந்த வயதை அடைந்தவுடன் விண்ணப்பிக்கலாம்.

Q: நான் முற்றிலும் ஆதரவற்றவன் அல்ல, ஆனால் விவசாயத்திலிருந்து எனக்கு மிகக் குறைந்த வருமானம் உள்ளது. இந்தத் திட்டத்திற்கு நான் தகுதியானவனா?
A: இந்தத் திட்டம் ஆதரவற்ற நபர்களுக்கு முன்னுரிமை அளித்தாலும், விவசாயத்திலிருந்து சில வருமானங்களைக் கொண்டிருப்பது உங்களை தகுதி நீக்கம் செய்ய வேண்டிய அவசியமில்லை. இருப்பினும், உங்கள் தகுதியை தீர்மானிக்க விண்ணப்ப செயல்முறையின் போது உங்கள் வருமான நிலை மற்றும் ஒட்டுமொத்த நிதி நிலைமை மதிப்பிடப்படும்.

Q: நான் ஒரு விவசாயியாக இருந்தேன், ஆனால் இப்போது நான் ஒரு பாதுகாப்புக் காவலராக வேலை செய்கிறேன். நான் இன்னும் ஓய்வூதியத்திற்கு தகுதியுடையவனா?
A: இல்லை, இந்தத் திட்டம் குறிப்பாக விவசாயிகள் மற்றும் நிலமற்ற விவசாயத் தொழிலாளர்களுக்கானது. உங்கள் முதன்மை வருமான ஆதாரம் இனி விவசாயத்துடன் தொடர்புடையதாக இல்லாவிட்டால், நீங்கள் தகுதி பெற மாட்டீர்கள்.

Q: விநியோக நிகழ்ச்சியில் நான் கலந்து கொள்ள முடியாவிட்டால் இலவச ஆடைகளுக்கு (வேட்டி/சேலை) என்ன ஆகும்?
A: பெரும்பாலான சந்தர்ப்பங்களில், ஆடைகளை பின்னர் நியமிக்கப்பட்ட விநியோக மையங்களிலிருந்து சேகரிக்கலாம். இருப்பினும், குறிப்பிட்ட விவரங்கள் மற்றும் சேகரிப்பு காலக்கெடுவுக்கு சிஎஸ்சி அல்லது உள்ளூர் அதிகாரிகளுடன் சரிபார்க்க சிறந்தது.

Q: நான் ஒரு பெண் விவசாயி. விண்ணப்பிக்க எனது நில உரிமை ஆவணங்களை நான் காட்ட வேண்டுமா?
A: இல்லை, இந்தத் திட்டம் ஆண் மற்றும் பெண் விவசாயிகளை வேறுபடுத்துவதில்லை அல்லது நில உரிமை ஆவணங்கள் தேவையில்லை. உங்களிடம் செல்லுபடியாகும் சி. எம். பி. யு. டி உறுப்பினர் அட்டை இருக்கும் வரை மற்றும் தகுதி அளவுகோல்களை பூர்த்தி செய்யும் வரை, நீங்கள் விண்ணப்பிக்கலாம்.

Q: தொடர்ந்து பலன்களைப் பெற நான் ஒவ்வொரு ஆண்டும் எனது விண்ணப்பத்தைப் புதுப்பிக்க வேண்டுமா?
A: இல்லை, ஒருமுறை அங்கீகரிக்கப்பட்ட பிறகு, நீங்கள் ஒவ்வொரு ஆண்டும் மீண்டும் விண்ணப்பிக்க வேண்டியதில்லை. இருப்பினும், அதிகாரிகளின் அறிவுறுத்தலின் பேரில் நீங்கள் உங்கள் தகவல்களை அவ்வப்போது புதுப்பிக்க வேண்டியிருக்கலாம்.

Q: நான் சிஎஸ்சிகளுக்கு மட்டுப்படுத்தப்பட்ட அணுகல் கொண்ட தொலைதூரப் பகுதியில் வசிக்கிறேன். இதற்கு வேறு மாற்று வழிகள் ஏதேனும் உள்ளதா?
A: உங்கள் இருப்பிடத்திற்கு அருகில் சாத்தியமான நடமாடும் முகாம்கள் அல்லது நியமிக்கப்பட்ட விண்ணப்ப மையங்கள் குறித்து சமூக நலத் துறையிடம் நீங்கள் விசாரிக்கலாம்.

Q: விண்ணப்ப செயல்முறையை முடிக்க எனக்கு ஒரு வழக்கறிஞர் அல்லது வேறு ஏதேனும் நிபுணரின் உதவி தேவையா?
A: இல்லை, முதியோர் ஓய்வூதியத் திட்டத்திற்கான விண்ணப்ப செயல்முறை எளிமையாகவும் சுய விளக்கமாகவும் வடிவமைக்கப்பட்டுள்ளது. சிஎஸ்சி ஊழியர்கள் செயல்முறையின் மூலம் உங்களுக்கு வழிகாட்டலாம் மற்றும் உங்களிடம் ஏதேனும் கேள்விகள் இருந்தால் பதிலளிக்கலாம்.

Q: இந்தத் திட்டத்திற்கு விண்ணப்பிப்பதற்கு ஏதேனும் கட்டணம் உள்ளதா?
A: இல்லை, முதியோர் ஓய்வூதியத் திட்டத்திற்கு விண்ணப்பிப்பது முற்றிலும் இலவசம். உங்கள் விண்ணப்பத்தை செயலாக்குவதற்கு சிஎஸ்சி அல்லது எந்தவொரு தனிநபருக்கும் நீங்கள் எந்த கட்டணமும் செலுத்தக்கூடாது.

Q: விண்ணப்பத்தை செயலாக்குவதற்கும் பலன்களைப் பெறுவதற்கும் எவ்வளவு நேரம் ஆகும்?
A: செயலாக்க நேரங்கள் மாறுபடலாம், ஆனால் சரிபார்ப்பு மற்றும் ஒப்புதலுக்கு பொதுவாக 4 முதல் 6 வாரங்கள் ஆகும். ஒப்புதல் அளிக்கப்பட்டவுடன், ஒரு மாதத்திற்குள் நீங்கள் ஓய்வூதியத்தைப் பெற வேண்டும்.

Q: இந்தத் திட்டத்திற்கு நான் விண்ணப்பிக்க ஒரு குறிப்பிட்ட கால அளவு உள்ளதா?
A: இல்லை, முதியோர் ஓய்வூதியத் திட்டம் ஒரு தொடர்ச்சியான முன்முயற்சி, நீங்கள் எந்த நேரத்திலும் விண்ணப்பிக்கலாம்.","- [குடிமகனின் சாசனம்](https://cms.tn.gov.in/sites/default/files/documents/swwe_e_cc_2022_23.pdf)
- [தேவையான ஆவணங்கள்](https://tnlegalservices.tn.gov.in/swwe/Annexure_English.pdf)",,"{""dbtScheme"": false, ""implementingAgency"": null, ""schemeType"": null, ""closeDate"": null, ""priority"": 1}"
மக்காச்சோளம் சான்றளிக்கப்பட்ட விதைகள் உற்பத்தி,POCSM,pocsm,State,Tamil Nadu,"Agriculture,Rural & Environment","விவசாயம், விவசாயி, சான்றளிக்கப்பட்ட விதைகள், விதைகள் உற்பத்தி, மக்காச்சோளம்",,Individual,https://www.myscheme.gov.in/ta/schemes/pocsm,"""மக்காச்சோளத்தின் சான்றளிக்கப்பட்ட விதைகள் உற்பத்தி"" திட்டம், தமிழ்நாட்டின் தேர்ந்தெடுக்கப்பட்ட மாவட்டங்களில் உள்ள விவசாயிகளுக்கு மானியம் வழங்குவதன் மூலம் சான்றளிக்கப்பட்ட மக்காச்சோள விதைகளின் உற்பத்தியை ஊக்குவிப்பதை நோக்கமாகக் கொண்டுள்ளது.","தமிழ்நாட்டின் குறிப்பிட்ட மாவட்டங்களில் உள்ள மக்காச்சோள விவசாயிகளுக்கு உதவும் வகையில் தமிழ்நாடு வேளாண்மை-விவசாயிகள் நலத் துறையால் ""மக்காச்சோளத்தின் சான்றளிக்கப்பட்ட விதைகள் உற்பத்தி"" திட்டம் வடிவமைக்கப்பட்டுள்ளது. ஒரு குவிண்டாலுக்கு ₹1,000/- மானியத்தை வழங்குவதன் மூலம், இந்தத் திட்டம் விவசாயிகளை சான்றளிக்கப்பட்ட மக்காச்சோள விதைகளை உற்பத்தி செய்ய ஊக்குவிக்கிறது, இது உயர்தர விதைகளின் நிலையான விநியோகத்தை உறுதி செய்கிறது. & lt; b & gt; & lt; b & gt;","* நிதி உதவி: * ₹, 1000/- ஒரு குவிண்டாலுக்கு","பயனாளி ஒரு விவசாயியாக இருக்க வேண்டும். பயனாளி தமிழ்நாட்டில் வசிப்பவராக இருக்க வேண்டும். பயனாளி மக்காச்சோளம் பயிரிடும் விவசாயியாக இருக்க வேண்டும். பயனாளி தமிழ்நாட்டின் பின்வரும் எந்த மாவட்டத்தையும் சேர்ந்தவராக இருக்க வேண்டும். கோயம்புத்தூர், தூத்துக்குடி, ஈரோடு, தருமபுரி, கிருஷ்ணகிரி, நாமக்கல், பெரம்பலூர், விருதுநகர், தேனி, வில்லுபுரம், வேலூர், சேலம், புதுக்கோட்டை, மதுரை, சிவகங்கை, திருச்சி, திருநெல்வேலி மற்றும் தூத்துக்குடி. பிஆர் & ஜிடி;",,"விண்ணப்பிக்கும் முறை: நேரில் (Offline)
படி 1:
அருகிலுள்ள வேளாண் அலுவலகத்திலிருந்து விண்ணப்பப் படிவத்தை சேகரிக்கவும்.
படி 2:
தேவையான விவரங்களுடன் விண்ணப்பப் படிவத்தை பூர்த்தி செய்து, கட்டாய ஆவணங்களை இணைக்கவும் (தேவைப்பட்டால் சுய சான்றளிக்கப்பட்டவை).
படி 3:
படிவத்தை சம்பந்தப்பட்ட அலுவலகத்திற்கு சமர்ப்பிக்கவும்:
கிராம மட்டம்:
உதவி வேளாண் அலுவலரிடம் விண்ணப்பத்தை சமர்ப்பிக்கவும்.
தொகுதி நிலை:
வேளாண் அதிகாரி அல்லது துணை வேளாண் அதிகாரியிடம் சமர்ப்பிக்கவும்.
மாவட்ட அளவில்:
வேளாண்மை இணை இயக்குநரிடம் சமர்ப்பிக்கவும்.","- அடையாளச் சான்று (ஆதார் அட்டை, வாக்காளர் அடையாள அட்டை)
- நில உரிமை ஆவணங்கள் அல்லது குத்தகை ஒப்பந்தம்.
- விதை உற்பத்திக்கான சான்றிதழ்.
- வங்கிக் கணக்கு விவரங்கள்.
- சாதி சான்றிதழ் (பொருந்தினால்).
- பெண் விவசாயிகள் குழு பதிவு ஆவணங்கள் (பொருந்தினால்).
- வேறு ஏதேனும் ஆவணங்கள் (தேவைப்பட்டால்).","Q: ""மக்காச்சோளத்தின் சான்றளிக்கப்பட்ட விதைகள் உற்பத்தி"" திட்டம் என்றால் என்ன?
A: ""மக்காச்சோளத்தின் சான்றளிக்கப்பட்ட விதைகளின் உற்பத்தி"" திட்டம், தமிழ்நாட்டின் தேர்ந்தெடுக்கப்பட்ட மாவட்டங்களில் உள்ள விவசாயிகளுக்கு மானியம் வழங்குவதன் மூலம் சான்றளிக்கப்பட்ட மக்காச்சோள விதைகளின் உற்பத்தியை ஊக்குவிப்பதை நோக்கமாகக் கொண்டுள்ளது.

Q: இந்தத் திட்டத்திற்கு யார் விண்ணப்பிக்கலாம்?
A: தமிழ்நாட்டின் தேர்ந்தெடுக்கப்பட்ட மாவட்டங்களில் உள்ள மக்காச்சோள விவசாயிகள் விண்ணப்பிக்க தகுதியுடையவர்கள்.

Q: இந்தத் திட்டத்தின் கீழ் என்ன பயன்?
A: சான்றளிக்கப்பட்ட மக்காச்சோள விதைகளுக்கு விவசாயிகள் குவிண்டாலுக்கு ₹1,000/- மானியத்தைப் பெறுகிறார்கள்.

Q: இந்தத் திட்டத்தின் கீழ் எந்தெந்த மாவட்டங்கள் உள்ளடக்கப்பட்டுள்ளன?
A: கோயம்புத்தூர், தூத்துக்குடி, ஈரோடு, தருமபுரி, கிருஷ்ணகிரி, நாமக்கல், பெரம்பலூர், விருதுநகர், தேனி, வில்லுபுரம், வேலூர், சேலம், புதுக்கோட்டை, மதுரை, சிவகங்கை, திருச்சி, திருநெல்வேலி மற்றும் தூத்துக்குடி மாவட்டங்கள் இதில் அடங்கும்.

Q: இந்தத் திட்டம் அனைத்து விவசாயிகளுக்கும் கிடைக்குமா?
A: சிறு/குறு விவசாயிகள், எஸ்சி/எஸ்டி விவசாயிகள் மற்றும் பெண் விவசாயிகள் அல்லது குழுக்களுக்கு முன்னுரிமை அளிக்கப்படுகிறது.

Q: இந்தத் திட்டத்திற்கு எப்படி விண்ணப்பிப்பது?
A: கிராம அளவில் உதவி வேளாண் அதிகாரி, வட்டார அளவில் துணை வேளாண் அதிகாரி அல்லது மாவட்ட அளவில் வேளாண்மை இணை இயக்குநர் ஆகியோரிடம் விண்ணப்பத்தை சமர்ப்பிக்கவும்.

Q: விண்ணப்பிக்க என்ன ஆவணங்கள் தேவை?
A: அடையாளச் சான்று, நில உரிமைச் சான்று, வங்கி பாஸ் புக், சாதிச் சான்றிதழ் (பொருந்தினால்) மற்றும் பூர்த்தி செய்யப்பட்ட விண்ணப்பப் படிவம் தேவை.

Q: விண்ணப்பிக்க வயது அல்லது வருமான வரம்பு ஏதேனும் உள்ளதா?
A: இல்லை. இந்தத் திட்டத்திற்கு விண்ணப்பிக்க குறிப்பிட்ட வயது அல்லது வருமான வரம்பு தேவையில்லை.

Q: பெண் விவசாயிகளுக்கு இடஒதுக்கீடு உள்ளதா?
A: ஆம், இத்திட்டத்தின் பலன்களில் 20 சதவீதம் பெண் விவசாயிகள் மற்றும் மகளிர் குழுக்களுக்கு ஒதுக்கப்பட்டுள்ளது.

Q: எஸ்சி/எஸ்டி விவசாயிகளுக்கு ஏதேனும் இடஒதுக்கீடு உள்ளதா?
A: ஆம், திட்டத்தின் பலன்களில் 24 சதவீதம் எஸ்சி/எஸ்டி விவசாயிகளுக்கு ஒதுக்கப்பட்டுள்ளது.

Q: மேலும் தகவல்களுக்கு யாரைத் தொடர்புகொள்வது?
A: மேலும் விவரங்களுக்கு விவசாயிகள் தங்கள் உள்ளூர் உதவி வேளாண் அதிகாரி, துணை வேளாண் அதிகாரி அல்லது வேளாண் இணை இயக்குநரைத் தொடர்பு கொள்ளலாம்.",- [வழிகாட்டுதல்கள்](https://www.tn.gov.in/scheme/data_view/6852),,"{""dbtScheme"": false, ""implementingAgency"": null, ""schemeType"": null, ""closeDate"": null, ""priority"": 1}"
மாவட்ட மத்திய கூட்டுறவு வங்கிகள் மற்றும் அதன் கிளைகள் மூலம்: எஸ்எஸ்ஐ அலகு கடன் மற்றும் பிற என்எப்எஸ் செயல்பாடுகளுக்கு,DCCBSSI,dccbssi,State,Tamil Nadu,"Banking,Financial Services and Insurance, Agriculture,Rural & Environment","எஸ்எஸ்ஐ அலகு கடன், பண்ணை சாரா துறை செயல்பாடுகள், விவசாயம், தொழிற்சாலைகள்",,Individual,https://www.myscheme.gov.in/ta/schemes/dccbssi,இந்தத் திட்டம் மாவட்ட மத்திய கூட்டுறவு வங்கிகள் மற்றும் அவற்றின் கிளைகள் மூலம் எஸ்எஸ்ஐ அலகுக் கடன்கள் மற்றும் பிற பண்ணை சாரா துறை (என்எப்எஸ்) நடவடிக்கைகளுக்கு நிதி உதவியை வழங்குகிறது.,"தமிழ்நாடு உணவு மற்றும் நுகர்வோர் பாதுகாப்புத் துறையால் தொடங்கப்பட்ட மாவட்ட மத்திய கூட்டுறவு வங்கிகள் மற்றும் அதன் கிளைகள் மூலம் எஸ்எஸ்ஐ அலகுக் கடன் மற்றும் பிற என்எப்எஸ் செயல்பாடுகளுக்கு, சிறு தொழில்கள் (எஸ்எஸ்ஐ) மற்றும் பிற என்எப்எஸ் செயல்பாடுகளுக்கு 13 சதவீத வட்டி விகிதத்தில் (மாற்றத்திற்கு உட்பட்டு) கடன் வழங்குவதன் மூலம் ஆதரவளிப்பதை நோக்கமாகக் கொண்டுள்ளது. & Ltd; பிஆர் & ஜிடி;","- * * கடனுக்கான அணுகல்: * * ₹ 1,00,000-- * * வட்டி விகிதம்: * * 13 சதவீதம் (மாற்றத்திற்கு உட்பட்டு). <பிஆர்>",பயனாளி தமிழ்நாட்டில் வசிப்பவராக இருக்க வேண்டும்-சிறு தொழில்கள் (எஸ். எஸ். ஐ) அலகு மற்றும் பிற பண்ணை சாரா துறை (என். எஃப். எஸ்) நடவடிக்கைகளுக்கு மட்டுமே கடன்கள் பொருந்தும். பிஆர் & ஜிடி;,<பிஆர்>,"விண்ணப்பிக்கும் முறை: நேரில் (Offline)
படி 1:
ஆர்வமுள்ள விண்ணப்பதாரர் மாவட்ட மத்திய கூட்டுறவு வங்கிகள் அல்லது அதன் கிளைகளிலிருந்து விண்ணப்ப படிவத்தை சேகரிக்க வேண்டும்.
படி 2:
விண்ணப்பப் படிவத்தில், அனைத்து கட்டாய புலங்களையும் நிரப்பவும், பாஸ்போர்ட் அளவிலான புகைப்படத்தை ஒட்டவும் (தேவைப்பட்டால் குறுக்கே கையொப்பமிடவும்), மேலும் அனைத்து கட்டாய ஆவணங்களின் நகல்களையும் இணைக்கவும் (தேவைப்பட்டால் சுய சான்றளிப்பு).
படி 3:
முறையாக நிரப்பப்பட்ட மற்றும் கையொப்பமிடப்பட்ட விண்ணப்ப படிவத்தை ஆவணங்களுடன் சம்பந்தப்பட்ட அதிகாரியிடம் சமர்ப்பிக்கவும்.
படி 4:
விண்ணப்பம் சமர்ப்பிக்கப்பட்ட சம்பந்தப்பட்ட அதிகாரியிடமிருந்து ரசீது அல்லது ஒப்புதலைக் கோரவும். ரசீது சமர்ப்பிக்கப்பட்ட தேதி மற்றும் நேரம், ஒரு தனித்துவமான அடையாள எண் (பொருந்தினால்) போன்ற அத்தியாவசிய விவரங்களைக் கொண்டிருப்பதை உறுதிப்படுத்திக் கொள்ளுங்கள்.","- அடையாளச் சான்று (ஆதார், பான் கார்டு போன்றவை).
- முகவரிச் சான்று.
- சிறு தொழில்கள் (எஸ்எஸ்ஐ) அலகு பதிவு (பொருந்தினால்).
- வணிகத் திட்டம் அல்லது திட்ட அறிக்கை (பொருந்தினால்).
- வேறு ஏதேனும் ஆவணங்கள் (தேவைப்பட்டால்).","Q: இந்தத் திட்டத்தின் நோக்கம் என்ன?
A: இந்தத் திட்டம் மாவட்ட மத்திய கூட்டுறவு வங்கிகள் மற்றும் அவற்றின் கிளைகள் மூலம் எஸ்எஸ்ஐ அலகுக் கடன்கள் மற்றும் பிற பண்ணை சாரா துறை (என்எப்எஸ்) நடவடிக்கைகளுக்கு நிதி உதவியை வழங்குகிறது.

Q: அதிகபட்சமாக எவ்வளவு கடன் தொகை பெறலாம்?
A: இந்தத் திட்டத்தின் கீழ், விண்ணப்பதாரர்கள் ₹ 1,00,000-வரை கடன் தொகையைப் பெறலாம்

Q: இந்தத் திட்டத்தின் கீழ் கடனுக்கான வட்டி விகிதம் என்ன?
A: கடனுக்கான வட்டி விகிதம் 13 சதவீதமாக நிர்ணயிக்கப்பட்டுள்ளது, இருப்பினும் இது மாற்றத்திற்கு உட்பட்டது.

Q: இந்த கடன் திட்டத்திற்கு யார் விண்ணப்பிக்க தகுதியுடையவர்கள்?
A: ஒரு எஸ்எஸ்ஐ பிரிவைத் தொடங்கவோ அல்லது விரிவுபடுத்தவோ அல்லது என்எப்எஸ் நடவடிக்கைகளில் ஈடுபடவோ விரும்பும் எந்தவொரு குடிமகனும் விண்ணப்பிக்க தகுதியுடையவர்.

Q: விண்ணப்பதாரர்களுக்கு குறிப்பிட்ட வயது வரம்பு உள்ளதா?
A: இந்தத் திட்டத்திற்கு குறிப்பிட்ட வயது வரம்பு எதுவும் குறிப்பிடப்படவில்லை.

Q: விண்ணப்பதாரர்கள் பூர்த்தி செய்ய வேண்டிய வருமான அளவுகோல்கள் ஏதேனும் உள்ளதா?
A: இந்தத் திட்டத்தின் கீழ் தகுதி பெறுவதற்கு குறிப்பிட்ட வருமான அளவுகோல்கள் எதுவும் நிர்ணயிக்கப்படவில்லை.

Q: இந்த கடனுக்கு ஒரு விண்ணப்பதாரர் எவ்வாறு விண்ணப்பிக்கலாம்?
A: விண்ணப்பிக்க, ஒரு விண்ணப்பதாரர் அருகிலுள்ள மாவட்ட மத்திய கூட்டுறவு வங்கி அல்லது அதன் கிளைகளில் ஒன்றைப் பார்வையிட வேண்டும்.

Q: காலப்போக்கில் வட்டி விகிதம் மாற முடியுமா?
A: ஆம், வங்கிக் கொள்கைகளின் புதுப்பிப்புகளின் அடிப்படையில் வட்டி விகிதம் மாற்றத்திற்கு உட்பட்டது.

Q: இந்த கடனுக்கு விண்ணப்பிக்க என்ன ஆவணங்கள் தேவை?
A: விண்ணப்பதாரர்கள் அடையாளச் சான்று, முகவரிச் சான்று, வணிகத் திட்டம் மற்றும் வங்கி அறிக்கைகளை வழங்க வேண்டும். வங்கி வழிகாட்டுதல்களின் அடிப்படையில் கூடுதல் ஆவணங்கள் தேவைப்படலாம்.

Q: இந்த கடன் திட்டத்திற்கு யார் நிதியுதவி செய்கிறார்கள்?
A: எஸ்எஸ்ஐ அலகுகள் மற்றும் என்எப்எஸ் செயல்பாடுகளை ஊக்குவிக்க இந்த கடன் திட்டம் மாநில அரசால் நிதியுதவி செய்யப்படுகிறது.",- [வழிகாட்டுதல்கள்](https://www.tn.gov.in/scheme/data_view/3570),,"{""dbtScheme"": false, ""implementingAgency"": null, ""schemeType"": null, ""closeDate"": null, ""priority"": 1}"
ரைசோபியம் விநியோகம்,DOR,dor,State,Tamil Nadu,"Agriculture,Rural & Environment","விவசாயம், விவசாயி, ரைசோபியம், மானியம்",,Individual,https://www.myscheme.gov.in/ta/schemes/dor,"""ரைசோபியம் விநியோகம்"" திட்டம் தமிழ்நாட்டில் பருப்பு வகைகளுடன் விதைப் பண்ணைகளை வளர்க்கும் விவசாயிகளுக்கு ரைசோபியம் செலவில் மானியத்தை வழங்குகிறது.","தமிழ்நாடு வேளாண்மை-விவசாயிகள் நலத் துறையின் ""ரைசோபியம் விநியோகம்"" திட்டம், விவசாயிகளுக்கு ரைசோபியம் வாங்குவதற்கு மானியம் வழங்குகிறது, இது பருப்பு வகைகளின் விவசாயத்தில் மண் வளம் மற்றும் பயிர் விளைச்சலை மேம்படுத்துவதற்கு இன்றியமையாதது. பிஆர் & ஜிடி;",- * உதவியின் அளவு: * ரைசோபியம் விலைக்கு 50 சதவீதம் அல்லது ஹெக்டேருக்கு ரூ. 100/- இதில் எது குறைவோ அது,பயனாளி ஒரு விவசாயியாக இருக்க வேண்டும். பயனாளி தமிழ்நாட்டில் வசிப்பவராக இருக்க வேண்டும். பயனாளி பருப்பு வகைகளுடன் விதைப் பண்ணைகளை வளர்க்க வேண்டும்.,,"விண்ணப்பிக்கும் முறை: நேரில் (Offline)
படி 1:
அருகிலுள்ள வேளாண் அலுவலகத்திலிருந்து விண்ணப்பப் படிவத்தை சேகரிக்கவும்.
படி 2:
தேவையான விவரங்களுடன் விண்ணப்பப் படிவத்தை பூர்த்தி செய்து, கட்டாய ஆவணங்களை இணைக்கவும் (தேவைப்பட்டால் சுய சான்றளிக்கப்பட்டவை).
படி 3:
படிவத்தை சம்பந்தப்பட்ட அலுவலகத்திற்கு சமர்ப்பிக்கவும்:
கிராம மட்டம்:
உதவி வேளாண் அலுவலரிடம் விண்ணப்பத்தை சமர்ப்பிக்கவும்.
தொகுதி நிலை:
வேளாண் அதிகாரி அல்லது துணை வேளாண் அதிகாரியிடம் சமர்ப்பிக்கவும்.
மாவட்ட அளவில்:
வேளாண்மை இணை இயக்குநரிடம் சமர்ப்பிக்கவும்.","- அடையாளச் சான்று (ஆதார் அட்டை, வாக்காளர் அடையாள அட்டை போன்றவை).
- நில உரிமையின் சான்று.
- பருப்பு வகைகள் பயிர் சாகுபடியின் சான்று.
- சாதிச் சான்றிதழ் (எஸ்சி/எஸ்டி விண்ணப்பதாரர்களுக்கு).
- வங்கிக் கணக்கு விவரங்கள்.
- வேறு ஏதேனும் ஆவணங்கள் (தேவைப்பட்டால்).","Q: ""ரைசோபியம் விநியோகம்"" திட்டம் என்றால் என்ன?
A: 'ரைசோபியம் விநியோகம்' திட்டம் என்பது பருப்பு வகைகளுடன் விதை பண்ணைகளை வளர்க்கும் விவசாயிகளுக்கு ஆதரவளிப்பதை நோக்கமாகக் கொண்ட தமிழக அரசின் அரசு நிதியுதவி மானிய முன்முயற்சியாகும்.

Q: இந்தத் திட்டத்தின் கீழ் என்ன மானியம் வழங்கப்படுகிறது?
A: இத்திட்டத்தின் கீழ், விவசாயிகள் ரைசோபியம் விலையின் மீது 50 சதவீதம் அல்லது ஹெக்டேருக்கு ரூ. 100/- இதில் எது குறைவோ அது போன்ற மானியத்தைப் பெறுகிறார்கள்.

Q: இந்தத் திட்டத்திற்கு யார் விண்ணப்பிக்க தகுதியுடையவர்கள்?
A: பருப்பு வகைகளுடன் விதைப் பண்ணைகளை வளர்க்கும் அனைத்து விவசாயிகளும் தகுதியுடையவர்கள். இந்தத் திட்டம் எஸ்சி/எஸ்டி விவசாயிகள் மற்றும் விவசாயப் பெண்களுக்கு முன்னுரிமை அளிக்கிறது.

Q: மானியத்திற்கு ஒரு விண்ணப்பதாரர் எவ்வாறு விண்ணப்பிக்கலாம்?
A: கிராம அளவில் உதவி வேளாண் அதிகாரி, வட்டார அளவில் வேளாண் அதிகாரி/துணை வேளாண் அதிகாரி அல்லது மாவட்ட அளவில் வேளாண்மை இணை இயக்குநர் ஆகியோரிடம் விண்ணப்பங்களை சமர்ப்பிக்க வேண்டும்.

Q: இந்தத் திட்டத்தின் கீழ் சில குழுக்களுக்கு முன்னுரிமை அளிக்கப்படுகிறதா?
A: ஆம், ஆதாயங்களில் 24 சதவீதம் எஸ்சி/எஸ்டி விவசாயிகளுக்கும், 20 சதவீதம் விவசாயப் பெண்களுக்கும் ஒதுக்கப்பட்டுள்ளது.

Q: விண்ணப்பிக்க என்ன ஆவணங்கள் தேவை?
A: விண்ணப்பதாரர்கள் அடையாளச் சான்று, நில உரிமை அல்லது குத்தகைக்கான சான்று, சாதிச் சான்றிதழ் (எஸ்சி/எஸ்டி விவசாயிகளுக்கு), விவசாயப் பெண் என்பதற்கான சான்று (பொருந்தினால்) மற்றும் பூர்த்தி செய்யப்பட்ட விண்ணப்பப் படிவத்தை வழங்க வேண்டும்.

Q: ஒரு ஹெக்டேருக்கு எவ்வளவு மானியம் வழங்கப்படுகிறது?
A: மானியமாக ஒரு ஹெக்டேருக்கு ரூ. 100/- அல்லது ரைசோபியம் செலவில் 50 சதவீதம், இதில் எது குறைவோ அது வழங்கப்படும்.

Q: விண்ணப்பத்தை எங்கே சமர்ப்பிக்க வேண்டும்?
A: கிராமம், தொகுதி அல்லது மாவட்ட அளவில் சம்பந்தப்பட்ட விவசாய அதிகாரிகளிடம் விண்ணப்பங்களை சமர்ப்பிக்க வேண்டும்.

Q: ஒரு விவசாயி எஸ்சி/எஸ்டி விவசாயி அல்லது விவசாயப் பெண் இல்லையென்றால் விண்ணப்பிக்க முடியுமா?
A: ஆம், தகுதியுள்ள அனைத்து விவசாயிகளும் விண்ணப்பிக்கலாம், இருப்பினும் எஸ்சி/எஸ்டி விவசாயிகள் மற்றும் விவசாயப் பெண்களுக்கு முன்னுரிமை அளிக்கப்படுகிறது.

Q: ரைசோபியம் என்றால் என்ன, அது ஏன் முக்கியமானது?
A: ரைசோபியம் ஒரு மண் பாக்டீரியா ஆகும், இது மண்ணின் வளத்தை மேம்படுத்துகிறது மற்றும் பருப்பு வகைகளின் விளைச்சலை அதிகரிக்கிறது, இது நிலையான விவசாயத்திற்கு இன்றியமையாதது.

Q: இந்தத் திட்டத்திற்கு விண்ணப்பிக்க வயது வரம்பு உள்ளதா?
A: இல்லை, இந்தத் திட்டத்தின் கீழ் தகுதி பெறுவதற்கு வயது வரம்பு எதுவும் குறிப்பிடப்படவில்லை.

Q: ஒரு விண்ணப்பதாரரின் விண்ணப்பம் நிராகரிக்கப்பட்டால் அவர் மீண்டும் விண்ணப்பிக்க முடியுமா?
A: ஆம், விண்ணப்பதாரர்கள் தங்கள் விண்ணப்பம் நிராகரிக்கப்பட்டால் மீண்டும் விண்ணப்பிக்கலாம், நிராகரிப்புக்கான காரணங்களை அவர்கள் விளக்கினால்.",- [வழிகாட்டுதல்கள்](https://www.tn.gov.in/scheme/data_view/7053),,"{""dbtScheme"": false, ""implementingAgency"": null, ""schemeType"": null, ""closeDate"": null, ""priority"": 1}"
நிலக்கடலையில் பாலிதீன் தழை தொழில்நுட்பம் குறித்த தொகுதி ஆர்ப்பாட்டத்தை ஏற்பாடு செய்தல்,OBDOPMTIG,obdopmtig,State,Tamil Nadu,"Agriculture,Rural & Environment","விவசாயம், விவசாயி, தடுப்பு ஆர்ப்பாட்டம், பாலிதீன் மூலக்கூறு தொழில்நுட்பம், நிலக்கடலை",,Individual,https://www.myscheme.gov.in/ta/schemes/obdopmtig,நிலக்கடலை சாகுபடியில் உற்பத்தித்திறனை மேம்படுத்துவதற்காக பாலிதீன் தழைக்கூளம் தொழில்நுட்பத்தை பயன்படுத்த விவசாயிகளுக்கு இத்திட்டம் நிதி உதவி வழங்குகிறது.,"தமிழ்நாடு வேளாண்மை-விவசாயிகள் நலத் துறையால் நிலக்கடலையில் பாலிதீன் தழை தொழில்நுட்பம் குறித்த தொகுதி செயல்விளக்கத்தை ஏற்பாடு செய்யும் திட்டம், விவசாயிகளுக்கு உதவுவதற்காக ரூ. 4,000/- இடுபொருள் செலவுகளுக்கும், ஹெக்டேருக்கு பாலிதீன் தாள்கள் கொண்ட நிலத்திற்கு கூடுதலாக ரூ. 4,000/- வழங்குவதன் மூலம் வடிவமைக்கப்பட்டுள்ளது. பயிர் விளைச்சலை அதிகரிக்க, குறிப்பாக நிலக்கடலை விவசாயத்தில் மேம்பட்ட விவசாய தொழில்நுட்பங்களைப் பயன்படுத்துவதை ஊக்குவிப்பதை இது நோக்கமாகக் கொண்டுள்ளது. & lt; b & gt; & lt; b & gt;","- * * நிதி உதவி: * * ஆர்ப்பாட்டத்தை ஏற்பாடு செய்வதற்கான இடுபொருள்களின் செலவுக்காக ₹4,000/- உதவியும், ஒரு ஹெக்டேருக்கு பாலிதீன் தாள் கொண்ட நிலத்தை மூடுவதற்கு ₹4,000/- உதவியும் வழங்கப்படும்.",பயனாளி ஒரு விவசாயியாக இருக்க வேண்டும். பயனாளி தமிழ்நாட்டில் வசிப்பவராக இருக்க வேண்டும். பயனாளி அறக்கட்டளை மற்றும் சான்றளிக்கப்பட்ட வகுப்பு விதைகளை உற்பத்தி செய்து துறைக்கு வழங்க வேண்டும்.,<பிஆர்>,"விண்ணப்பிக்கும் முறை: நேரில் (Offline)
படி 1:
அருகிலுள்ள வேளாண் அலுவலகத்திலிருந்து விண்ணப்பப் படிவத்தை சேகரிக்கவும்.
படி 2:
தேவையான விவரங்களுடன் விண்ணப்பப் படிவத்தை பூர்த்தி செய்து, கட்டாய ஆவணங்களை இணைக்கவும் (தேவைப்பட்டால் சுய சான்றளிக்கப்பட்டவை).
படி 3:
படிவத்தை சம்பந்தப்பட்ட அலுவலகத்திற்கு சமர்ப்பிக்கவும்:
கிராம மட்டம்:
உதவி வேளாண் அலுவலரிடம் விண்ணப்பத்தை சமர்ப்பிக்கவும்.
தொகுதி நிலை:
வேளாண் அதிகாரி அல்லது துணை வேளாண் அதிகாரியிடம் சமர்ப்பிக்கவும்.
மாவட்ட அளவில்:
வேளாண்மை இணை இயக்குநரிடம் சமர்ப்பிக்கவும்.","- அடையாளச் சான்று (ஆதார் அட்டை, வாக்காளர் அடையாள அட்டை)
- நில உரிமை ஆவணங்கள் அல்லது குத்தகை ஒப்பந்தம்.
- விதை உற்பத்தி மற்றும் திணைக்களத்திற்கு வழங்குவதற்கான சான்று.
- வங்கிக் கணக்கு விவரங்கள்.
- வேறு ஏதேனும் ஆவணங்கள் (தேவைப்பட்டால்).","Q: ""நிலக்கடலையில் பாலிதீன் மல்ச் தொழில்நுட்பம் குறித்த தொகுதி ஆர்ப்பாட்டத்தை ஒழுங்கமைத்தல்"" திட்டம் என்றால் என்ன?
A: ""நிலக்கடலையில் பாலிதீன் தழைக்கூளம் தொழில்நுட்பம் குறித்த தொகுதி செயல்விளக்கத்தை ஒழுங்கமைத்தல்"" திட்டம் நிலக்கடலையில் உற்பத்தித்திறனை மேம்படுத்துவதற்காக நிலக்கடலையில் பாலிதீன் தழைக்கூளம் தொழில்நுட்பத்தை பின்பற்ற விவசாயிகளுக்கு நிதி உதவி வழங்குகிறது.

Q: இந்தத் திட்டம் எந்தப் பயிரை இலக்காகக் கொண்டுள்ளது?
A: இந்தத் திட்டம் குறிப்பாக நிலக்கடலை சாகுபடியை இலக்காகக் கொண்டுள்ளது.

Q: இந்தத் திட்டத்திற்கு யார் தகுதியானவர்கள்?
A: அறக்கட்டளை மற்றும் சான்றளிக்கப்பட்ட வகை விதைகளை உற்பத்தி செய்து துறைக்கு வழங்கும் விவசாயிகள் இந்தத் திட்டத்திற்கு தகுதியுடையவர்கள் ஆவர்.

Q: இந்தத் திட்டத்தின் கீழ் என்ன நிதி உதவி வழங்கப்படுகிறது?
A: இத்திட்டத்தின் கீழ், விவசாயிகள் உள்ளீட்டு செலவுகளுக்கு ₹4,000/- ம், பாலிதீன் தாள்களுக்கு ₹4,000/- ம் பெறுகிறார்கள்.

Q: தகுதிக்கு ஏதேனும் வருமானம் அல்லது வயது வரம்பு உள்ளதா?
A: இந்தத் திட்டத்திற்கு குறிப்பிட்ட வருமானம் அல்லது வயது வரம்புகள் எதுவும் இல்லை.

Q: விண்ணப்பத்திற்கு என்ன ஆவணங்கள் தேவை?
A: தேவையான ஆவணங்களில் நில உரிமை அல்லது குத்தகை ஒப்பந்தம், அடையாளச் சான்று, வங்கிக் கணக்கு விவரங்கள் மற்றும் துறைக்கான விதை உற்பத்திச் சான்று ஆகியவை அடங்கும்.

Q: இந்தத் திட்டத்திற்கு ஒரு விவசாயி எவ்வாறு விண்ணப்பிக்கலாம்?
A: விவசாயிகள் தங்கள் விண்ணப்பங்களை கிராம அளவில் உதவி வேளாண் அதிகாரி, வட்டார அளவில் வேளாண் அதிகாரி அல்லது துணை வேளாண் அதிகாரி அல்லது மாவட்ட அளவில் வேளாண் இணை இயக்குநர் ஆகியோரிடம் சமர்ப்பிக்க வேண்டும்.

Q: விவசாயத்தில் பாலிதீன் தழைக்கூளம் தொழில்நுட்பத்தைப் பயன்படுத்துவதன் நன்மைகள் என்ன?
A: பாலிதீன் தழைக்கூளம் மண்ணின் ஈரப்பதத்தைத் தக்கவைக்கவும், களைகளின் வளர்ச்சியைக் கட்டுப்படுத்தவும், பயிர் விளைச்சலை அதிகரிக்கவும் உதவுகிறது, இது மிகவும் திறமையான மற்றும் நிலையான விவசாயத்திற்கு வழிவகுக்கிறது.",- [வழிகாட்டுதல்கள்](https://www.tn.gov.in/scheme/data_view/7614),,"{""dbtScheme"": false, ""implementingAgency"": null, ""schemeType"": null, ""closeDate"": null, ""priority"": 1}"
ஜிப்சம்-எண்ணெய் விதைகள் விநியோகம்,DOGOS,dogos,State,Tamil Nadu,"Agriculture,Rural & Environment","விவசாயம், விவசாயி, விதை விநியோகம், ஜிப்சம், எண்ணெய் விதைகள், மானியம்",,Individual,https://www.myscheme.gov.in/ta/schemes/dogos,"""ஜிப்சம்-எண்ணெய் விதைகள் விநியோகம்"" திட்டம் ஜிப்சம் பொருட்களின் விலை மற்றும் போக்குவரத்து செலவில் மானியத்தை வழங்குகிறது, அறக்கட்டளை மற்றும் சான்றளிக்கப்பட்ட வகுப்பு விதைகளை உற்பத்தி செய்து வழங்கும் விவசாயிகளுக்கு.","தமிழ்நாடு வேளாண்மை-விவசாயிகள் நலத் துறையின் ""ஜிப்சம்-எண்ணெய் விதைகள் விநியோகம்"" திட்டம், ஜிப்சம் பொருட்களின் விலை மற்றும் போக்குவரத்து செலவுகளில் 50 சதவீதத்தை மானியமாக வழங்குவதன் மூலம் விவசாயிகளுக்கு நிதி உதவி வழங்குகிறது. அறக்கட்டளை மற்றும் சான்றளிக்கப்பட்ட வகை விதைகளை உற்பத்தி செய்து விவசாயத் துறைக்கு வழங்கும் விவசாயிகளுக்கு இந்த மானியம் வழங்கப்படுகிறது.",* * நிதி உதவி: * * பொருட்களின் செலவில் 50 சதவீதம் மற்றும் போக்குவரத்து ஹெக்டேருக்கு ரூ. 750/- இதில் எது குறைவோ அதுவாக மட்டுப்படுத்தப்பட்டுள்ளது.,பயனாளி ஒரு விவசாயியாக இருக்க வேண்டும். பயனாளி தமிழ்நாட்டில் வசிப்பவராக இருக்க வேண்டும். பயனாளி விதை உற்பத்தியில் ஈடுபட்டிருக்க வேண்டும். பயனாளி அறக்கட்டளை மற்றும் சான்றளிக்கப்பட்ட வகுப்பு விதைகளை உற்பத்தி செய்து துறைக்கு வழங்க வேண்டும்.,<பிஆர்>,"விண்ணப்பிக்கும் முறை: நேரில் (Offline)
படி 1:
அருகிலுள்ள வேளாண் அலுவலகத்திலிருந்து விண்ணப்பப் படிவத்தை சேகரிக்கவும்.
படி 2:
தேவையான விவரங்களுடன் விண்ணப்பப் படிவத்தை பூர்த்தி செய்து, கட்டாய ஆவணங்களை இணைக்கவும் (தேவைப்பட்டால் சுய சான்றளிக்கப்பட்டவை).
படி 3:
படிவத்தை சம்பந்தப்பட்ட அலுவலகத்திற்கு சமர்ப்பிக்கவும்:
கிராம மட்டம்:
உதவி வேளாண் அலுவலரிடம் விண்ணப்பத்தை சமர்ப்பிக்கவும்.
தொகுதி நிலை:
வேளாண் அதிகாரி அல்லது துணை வேளாண் அதிகாரியிடம் சமர்ப்பிக்கவும்.
மாவட்ட அளவில்:
வேளாண்மை இணை இயக்குநரிடம் சமர்ப்பிக்கவும்.","- அடையாளச் சான்று (எ. கா. ஆதார் அட்டை)
- நில உரிமை/குத்தகை ஒப்பந்தத்தின் சான்று
- விதை உற்பத்தி சான்றிதழ் மற்றும் துறைக்கு வழங்குதல் (அறக்கட்டளை/சான்றளிக்கப்பட்ட வகுப்பு).
- வங்கிக் கணக்கு விவரங்கள்.
- வேறு ஏதேனும் ஆவணங்கள் (தேவைப்பட்டால்).","Q: ஜிப்சம்-எண்ணெய் விதைகள் விநியோகம் திட்டம் என்றால் என்ன?
A: ""ஜிப்சம்-எண்ணெய் விதைகள் விநியோகம்"" திட்டம் ஜிப்சம் பொருட்களின் விலை மற்றும் போக்குவரத்து செலவில் 50 சதவீத மானியத்தை வழங்குகிறது, அறக்கட்டளை மற்றும் சான்றளிக்கப்பட்ட வகுப்பு விதைகளை உற்பத்தி செய்து வழங்கும் விவசாயிகளுக்கு.

Q: இந்தத் திட்டத்தின் மூலம் யார் பயனடையலாம்?
A: அறக்கட்டளை மற்றும் சான்றளிக்கப்பட்ட வகை விதைகளை உற்பத்தி செய்து விவசாயத் துறைக்கு வழங்கும் விவசாயிகள் இதன் பலன்களைப் பெற தகுதியுடையவர்கள் ஆவர்.

Q: இந்தத் திட்டத்தின் கீழ் என்ன வகையான மானியம் வழங்கப்படுகிறது?
A: இந்த திட்டம் ஜிப்சம் பொருட்களின் விலைக்கு 50 சதவீதம் மானியத்தையும், ஒரு ஹெக்டேருக்கு 750/- ரூபாய் போக்குவரத்து செலவையும் வழங்குகிறது.

Q: இந்தத் திட்டத்திற்கு ஒரு விவசாயி எவ்வாறு விண்ணப்பிக்க வேண்டும்?
A: ஒரு விவசாயி கிராம அளவில் உதவி வேளாண் அதிகாரி, வட்டார அளவில் துணை வேளாண் அதிகாரி அல்லது மாவட்ட அளவில் வேளாண்மை இணை இயக்குநரிடம் விண்ணப்பத்தை சமர்ப்பிக்க வேண்டும்.

Q: விண்ணப்பத்திற்கு என்ன ஆவணங்கள் தேவை?
A: தேவையான ஆவணங்களில் அடையாளச் சான்று, நில உரிமை அல்லது குத்தகை ஒப்பந்தத்தின் சான்று, விதை உற்பத்திச் சான்றிதழ், வங்கிக் கணக்கு விவரங்கள் மற்றும் நிரப்பப்பட்ட விண்ணப்பப் படிவம் ஆகியவை அடங்கும்.

Q: தகுதிக்காக உற்பத்தி செய்யப்படும் விதைகளின் வகைக்கு ஏதேனும் கட்டுப்பாடு உள்ளதா?
A: ஆம், அறக்கட்டளை மற்றும் சான்றளிக்கப்பட்ட வகுப்பு விதைகளை உற்பத்தி செய்து வழங்கும் விவசாயிகள் மட்டுமே மானியத்திற்கு தகுதியுடையவர்கள்.

Q: அனைத்து சமூகங்களைச் சேர்ந்த விவசாயிகளும் இந்தத் திட்டத்திற்கு விண்ணப்பிக்க முடியுமா?
A: ஆம், இந்தத் திட்டம் எந்தவொரு கட்டுப்பாடுகளும் இல்லாமல் அனைத்து சமூகங்களைச் சேர்ந்த விவசாயிகளுக்கும் திறந்திருக்கும்.

Q: தகுதிக்கு வருமான வரம்பு உள்ளதா?
A: இல்லை, இந்தத் திட்டத்திற்கு தகுதி பெற விவசாயிகளுக்கு வருமான வரம்பு இல்லை.

Q: இந்தத் திட்டத்திற்கு விண்ணப்பிப்பதற்கான குறிப்பிட்ட தேதிகள் ஏதேனும் உள்ளதா?
A: விண்ணப்பத் தேதிகள் மாறுபடலாம்; குறிப்பிட்ட காலக்கெடுவிற்கு விவசாயிகள் தங்கள் உள்ளூர் விவசாய அதிகாரிகளுடன் சரிபார்க்க வேண்டும்.

Q: அறக்கட்டளை அல்லது சான்றளிக்கப்பட்ட வகை விதைகளைத் தவிர வேறு விதைகளை உற்பத்தி செய்கிற விவசாயி இந்தத் திட்டத்திற்கு விண்ணப்பிக்க முடியுமா?
A: இல்லை, இந்தத் திட்டம் குறிப்பாக அறக்கட்டளை மற்றும் சான்றளிக்கப்பட்ட வகுப்பு விதைகளை உற்பத்தி செய்து வழங்கும் விவசாயிகளுக்கானது.

Q: ஒரு விவசாயி தேவையான அனைத்து ஆவணங்களையும் வழங்காவிட்டால் என்ன நடக்கும்?
A: தேவையான அனைத்து ஆவணங்களும் வழங்கப்படவில்லை என்றால் விண்ணப்பம் நிராகரிக்கப்படலாம் அல்லது தாமதப்படுத்தப்படலாம்.",- [வழிகாட்டுதல்கள்](https://www.tn.gov.in/scheme/data_view/7618),,"{""dbtScheme"": false, ""implementingAgency"": null, ""schemeType"": null, ""closeDate"": null, ""priority"": 1}"
ஆதரவற்ற விவசாயத் தொழிலாளர்கள் ஓய்வூதியத் திட்டம்,DALPS,dalps,State,Tamil Nadu,"Social welfare & Empowerment, Women and Child, Agriculture,Rural & Environment","ஆதரவற்றவர், விவசாயி, நிதி உதவி, உழைப்பு, மூத்த குடிமகன், ஆடைகள்",,Individual,https://www.myscheme.gov.in/ta/schemes/dalps,"""ஆதரவற்ற விவசாயத் தொழிலாளர்கள் ஓய்வூதியத் திட்டம்"" தமிழ்நாடு அரசின் சமூக நலம் மற்றும் சத்துணவுத் திட்டத் துறையால் தொடங்கப்பட்டது. 60 வயது மற்றும் அதற்கு மேற்பட்ட ஆதரவற்ற விவசாயத் தொழிலாளர்களுக்கு ரூ. 1,000/- ஓய்வூதியம் வழங்குவதையும், பண்டிகைகளில் வேட்டி, சேலை வழங்குவதையும் இந்தத் திட்டம் நோக்கமாகக் கொண்டுள்ளது.","ஆதரவற்ற விவசாயத் தொழிலாளர்கள் ஓய்வூதியத் திட்டம் தமிழ்நாடு அரசின் சமூக நலம் மற்றும் சத்துணவுத் துறையால் தொடங்கப்பட்டது. 60 வயதுக்குட்பட்ட ஆதரவற்ற விவசாயத் தொழிலாளர்களுக்கு ரூ. 1,000/- ஓய்வூதியம் வழங்குவதை இந்தத் திட்டம் நோக்கமாகக் கொண்டுள்ளது. இந்தத் திட்டம் பெண்களுக்கு ஒரு இலவச சேலையையும், பொங்கல் மற்றும் தீபாவளியின் போது ஆண்களுக்கு ஒரு இலவச வேட்டியையும், அங்கன்வாடி மையங்களில் இலவச அரிசியையும் வழங்குகிறது.","* ஓய்வூதியம்: * *-மாதத்திற்கு ₹1,000/-. * பொங்கல் மற்றும் தீபாவளியின் போது இலவச ஆடைகள்: * * ஆண் ஓய்வூதியதாரருக்கு ஒரு இலவச வேட்டி.-பெண் ஓய்வூதியதாரருக்கு ஒரு இலவச சேலை. * * அங்கன்வாடி மையங்களில் இலவச அரிசி: * * சத்தான உணவை உட்கொள்பவர்களுக்கு மாதத்திற்கு 2 கிலோ. சத்தான உணவை உட்கொள்ளாதவர்களுக்கு மாதத்திற்கு 4 கிலோ.","1. விண்ணப்பதாரர் ஆதரவற்ற விவசாயத் தொழிலாளியாக இருக்க வேண்டும். 1. விண்ணப்பதாரர் 60 வயது மற்றும் அதற்கு மேற்பட்டவராக இருக்க வேண்டும். 1. விண்ணப்பதாரருக்கு வருமான ஆதாரம் அல்லது வாழ்வாதாரம் எதுவும் இருக்கக் கூடாது. 1. விண்ணப்பதாரர் ஒரு பழக்கமான பிச்சைக்காரராக இருக்கக்கூடாது. 1. விண்ணப்பதாரர் ₹5,000/- க்கு மேல் மதிப்புள்ள சொத்துக்களை வைத்திருக்கக் கூடாது. 1. விண்ணப்பதாரர் 20 வயது அல்லது அதற்கு மேற்பட்ட மகன் அல்லது மகனால் ஆதரிக்கப்படக்கூடாது.",,"விண்ணப்பிக்கும் முறை: நேரில் (Offline)
படி 1:
ஆர்வமுள்ள விண்ணப்பதாரர் (அலுவலக நேரத்தில்) சிறப்பு தாசில்தார்/கிராம நிர்வாக அதிகாரியைப் பார்வையிட வேண்டும் மற்றும் பூர்த்தி செய்யப்பட்ட விண்ணப்பங்களை வழங்குவதற்கும் சேகரிப்பதற்கும் பிரத்தியேகமாக ஒப்படைக்கப்பட்ட ஊழியர்களிடமிருந்து விண்ணப்ப படிவத்தின் பரிந்துரைக்கப்பட்ட வடிவத்தின் கடின நகலைக் கோர வேண்டும்.
அல்லது
தி
 
ஆர்வமுள்ள விண்ணப்பதாரர் ஒரு வெள்ளை காகிதத்துடன் திட்டத்திற்கு விண்ணப்பிக்க வேண்டும்.
படி 2:
விண்ணப்பப் படிவத்தில், அனைத்து கட்டாய புலங்களையும் பூர்த்தி செய்து, அனைத்து கட்டாய ஆவணங்களின் நகல்களையும் இணைக்கவும் (தேவைப்பட்டால் சுய சான்றளிப்பு).
படி 3:
முறையாக நிரப்பப்பட்ட மற்றும் கையொப்பமிடப்பட்ட விண்ணப்ப படிவத்தை ஆவணங்களுடன் சிறப்பு வட்டாட்சியர்/கிராம நிர்வாக அதிகாரியிடம் சமர்ப்பிக்கவும்.
படி 4:
விண்ணப்பத்தை சமர்ப்பித்த சிறப்பு வட்டாட்சியர்/கிராம நிர்வாக அதிகாரியிடமிருந்து ரசீது அல்லது ஒப்புதலைக் கோருங்கள். ரசீதில் சமர்ப்பிக்கப்பட்ட தேதி மற்றும் நேரம் போன்ற அத்தியாவசிய விவரங்கள் மற்றும் ஒரு தனித்துவமான அடையாள எண் (பொருந்தினால்) இருப்பதை உறுதிப்படுத்திக் கொள்ளுங்கள்.","- ஆதார் அட்டை.
- வயதுச் சான்று.
- வங்கி பாஸ் புக்.
- தேவைப்பட்டால் வேறு ஏதேனும் ஆவணம்.","Q: இந்தத் திட்டத்தின் முக்கிய நோக்கம் என்ன?
A: ஆதரவற்ற விவசாயத் தொழிலாளர்களுக்கு ஓய்வூதியம் வழங்குவதே இதன் நோக்கமாகும்.

Q: இந்தத் திட்டத்தின் கீழ் எவ்வளவு ஓய்வூதியம் வழங்கப்படுகிறது?
A: இந்தத் திட்டம் மாதத்திற்கு ரூ. 1000/- ஓய்வூதியமாக வழங்குகிறது.

Q: இந்தத் திட்டத்தின் மூலம் யார் பயனடையலாம்?
A: 60 வயது மற்றும் அதற்கு மேற்பட்ட ஆதரவற்ற விவசாயத் தொழிலாளர்கள் இத்திட்டத்தின் மூலம் பயனடையலாம்.

Q: ஓய்வூதியத்தைத் தவிர ஏதேனும் கூடுதல் சலுகைகள் வழங்கப்படுகின்றனவா?
A: ஆம், பொங்கல் மற்றும் தீபாவளி பண்டிகைகளின் போது ஆண் ஓய்வூதியதாரர்கள் ஒரு இலவச வேட்டியையும், பெண் ஓய்வூதியதாரர்கள் ஆண்டுக்கு இரண்டு முறை ஒரு இலவச சேலையையும் பெறுகிறார்கள். அவர்கள் சத்தான உணவை உட்கொண்டால் மாதத்திற்கு 2 கிலோ அரிசியும், உணவு உட்கொள்ளாவிட்டால் மாதத்திற்கு 4 கிலோ அரிசியும் இலவசமாகப் பெறுகிறார்கள்.

Q: விண்ணப்பங்களை செயலாக்குவதற்கான கால வரம்பு என்ன?
A: விண்ணப்பங்கள் பெறப்பட்ட தேதியிலிருந்து ஒரு மாதத்திற்குள் செயலாக்கப்படுகின்றன.

Q: இந்தத் திட்டம் தொடர்பாக தொடர்பு கொள்ள வேண்டிய அதிகாரிகள் யார்?
A: சிறப்பு தாசில்தார் (சமூகப் பாதுகாப்புத் திட்டம்) அல்லது தாசில்தாரைத் தொடர்பு கொள்ள வேண்டும்.

Q: குறைகளை எங்கே புகாரளிக்க வேண்டும்?
A: குறைகளை வருவாய் கோட்டாட்சியர் அல்லது மாவட்ட ஆட்சியரிடம் தெரிவிக்க வேண்டும்.

Q: ஒரு விண்ணப்பம் ஒரு மாதத்திற்கு மேல் தாமதமானால் என்ன ஆதரவு கிடைக்கும்?
A: விண்ணப்பதாரர்கள் சிறப்பு தாசில்தாரை (சமூகப் பாதுகாப்புத் திட்டம்) தொடர்பு கொள்ளலாம் அல்லது பிரச்சினையைத் தீர்ப்பதற்காக வருவாய் கோட்ட அதிகாரி அல்லது மாவட்ட ஆட்சியரிடம் தெரிவிக்கலாம்.

Q: இந்தத் திட்டத்திற்கு ஒருவர் எவ்வாறு விண்ணப்பிக்கலாம்?
A: விண்ணப்பங்களை வெள்ளை காகிதத்தில் அல்லது பரிந்துரைக்கப்பட்ட வடிவத்தில் தேவையான விவரங்களுடன் சிறப்பு வட்டாட்சியர் (சமூக பாதுகாப்புத் திட்டம்) அல்லது கிராமத்தில் உள்ள கிராம நிர்வாக அதிகாரியிடம் சமர்ப்பிக்கலாம்.

Q: விண்ணப்பம் நிராகரிக்கப்பட்டால் மீண்டும் விண்ணப்பிக்க ஒரு ஏற்பாடு உள்ளதா?
A: குறிப்பிடப்படவில்லை என்றாலும், பொதுவாக விண்ணப்பதாரர்கள் சிறப்பு தாசில்தார் (சமூக பாதுகாப்புத் திட்டம்) அல்லது தொடர்புடைய அதிகாரிகளிடம் மீண்டும் விண்ணப்பிப்பது குறித்து விசாரிக்கலாம்.",- [குடிமக்கள் சாசனம் (2011)](https://cms.tn.gov.in/sites/default/files/whatsnew/socialwelfare.pdf),,"{""dbtScheme"": false, ""implementingAgency"": null, ""schemeType"": null, ""closeDate"": null, ""priority"": 1}"
கையால் இயக்கப்படும் தாவர பாதுகாப்பு உபகரணங்கள் விநியோகம்,DOMOPPE,domoppe,State,Tamil Nadu,"Agriculture,Rural & Environment","விவசாயம், விவசாயி, உபகரணங்கள் விநியோகம், கையால் இயக்கப்படும் உபகரணங்கள், தாவரப் பாதுகாப்புக் கருவிகள், மானியம்",,Individual,https://www.myscheme.gov.in/ta/schemes/domoppe,"""கையால் இயக்கப்படும் தாவர பாதுகாப்பு உபகரணங்கள் விநியோகம்"" திட்டம் விவசாயிகளுக்கு விவசாய நடைமுறைகளை மேம்படுத்துவதற்கான உபகரணங்களின் விலையில் 50 சதவீதம் மானியத்தை வழங்குகிறது.","தமிழ்நாடு வேளாண்மை-விவசாயிகள் நலத் துறையின் ""கையால் இயக்கப்படும் தாவர பாதுகாப்பு உபகரணங்கள் விநியோகம்"" திட்டம், கைமுறையாக இயக்கப்படும் தாவர பாதுகாப்பு உபகரணங்களுக்கு மானியத்தை வழங்குவதன் மூலம் விவசாயிகளுக்கு நிதி உதவி வழங்குகிறது. பருப்பு பயிர்களுடன் விதை பண்ணைகளை வளர்க்கும் விவசாயிகள் இந்த மானியத்தைப் பெற தகுதியுடையவர்கள்.",நிதி உதவி: உபகரணங்களின் விலைக்கு 50 சதவீதம் மானியம் அல்லது ரூ. 800/- இதில் எது குறைவோ அது வழங்கப்படும்.,பயனாளி ஒரு விவசாயியாக இருக்க வேண்டும். பயனாளி தமிழ்நாட்டில் வசிப்பவராக இருக்க வேண்டும். பயனாளி பருப்பு வகைகளுடன் விதை பண்ணைகளை வளர்க்க வேண்டும்.,<பிஆர்>,"விண்ணப்பிக்கும் முறை: நேரில் (Offline)
படி 1:
அருகிலுள்ள வேளாண் அலுவலகத்திலிருந்து விண்ணப்பப் படிவத்தை சேகரிக்கவும்.
படி 2:
தேவையான விவரங்களுடன் விண்ணப்பப் படிவத்தை பூர்த்தி செய்து, கட்டாய ஆவணங்களை இணைக்கவும் (தேவைப்பட்டால் சுய சான்றளிக்கப்பட்டவை).
படி 3:
படிவத்தை சம்பந்தப்பட்ட அலுவலகத்திற்கு சமர்ப்பிக்கவும்:
கிராம மட்டம்:
உதவி வேளாண் அலுவலரிடம் விண்ணப்பத்தை சமர்ப்பிக்கவும்.
தொகுதி நிலை:
வேளாண் அதிகாரி அல்லது துணை வேளாண் அதிகாரியிடம் சமர்ப்பிக்கவும்.
மாவட்ட அளவில்:
வேளாண்மை இணை இயக்குநரிடம் சமர்ப்பிக்கவும்.","- அடையாளச் சான்று (ஆதார் அட்டை, வாக்காளர் அடையாள அட்டை போன்றவை).
- நில உரிமையின் சான்று.
- பருப்பு வகைகளுடன் கூடிய விதைப் பண்ணையின் சான்று.
- வாங்கிய உபகரணங்களின் பில் அல்லது ரசீது.
- சாதிச் சான்றிதழ் (எஸ்சி/எஸ்டி விண்ணப்பதாரர்களுக்கு).
- ஒரு பண்ணை பெண் என்பதற்கான சான்று (பொருந்தினால்).
- வங்கிக் கணக்கு விவரங்கள்.
- வேறு ஏதேனும் ஆவணங்கள் (தேவைப்பட்டால்).","Q: ""கையால் இயக்கப்படும் தாவர பாதுகாப்பு உபகரணங்களின் விநியோகம்"" திட்டம் என்றால் என்ன?
A: ""கையால் இயக்கப்படும் தாவர பாதுகாப்பு உபகரணங்கள் விநியோகம்"" திட்டம் விவசாயிகளுக்கு விவசாய நடைமுறைகளை மேம்படுத்துவதற்கான உபகரணங்களின் விலையில் 50 சதவீதம் மானியத்தை வழங்குகிறது.

Q: இந்தத் திட்டத்தின் கீழ் மானியத்திற்கு யார் தகுதியானவர்கள்?
A: பருப்பு பயிர்களுடன் விதை பண்ணைகளை வளர்க்கும் அனைத்து விவசாயிகளும் தகுதியுடையவர்கள். எஸ்சி/எஸ்டி பிரிவினர் (24 சதவீதம்) மற்றும் விவசாயப் பெண்கள் (20 சதவீதம்) ஆகியோருக்கு சிறப்பு ஒதுக்கீடுகள் வழங்கப்பட்டுள்ளன.

Q: இந்தத் திட்டத்தின் கீழ் வழங்கப்படும் மானியத் தொகை எவ்வளவு?
A: உபகரணங்களின் விலையில் 50 சதவீதம் அல்லது ரூ. 800/- இதில் எது குறைவோ அது மானியமாக வழங்கப்படும்.

Q: மானியத்திற்கு எப்படி விண்ணப்பிப்பது?
A: கிராம அளவில் உதவி வேளாண் அதிகாரி, வட்டார அளவில் வேளாண் அதிகாரி/துணை வேளாண் அதிகாரி, வட்டார அளவில் வேளாண் உதவி இயக்குநர் அல்லது மாவட்ட அளவில் வேளாண் இணை இயக்குநர் ஆகியோரிடம் விண்ணப்பங்களை சமர்ப்பிக்க வேண்டும்.

Q: விண்ணப்பத்திற்கு என்ன ஆவணங்கள் தேவை?
A: தேவையான ஆவணங்களில் அடையாளச் சான்று, நில உரிமைச் சான்று, பில் அல்லது வாங்கிய உபகரணங்களின் ரசீது, பருப்பு வகைகளுடன் கூடிய விதை பண்ணையின் சான்று, சாதிச் சான்றிதழ் (எஸ்சி/எஸ்டி விண்ணப்பதாரர்களுக்கு), விவசாயப் பெண் என்பதற்கான சான்று (பொருந்தினால்) மற்றும் வங்கிக் கணக்கு விவரங்கள் ஆகியவை அடங்கும்.

Q: இந்தத் திட்டம் எவ்வளவு காலம் செல்லுபடியாகும்?
A: திட்டத்தின் செல்லுபடியாகும் தன்மை நிதி கிடைப்பதைப் பொறுத்தது.

Q: எஸ்சி/எஸ்டி மற்றும் விவசாயப் பெண்களுக்கு குறிப்பிட்ட ஒதுக்கீடு உள்ளதா?
A: ஆம், மானிய ஒதுக்கீட்டில் 24 சதவீதம் எஸ்சி/எஸ்டி விவசாயிகளுக்கும், 20 சதவீதம் விவசாயப் பெண்களுக்கும் ஒதுக்கப்பட்டுள்ளது.

Q: அவர்/அவள் ஒரு விவசாயி அல்ல, ஆனால் தொடர்புடைய விவசாய நடவடிக்கைகளில் ஈடுபட்டிருந்தால் விண்ணப்பதாரர் மானியத்தைப் பெற முடியுமா?
A: இல்லை, இந்தத் திட்டம் குறிப்பாக பருப்பு வகைகளுடன் விதைப் பண்ணைகளை வளர்க்கும் விவசாயிகளுக்கானது.

Q: விண்ணப்பத்தின் நிலையை எவ்வாறு சரிபார்ப்பது?
A: விண்ணப்பதாரர் விண்ணப்பத்தை சமர்ப்பித்த அலுவலகத்தைத் தொடர்புகொள்வதன் மூலம் விண்ணப்பத்தின் நிலையை சரிபார்க்கலாம்.

Q: விண்ணப்பம் நிராகரிக்கப்பட்டால் என்ன செய்வது?
A: விண்ணப்பம் நிராகரிக்கப்பட்டால், மேலும் விவரங்களுக்கு விண்ணப்பதாரர் அந்தந்த விவசாய அதிகாரியைத் தொடர்பு கொள்ளலாம்.",- [வழிகாட்டுதல்கள்](https://www.tn.gov.in/scheme/data_view/7070),,"{""dbtScheme"": false, ""implementingAgency"": null, ""schemeType"": null, ""closeDate"": null, ""priority"": 1}"
தரமான நெல் விதை விநியோகம்,QPSD,qpsd,State,Tamil Nadu,"Agriculture,Rural & Environment","விவசாயம், விவசாயி, நெல், விதை உற்பத்தி",,Individual,https://www.myscheme.gov.in/ta/schemes/qpsd,"தரமான நெல் விதை விநியோகத் திட்டம், சான்றளிக்கப்பட்ட நெல் விதைகளுக்கு கிலோ ஒன்றுக்கு ரூ. 5/- மானியத்தை வழங்குகிறது.","தமிழ்நாடு வேளாண்மை-விவசாயிகள் நலத் துறையால் 2011 ஆகஸ்ட் 22 அன்று அறிமுகப்படுத்தப்பட்ட ""தரமான நெல் விதை விநியோகம்"" திட்டம், சான்றளிக்கப்பட்ட நெல் விதைகளுக்கு கிலோ ஒன்றுக்கு ரூ. 5/- மானியத்தை வழங்குகிறது. வேளாண் விரிவாக்க மையங்களில் இருந்து விதைகளை வாங்கும் போது விவசாயிகள் இந்த நன்மையைப் பெறலாம். இந்த முன்முயற்சி விவசாயிகளின் செலவுச் சுமையைக் குறைக்க உதவுகிறது, மேலும் பயிர் விளைச்சலை மேம்படுத்த உயர்தர நெல் விதைகளைப் பயன்படுத்த அவர்களை ஊக்குவிக்கிறது.",நிதி உதவி: சான்றளிக்கப்பட்ட நெல் விதைகளுக்கு கிலோ ஒன்றுக்கு ரூ. 5/- மானியம். & Ltd; பிஆர் & ஜிடி;,பயனாளி ஒரு விவசாயியாக இருக்க வேண்டும். பயனாளி தமிழ்நாட்டில் வசிப்பவராக இருக்க வேண்டும். பயனாளி விவசாய விரிவாக்க மையங்களில் இருந்து சான்றளிக்கப்பட்ட நெல் விதைகளை வாங்க வேண்டும்.,<பிஆர்>,"விண்ணப்பிக்கும் முறை: நேரில் (Offline)
படி 1:
அருகிலுள்ள வேளாண் அலுவலகத்திலிருந்து விண்ணப்பப் படிவத்தை சேகரிக்கவும்.
படி 2:
தேவையான விவரங்களுடன் விண்ணப்பப் படிவத்தை பூர்த்தி செய்து, கட்டாய ஆவணங்களை இணைக்கவும் (தேவைப்பட்டால் சுய சான்றளிக்கப்பட்டவை).
படி 3:
படிவத்தை சம்பந்தப்பட்ட அலுவலகத்திற்கு சமர்ப்பிக்கவும்:
கிராம மட்டம்:
உதவி வேளாண் அலுவலரிடம் விண்ணப்பத்தை சமர்ப்பிக்கவும்.
தொகுதி நிலை:
வேளாண் அதிகாரி அல்லது துணை வேளாண் அதிகாரியிடம் சமர்ப்பிக்கவும்.
மாவட்ட அளவில்:
வேளாண்மை இணை இயக்குநரிடம் சமர்ப்பிக்கவும்.","- அடையாளச் சான்று (ஆதார் அட்டை, வாக்காளர் அடையாள அட்டை).
- நில உரிமை ஆவணங்கள் அல்லது குத்தகை ஒப்பந்தம்.
- வேறு ஏதேனும் ஆவணங்கள் (தேவைப்பட்டால்).","Q: தரமான நெல் விதை விநியோகத் திட்டம் என்றால் என்ன?
A: தரமான நெல் விதை விநியோகத் திட்டம் விவசாயிகளுக்கு சான்றளிக்கப்பட்ட நெல் விதைகளுக்கு கிலோ ஒன்றுக்கு 5 ரூபாய் மானியமாக வழங்குகிறது.

Q: இத்திட்டத்தின் பயனாளிகள் யார்?
A: பயனாளிகள் விவசாய விரிவாக்க மையங்களில் சான்றளிக்கப்பட்ட நெல் விதைகளை வாங்கும் விவசாயிகள் ஆவர்.

Q: இந்தத் திட்டத்தின் முதன்மையான பயன்கள் யாவை?
A: விவசாயிகளுக்கான செலவுகளைக் குறைக்க சான்றளிக்கப்பட்ட நெல் விதைகளுக்கு கிலோ ஒன்றுக்கு 5/- ரூபாய் மானியம் வழங்குவதே இதன் முதன்மைப் பயனாகும்.

Q: மானிய விலையில் கிடைக்கும் விதைகளை எங்கே வாங்கலாம்?
A: விவசாயிகள் விவசாய விரிவாக்க மையங்களில் மானிய விலையில் விதைகளை வாங்கலாம்.

Q: மானியத்திற்கு விவசாயிகள் எவ்வாறு விண்ணப்பிக்கலாம்?
A: விவசாயிகள் தங்கள் கிராம அளவிலான உதவி வேளாண் அதிகாரி, வட்டார அளவிலான விதை அதிகாரி அல்லது மாவட்ட வேளாண் இணை இயக்குநர் மூலம் மானியத்திற்கு விண்ணப்பிக்கலாம்.

Q: இந்தத் திட்டத்தைப் பயன்படுத்த வருமான வரம்பு உள்ளதா?
A: இந்தத் திட்டத்திற்கு தகுதி பெற வருமான வரம்பு இல்லை.

Q: இந்தத் திட்டத்திற்கு ஏதேனும் வயது வரம்புகள் உள்ளனவா?
A: இல்லை, இந்தத் திட்டத்தைப் பெறுவதற்கு வயது வரம்புகள் எதுவும் இல்லை.

Q: சமூகம் அல்லது சாதி கட்டுப்பாடுகள் ஏதேனும் உள்ளதா?
A: இந்தத் திட்டம் அனைத்து சமூகங்கள் மற்றும் சாதிகளைச் சேர்ந்த விவசாயிகளுக்கும் திறந்திருக்கும்.

Q: மானியத்திற்கு விண்ணப்பிக்க என்ன ஆவணங்கள் தேவை?
A: விவசாயிகள் விண்ணப்பிக்க விவசாயச் சான்று (நில உரிமை/குத்தகை ஆவணங்கள்), அடையாளச் சான்று மற்றும் வசிப்பிடச் சான்று தேவைப்படும்.

Q: விவசாயிகளுக்கு மானியம் எப்படி வழங்கப்படுகிறது?
A: மானியத்தை வாங்கும் போது விதை விலையிலிருந்து நேரடியாகக் கழிக்கப்படுகிறது.

Q: இந்தத் திட்டம் எப்போது அறிமுகப்படுத்தப்பட்டது?
A: இந்தத் திட்டம் ஆகஸ்ட் 22,2011 அன்று அறிமுகப்படுத்தப்பட்டது.

Q: மேலும் தகவல்களுக்கு விவசாயிகள் யாரைத் தொடர்பு கொள்ள வேண்டும்?
A: மேலும் விவரங்களுக்கு விவசாயிகள் தங்கள் கிராம அளவிலான உதவி வேளாண் அதிகாரி அல்லது மாவட்ட வேளாண்மை இணை இயக்குநரைத் தொடர்பு கொள்ள வேண்டும்.",- [வழிகாட்டுதல்கள்](https://www.tn.gov.in/scheme/data_view/19244),,"{""dbtScheme"": false, ""implementingAgency"": null, ""schemeType"": null, ""closeDate"": null, ""priority"": 1}"
ஏலக்காய் ஏற்றுமதி ஊக்குவிப்பு மற்றும் மசாலாப் பொருட்களின் தர மேம்பாடு மற்றும் ஆராய்ச்சி மற்றும் மேம்பாட்டுக்கான ஒருங்கிணைந்த திட்டம்: அறுவடைக்குப் பிந்தைய மேம்பாடு: சிறிய ஏலக்காய்க்கான ஐ. சி. சி. டி. (மேம்படுத்தப்பட்ட ஏலக்காய் குணப்படுத்தும் சாதனங்கள்),ISFEPQIISARADOCPHICDSCNOSICCD,isfepqiisaradocphicdscnosiccd,Central,"Kerala, Tamil Nadu, Karnataka","Agriculture,Rural & Environment, Business & Entrepreneurship","சிறிய ஏலக்காய், மசாலா பலகை, விவசாயம், விவசாயம், விவசாயி",Ministry Of Commerce And Industry,Individual,https://www.myscheme.gov.in/ta/schemes/isfepqiisaradocphicdscnosiccd,"சிறிய ஏலக்காயை உலர்த்துவதற்கு மேம்படுத்தப்பட்ட ஏலக்காய் குணப்படுத்தும் சாதனங்களை (ஐ. சி. சி. டி) பின்பற்ற ஏலக்காய் விவசாயிகளை ஊக்குவிப்பதை இந்தத் திட்டம் நோக்கமாகக் கொண்டுள்ளது, இதன் மூலம் விளைபொருட்களின் தரத்தை மேம்படுத்துவதோடு ஏற்றுமதியை மேலும் மேம்படுத்தவும் முடியும்.","ஏற்றுமதி ஊக்குவிப்பு மற்றும் மசாலாப் பொருட்களின் தர மேம்பாடு மற்றும் ஏலக்காய் ஆராய்ச்சி மற்றும் மேம்பாட்டுக்கான ஒருங்கிணைந்த திட்டம்: அறுவடைக்குப் பிந்தைய மேம்பாடு-சிறிய ஏலக்காய்க்கான மேம்படுத்தப்பட்ட ஏலக்காய் குணப்படுத்தும் சாதனங்கள் (ஐசிசிடி) இந்திய அரசின் வர்த்தக மற்றும் கைத்தொழில் அமைச்சகத்தின் கீழ் உள்ள இந்திய மசாலா வாரியத்தால் இது செயல்படுத்தப்படுகிறது. சிறிய ஏலக்காயை உலர்த்துவதற்கு மேம்படுத்தப்பட்ட ஏலக்காய் குணப்படுத்தும் சாதனங்களை (ஐ. சி. சி. டி) பின்பற்ற ஏலக்காய் விவசாயிகளை ஊக்குவிப்பதை இந்தத் திட்டம் நோக்கமாகக் கொண்டுள்ளது, இதன் மூலம் விளைபொருட்களின் தரத்தை மேம்படுத்துவதோடு ஏற்றுமதியை மேம்படுத்தவும் முடியும். 15வது நிதிக்குழு காலத்தில் (2021-22 முதல் 2025-26 வரை) ஏற்றுமதி ஊக்குவிப்பு மற்றும் மசாலாப் பொருட்களின் தர மேம்பாடு மற்றும் ஏலக்காய் ஆராய்ச்சி மற்றும் மேம்பாட்டுக்கான ஒருங்கிணைந்த திட்டத்தின் கீழ் தகுதிவாய்ந்த ஆணையத்தால் அங்கீகரிக்கப்பட்ட வழிமுறைகள் மற்றும் வழிகாட்டுதல்களின்படி இது செயல்படுத்தப்பட்டு வருகிறது. <பிஆர்>","அடையாளம் காணப்பட்ட கிளஸ்டர்களில் உள்ள எஸ்சி/எஸ்டி மற்றும் 90 சதவீதம் மசாலா உற்பத்தியாளர் குழுக்களுக்கு ஒரு யூனிட்டுக்கு அதிகபட்சமாக ரூ. 347,500/- க்கு உட்பட்டு, யூனிட் செலவில் 33.33 சதவீதம், பொதுப் பிரிவினருக்கு ஒரு யூனிட்டுக்கு அதிகபட்சமாக ரூ. 150,000/- க்கும் உட்பட்டு, அதிகபட்சமாக ரூ. 40 ஹெக்டேர் முதல் 8 ஹெக்டேர் வரை நிலம் வைத்திருக்கும் பதிவுசெய்யப்பட்ட ஏலக்காய் விவசாயிகள் குழுக்கள்/எஃப். பி. ஓ. க்களுக்கு உதவி கியூ. ஜி. பி. ஜி. யில் உள்ளபடி இருக்கும்","1. விண்ணப்பதாரர் கேரளா, தமிழ்நாடு மற்றும் தமிழ்நாட்டைச் சேர்ந்தவராக இருக்க வேண்டும் கர்நாடகா. 2. நியமிக்கப்பட்ட அதிகாரிகள் இறுதி ஆய்வு நடத்தி தகுதியான வழக்குகளை பரிந்துரைப்பார்கள்",<பிஆர்>,"விண்ணப்பிக்கும் முறை: இணையவழியில் (Online)
Registration
Step 1: The applicant should visit the 
ServicesPlus
 website.
Step 2: Click on the “
Register” 
option on the homepage.
Step 3: Fill out the registration form by entering Full Name, Email ID, Mobile Number, Password, selecting State, and Captcha.
Step 4: Review all details carefully and submit the registration form.
Step 5: An OTP will be sent to your registered mobile number or email; enter the OTP and click “Verify.”
Step 6: Registration will be completed successfully, and a confirmation message will be displayed or sent via email.
Login
Step 1: The applicant should visit the ServicesPlus website and click on 
“Login.”
Step 2: Enter your Email ID, Password, and Captcha.
Step 3: Select the relevant service/scheme name.
Step 4: Fill in the required details in the application form.
Step 5: Submit the application.","அ) ஆதார் அட்டை
ஆ) நடப்பு ஆண்டு நிலவரி ரசீது/சித்தா அடங்கல்
இ) வங்கி பாஸ் புத்தகம்
ஈ) சி. ஆர்/ஏ. சி. ஆர்
ஈ) மசாலா வாரியத்தால் பட்டியலிடப்பட்ட உபகரணங்கள்/சாதனங்களின் செல்லுபடியாகும் உற்பத்தியாளரிடமிருந்து வாங்குவதற்கான விலைப்பட்டியல் மற்றும் கட்டண ஆவணங்கள்","Q: சிறிய ஏலக்காய் திட்டத்திற்கான ஐசிசிடி என்றால் என்ன?
A: உலர்ந்த ஏலக்கையின் தரத்தை மேம்படுத்துவதற்கும் அதன் ஏற்றுமதி திறனை மேம்படுத்துவதற்கும் மேம்படுத்தப்பட்ட ஏலக்காய் குணப்படுத்தும் சாதனங்களை (ஐ. சி. சி. டி) நிறுவ பதிவுசெய்யப்பட்ட ஏலக்காய் விவசாயிகளுக்கு இந்தத் திட்டம் நிதி உதவி வழங்குகிறது.

Q: எந்த அமைப்பு இந்த திட்டத்தை செயல்படுத்துகிறது?
A: இந்தத் திட்டத்தை இந்திய அரசின் வர்த்தக மற்றும் தொழில்துறை அமைச்சகத்தின் கீழ் உள்ள இந்திய மசாலா வாரியம் செயல்படுத்துகிறது.

Q: இந்தத் திட்டத்தின் நோக்கம் என்ன?
A: ஏலக்காயை உலர்த்துவதற்கும், ஏற்றுமதி சந்தைகளுக்கு ஏற்ற உயர்தர ஏலக்காயை உற்பத்தி செய்வதற்கும் மேம்பட்ட குணப்படுத்தும் தொழில்நுட்பங்களை பின்பற்ற விவசாயிகளை ஊக்குவிப்பதே இதன் நோக்கமாகும்.

Q: இத்திட்டத்தின் கீழ் உதவி பெற யார் விண்ணப்பிக்க தகுதியுடையவர்?
A: 40 ஹெக்டேர் முதல் 8 ஹெக்டேர் வரை நிலம் வைத்திருக்கும் பதிவு செய்யப்பட்ட ஏலக்காய் விவசாயிகள் விண்ணப்பிக்க தகுதியுடையவர்கள்.

Q: எந்தெந்த மாநிலங்களில் இந்தத் திட்டம் உள்ளது?
A: ஏலக்காய் பயிரிடும் மாநிலங்களான கேரளா, தமிழ்நாடு மற்றும் கர்நாடகாவில் இந்தத் திட்டம் உள்ளது.

Q: பொதுப் பிரிவு பயனாளிகளுக்கு என்ன மானியம் வழங்கப்படுகிறது?
A: பொதுப் பிரிவு பயனாளிகள் அலகு செலவில் 33.33 சதவீதத்தைப் பெறலாம், இது ஒரு அலகுக்கு அதிகபட்ச மானியமாக ரூ.

Q: எஸ்சி/எஸ்டி பயனாளிகளுக்கு என்ன மானியம் வழங்கப்படுகிறது?
A: எஸ்சி/எஸ்டி பயனாளிகள் அலகு செலவில் 75 சதவீதத்திற்கு தகுதியுடையவர்கள், அதிகபட்சமாக ஒரு அலகுக்கு ரூ. 33,7,500 மானியத்திற்கு உட்பட்டு.

Q: அடையாளம் காணப்பட்ட குழுக்களில் உள்ள மசாலா உற்பத்தியாளர் குழுக்களுக்கு என்ன மானியம் வழங்கப்படுகிறது?
A: அடையாளம் காணப்பட்ட கிளஸ்டர்களில் உள்ள மசாலா உற்பத்தியாளர் குழுக்கள் யூனிட் செலவில் 90 சதவீதத்தைப் பெறலாம், இது ஒரு யூனிட்டுக்கு அதிகபட்சமாக 4 லட்சம் ரூபாய் மானியத்திற்கு உட்பட்டது.

Q: அங்கீகரிக்கப்பட்ட உற்பத்தியாளரிடமிருந்து குணப்படுத்தும் சாதனத்தை வாங்குவது கட்டாயமா?
A: ஆம். மசாலா வாரியத்தால் பட்டியலிடப்பட்ட செல்லுபடியாகும் உற்பத்தியாளரிடமிருந்து உபகரணங்கள் வாங்கப்பட வேண்டும்.","- [வழிகாட்டுதல்கள்](https://www.indianspices.com/export_oriented_prod.html)
- [பயன்பாட்டு இணையதளம்](https://serviceonline.gov.in/dbt/login.do)",,"{""dbtScheme"": false, ""implementingAgency"": null, ""schemeType"": {""value"": ""centrally-sponsored-scheme"", ""label"": ""Centrally Sponsored Scheme""}, ""closeDate"": null, ""priority"": 1}"
"துறை மூலமாகவும், தமிழ்நாடு தேசிய பல்கலைக்கழகத்தின் மூலமாகவும் தொகுதி ஆர்ப்பாட்டத்தை ஏற்பாடு செய்தல்",OBDTDAATTNAU,obdtdaattnau,State,Tamil Nadu,"Agriculture,Rural & Environment","விவசாயம், விவசாயி, தடுப்பு ஆர்ப்பாட்டம், மக்காச்சோளம்",,Individual,https://www.myscheme.gov.in/ta/schemes/obdtdaattnau,"""துறை மூலமாகவும், தமிழ்நாடு வேளாண்மைப் பல்கலைக்கழகம் மூலமாகவும் தொகுதிக் காட்சிகளை ஏற்பாடு செய்தல்"" என்ற திட்டம் மக்காச்சோள சாகுபடிக்கு விவசாயிகளுக்கு மானியங்களை வழங்குகிறது. 1 ஹெக்டேர் நிலப்பரப்பில் சாகுபடி நடைமுறைகளை நிரூபிக்க விவசாயிகள் மானியத்தைப் பெறலாம்.","தமிழ்நாடு வேளாண்மைப் பல்கலைக்கழகம் மற்றும் வேளாண்மைத் துறையால் (தமிழ்நாடு வேளாண்மைப் பல்கலைக்கழகம்) நடத்தப்படும் ""தமிழ்நாடு வேளாண்மை-விவசாயிகள் நலத் துறை மூலம் மற்றும் தமிழ்நாடு வேளாண்மைப் பல்கலைக்கழகம் மூலம் வட்டாரக் கண்காட்சியை ஏற்பாடு செய்தல்"" என்ற திட்டம், வட்டாரக் கண்காட்சிகள் மூலம் மக்காச்சோள சாகுபடியை மேம்படுத்துவதற்காக வடிவமைக்கப்பட்டுள்ளது. தமிழ்நாட்டின் தேர்ந்தெடுக்கப்பட்ட மாவட்டங்களைச் சேர்ந்த விவசாயிகள் இதில் பங்கேற்கலாம். இது 1 ஹெக்டேர் நிலங்களுக்கு ஒரு கண்காட்சிக்கு ₹4,000/- வழங்குகிறது. சிறு, குறு, எஸ்சி/எஸ்டி மற்றும் பெண் விவசாயிகளுக்கு சிறப்பு கவனம் செலுத்தப்படுகிறது.","* * நிதி உதவி: * * ₹4,000/- ஒவ்வொரு 1 ஹெக்டேர் நிலப்பரப்புக்கும்.","பயனாளி ஒரு விவசாயியாக இருக்க வேண்டும். பயனாளி தமிழ்நாட்டில் வசிப்பவராக இருக்க வேண்டும். பயனாளி பின்வரும் மாவட்டங்களில் மக்காச்சோளத்தை பயிரிட வேண்டும்: கோயம்புத்தூர், தூத்துக்குடி, ஈரோடு, தருமபுரி, கிருஷ்ணகிரி, நாமக்கல், பெரம்பலூர், விருதுநகர், தேனி, வில்லுபுரம், வேலூர், சேலம், புதுக்கோட்டை, மதுரை, சிவகங்கை, திருச்சி, திருநெல்வேலி மற்றும் தூத்துக்குடி. பிஆர் & ஜிடி;",<பிஆர்>,"விண்ணப்பிக்கும் முறை: நேரில் (Offline)
படி 1:
அருகிலுள்ள வேளாண் அலுவலகத்திலிருந்து விண்ணப்பப் படிவத்தை சேகரிக்கவும்.
படி 2:
தேவையான விவரங்களுடன் விண்ணப்பப் படிவத்தை பூர்த்தி செய்து, கட்டாய ஆவணங்களை இணைக்கவும் (தேவைப்பட்டால் சுய சான்றளிக்கப்பட்டவை).
படி 3:
படிவத்தை சம்பந்தப்பட்ட அலுவலகத்திற்கு சமர்ப்பிக்கவும்:
கிராம மட்டம்:
உதவி வேளாண் அலுவலரிடம் விண்ணப்பத்தை சமர்ப்பிக்கவும்.
தொகுதி நிலை:
வேளாண் அதிகாரி அல்லது துணை வேளாண் அதிகாரியிடம் சமர்ப்பிக்கவும்.
மாவட்ட அளவில்:
வேளாண்மை இணை இயக்குநரிடம் சமர்ப்பிக்கவும்.","- அடையாளச் சான்று (ஆதார் அட்டை, வாக்காளர் அடையாள அட்டை)
- நில உரிமை ஆவணங்கள் அல்லது குத்தகை ஒப்பந்தம்.
- மக்காச்சோளம் சாகுபடி/விவசாயத்தின் சான்று.
- வங்கிக் கணக்கு விவரங்கள்.
- சாதி சான்றிதழ் (பொருந்தினால்).
- சிறு/குறு விவசாயி அந்தஸ்துக்கான சான்று (பொருந்தினால்).
- பெண் விவசாயிகள் குழு பதிவு ஆவணங்கள் (பொருந்தினால்).
- வேறு ஏதேனும் ஆவணங்கள் (தேவைப்பட்டால்).","Q: ""துறை மூலம் மற்றும் டி. என். ஏ. யு மூலம் தொகுதி ஆர்ப்பாட்டத்தை ஒழுங்கமைத்தல்"" திட்டம் என்றால் என்ன?
A: ""துறை மூலமாகவும், தமிழ்நாடு வேளாண்மைப் பல்கலைக்கழகம் மூலமாகவும் தொகுதிக் காட்சிகளை ஏற்பாடு செய்தல்"" என்ற திட்டம் மக்காச்சோள சாகுபடிக்கு விவசாயிகளுக்கு மானியங்களை வழங்குகிறது. 1 ஹெக்டேர் நிலப்பரப்பில் சாகுபடி நடைமுறைகளை நிரூபிக்க விவசாயிகள் மானியத்தைப் பெறலாம்.

Q: இந்தத் திட்டத்திற்கு யார் தகுதியானவர்கள்?
A: கோயம்புத்தூர், தூத்துக்குடி, ஈரோடு, தருமபுரி, கிருஷ்ணகிரி, நாமக்கல், பெரம்பலூர், விருதுநகர், தேனி, வில்லுபுரம், வேலூர், சேலம், புதுக்கோட்டை, மதுரை, சிவகங்கை, திருச்சி, திருநெல்வேலி மற்றும் தூத்துக்குடி ஆகிய மாவட்டங்களில் மக்காச்சோளம் பயிரிடும் அனைத்து விவசாயிகளும் இத்திட்டத்தின் கீழ் மானியம் பெற தகுதியுடையவர்கள். சிறு, குறு, பழங்குடியினர் மற்றும் பெண் விவசாயிகளுக்கு முன்னுரிமை அளிக்கப்படும்.

Q: இத்திட்டத்தின் கீழ் வழங்கப்படும் நன்மைகள் என்ன?
A: இத்திட்டத்தின் கீழ் விவசாயிகள் 1 ஹெக்டேர் நிலத்திற்கு ரூ. 4,000/- பெறுகின்றனர்.

Q: இந்தத் திட்டத்திற்கு எப்படி விண்ணப்பிப்பது?
A: கிராம அளவில் உதவி வேளாண் அதிகாரி மூலமாகவோ அல்லது மாவட்ட அளவில் வேளாண்மை இணை இயக்குநர் மூலமாகவோ விவசாயிகள் விண்ணப்பிக்கலாம்.

Q: விண்ணப்பத்திற்கு என்ன ஆவணங்கள் தேவை?
A: நில உரிமைச் சான்று, அடையாளச் சான்று, குடியிருப்புச் சான்று மற்றும் வங்கி விவரங்கள் போன்ற ஆவணங்கள் தேவை.

Q: இந்தத் திட்டம் மக்காச்சோள சாகுபடிக்கு மட்டும்தானா?
A: ஆம், இது குறிப்பாக மக்காச்சோளம் சாகுபடி செயல்விளக்கங்களுக்கானது.

Q: சிறு மற்றும் குறு விவசாயிகள் விண்ணப்பிக்க முடியுமா?
A: ஆம், சிறு மற்றும் குறு விவசாயிகளுக்கு முன்னுரிமை அளிக்கப்படுகிறது.

Q: எஸ்சி/எஸ்டி விவசாயிகளுக்கு ஒதுக்கீடு உள்ளதா?
A: ஆம், திட்டத்தின் பலன்களில் 24 சதவீதம் எஸ்சி/எஸ்டி விவசாயிகளுக்கு ஒதுக்கப்பட்டுள்ளது.

Q: பெண் விவசாயிகள் விண்ணப்பிக்க முடியுமா?
A: ஆம், 20 சதவீதம் சலுகைகள் பெண் விவசாயிகள் அல்லது பெண் விவசாயிகள் குழுக்களுக்கு ஒதுக்கப்பட்டுள்ளன.

Q: இந்தத் திட்டத்தில் டி. என். ஏ. யுவின் பங்கு என்ன?
A: டிஎன்ஏயு, விவசாயத் துறையுடன் இணைந்து, தொகுதி ஆர்ப்பாட்டங்களை ஒழுங்கமைக்கவும் மேற்பார்வையிடவும் உதவுகிறது.",- [வழிகாட்டுதல்கள்](https://www.tn.gov.in/scheme/data_view/6854),,"{""dbtScheme"": false, ""implementingAgency"": null, ""schemeType"": null, ""closeDate"": null, ""priority"": 1}"
மசாலா பொருட்களின் ஏற்றுமதியை மேம்படுத்துதல் மற்றும் தரத்தை மேம்படுத்துதல் மற்றும் ஏலக்காய் ஆராய்ச்சி மற்றும் மேம்பாட்டுக்கான ஒருங்கிணைந்த திட்டம்: சிறிய ஏலக்காய் நீர்ப்பாசன நில மேம்பாடு: நீர்ப்பாசன உபகரணங்கள் (எண்,ISFEPQIISARADOCSCILDIE,isfepqiisaradocscildie,Central,"Kerala, Karnataka, Tamil Nadu","Agriculture,Rural & Environment","ஈர்ப்பு கருவிகள், நீர்ப்பாசன பம்ப், மைக்ரோ ஸ்ப்ரிங்க்லர் தொகுப்புகள், விவசாயி",Ministry Of Commerce And Industry,Individual,https://www.myscheme.gov.in/ta/schemes/isfepqiisaradocscildie,"சிறிய ஏலக்காய் உற்பத்தியை அதிகரிப்பதற்கும், சிறிய ஏலக்காய் உற்பத்தியின் தரத்தை மேம்படுத்துவதற்கும், அதிக நிலப்பரப்பை நீர்ப்பாசனம் மற்றும் நில மேம்பாட்டின் கீழ் கொண்டு வர சிறு ஏலக்காய் விவசாயிகளை ஊக்குவிப்பதே இத்திட்டத்தின் நோக்கமாகும்.","வர்த்தக மற்றும் கைத்தொழில் அமைச்சகத்தின் கீழ் உள்ள மசாலா வாரியத்தால் செயல்படுத்தப்படும் நீர்ப்பாசன உபகரணங்களுக்கான திட்டம் (எண்.) மற்றும் 15வது நிதிக்குழு காலத்தில் (2021-22 முதல் 2025-26 வரை) ""ஏற்றுமதி ஊக்குவிப்பு மற்றும் மசாலாப் பொருட்களின் தர மேம்பாடு மற்றும் ஏலக்காய் ஆராய்ச்சி மற்றும் மேம்பாட்டுக்கான ஒருங்கிணைந்த திட்டத்தை"" செயல்படுத்த தகுதிவாய்ந்த ஆணையத்தால் அங்கீகரிக்கப்பட்ட வழிமுறைகள் மற்றும் திட்ட வழிகாட்டுதல்களின்படி, அதிக நிலப்பரப்பை நீர்ப்பாசனம் மற்றும் நில மேம்பாட்டின் கீழ் கொண்டு வர விவசாயிகளை ஊக்குவிக்க நிதி உதவி வழங்கப்படுகிறது. பல்வேறு நீர்ப்பாசன முறைகளை பின்பற்றுவதன் மூலம் உற்பத்தித்திறனை அதிகரிப்பதையும், சிறிய ஏலக்கையின் தரத்தை மேம்படுத்துவதையும் இந்தத் திட்டம் நோக்கமாகக் கொண்டுள்ளது. * * பின்வரும் கருவிகளை நிறுவுவதற்கு உதவி வழங்கப்படுகிறது: * (அ) ஈர்ப்பு நீர்ப்பாசன உபகரணங்கள், (ஆ) நீர்ப்பாசன பம்ப் செட்டுகள் (ஐபி செட்டுகள்), மற்றும் (இ) தெளிப்பான், சொட்டு மற்றும் மைக்ரோ-தெளிப்பான் செட்டுகள்","1. உபகரணங்களின் விலையில் 50 சதவீதம் அதிகபட்சமாக ரூ. 5000 (ஜெனரேஷன்) மற்றும் ஈர்ப்பு விசைக்கு ரூ. 11250 (எஸ்சி/எஸ்டி) ஐபி செட்டுக்கு ₹15,000 (ஜெனரல்) மற்றும் ₹45,000 (எஸ்சி/எஸ்டி) மற்றும் ஸ்ப்ரிங்க்லர்/மைக்ரோ ஸ்பிரிங்க்லர் செட்களுக்கு ₹32,000/- (ஜெனரல்) மற்றும் ₹95,000/- (எஸ்சி/எஸ்டி). 1. 10 ஹெக்டேர் முதல் 8 ஹெக்டேர் வரை நிலம் வைத்திருக்கும் பதிவு செய்யப்பட்ட ஏலக்காய் விவசாயிகள் ஈர்ப்பு மற்றும் நீர்ப்பாசன பம்ப் செட் (ஐபி செட்) பெற தகுதியுடையவர்கள். 1. 4 ஹெக்டேர் முதல் 8 ஹெக்டேர் வரை நிலம் வைத்திருக்கும் பதிவு செய்யப்பட்ட ஏலக்காய் விவசாயிகள் தெளிப்பான்கள்/சொட்டுநீர்/நுண்ணீர் பாசன உபகரணங்களுக்கு தகுதியுடையவர்கள். * * குறிப்பு: * முன்பு இந்த பயனைப் பெற்ற எந்தவொரு விவசாயியும் இந்த பயனைப் பெற தகுதியற்றவர்","1. விண்ணப்பதாரர் கேரளா, தமிழ்நாடு அல்லது கர்நாடகா மாநிலங்களைச் சேர்ந்த சிறிய ஏலக்காய் உற்பத்தியாளராக இருக்க வேண்டும். 1. விண்ணப்பதாரர் அங்கீகரிக்கப்பட்ட நீர்ப்பாசன உபகரணங்களை நிறுவ வேண்டும், மேலும் நிறுவல் ஆய்வு செய்யப்பட்டு நியமிக்கப்பட்ட அதிகாரிகளால் தகுதியானதாக பரிந்துரைக்கப்பட வேண்டும்",<பிஆர்>,"விண்ணப்பிக்கும் முறை: இணையவழியில் (Online)
பதிவு செய்தல்
படி 1: விண்ணப்பதாரர் வருகை தர வேண்டும்
சேவைகள் பிளஸ்
இணையதளம்.
படி 2: ""என்பதைக் கிளிக் செய்க
பதிவு செய்யுங்கள் ""
முகப்புப்பக்கத்தில் உள்ள விருப்பத்தேர்வு.
படி 3: முழு பெயர், மின்னஞ்சல் ஐடி, மொபைல் எண், கடவுச்சொல், மாநிலம் மற்றும் கேப்ட்சாவைத் தேர்ந்தெடுப்பதன் மூலம் பதிவு படிவத்தை நிரப்பவும்.
படி 4: அனைத்து விவரங்களையும் கவனமாக மதிப்பாய்வு செய்து பதிவு படிவத்தை சமர்ப்பிக்கவும்.
படி 5: உங்கள் பதிவு செய்யப்பட்ட மொபைல் எண் அல்லது மின்னஞ்சலுக்கு ஒரு ஓடிபி அனுப்பப்படும்; ஓடிபியை உள்ளிட்டு ""சரிபார்க்கவும்"" என்பதைக் கிளிக் செய்க
படி 6: பதிவு வெற்றிகரமாக முடிக்கப்படும், மேலும் உறுதிப்படுத்தல் செய்தி காண்பிக்கப்படும் அல்லது மின்னஞ்சல் வழியாக அனுப்பப்படும்.
உள்நுழையவும்
படி 1: விண்ணப்பதாரர் சர்வீசஸ் பிளஸ் வலைத்தளத்தைப் பார்வையிட்டு அதில் கிளிக் செய்ய வேண்டும்
""உள்நுழைக""
படி 2: உங்கள் மின்னஞ்சல் ஐடி, கடவுச்சொல் மற்றும் கேப்ட்சாவை உள்ளிடவும்.
படி 3: தொடர்புடைய சேவை/திட்டத்தின் பெயரைத் தேர்ந்தெடுக்கவும்.
படி 4: விண்ணப்பப் படிவத்தில் தேவையான விவரங்களை நிரப்பவும்.
படி 5: விண்ணப்பத்தை சமர்ப்பிக்கவும்.","அ) நிலத்தின் உரிமை அல்லது சட்டப்பூர்வ உடைமைக்கான ஆவணம் அதாவது பட்டா
ஆ) நடப்பு ஆண்டு நிலவரி ரசீது/ஆர். டி. சி/சிட்டா அடங்கல்
இ) சி. ஆர்/ஏ. சி. ஆர்/சி. டி. ஆர். சி ஒப்புதல்
ஈ) ஆதார் அட்டை
இ) வங்கி பாஸ் புத்தகம்
f) அங்கீகரிக்கப்பட்ட டீலரிடமிருந்து ஒரு மேற்கோள் அல்லது அங்கீகரிக்கப்பட்ட டீலர் இல்லையென்றால் மூன்று போட்டி மேற்கோள்கள்.","Q: நீர்ப்பாசன உபகரணங்கள் திட்டத்தின் நோக்கம் என்ன?
A: சிறிய ஏலக்காய் உற்பத்தித்திறன் மற்றும் தரத்தை மேம்படுத்துவதற்காக அதிக நிலப்பரப்பை நீர்ப்பாசனம் மற்றும் நில மேம்பாட்டின் கீழ் கொண்டு வர சிறு ஏலக்காய் விவசாயிகளை ஊக்குவிப்பதை இந்தத் திட்டம் நோக்கமாகக் கொண்டுள்ளது.

Q: இந்தத் திட்டத்திற்கு யார் விண்ணப்பிக்கலாம்?
A: கேரளா, தமிழ்நாடு மற்றும் கர்நாடகாவைச் சேர்ந்த பதிவுசெய்யப்பட்ட சிறிய ஏலக்காய் விவசாயிகள் விண்ணப்பிக்கலாம்.

Q: ஈர்ப்பு கருவி மற்றும் ஐபி செட்களுக்கு தகுதியான நில உடைமை அளவு என்ன?
A: 10 ஹெக்டேர் முதல் 8 ஹெக்டேர் வரை நிலம் வைத்திருக்கும் பதிவு செய்யப்பட்ட ஏலக்காய் விவசாயிகள் இதற்கு தகுதியுடையவர்கள்.

Q: தெளிப்பு/சொட்டு/நுண்ணீர் பாசன அமைப்புகளுக்கு தகுதியான நில உடைமை அளவு என்ன?
A: 0. 40 ஹெக்டேர் முதல் 8 ஹெக்டேர் வரை நிலம் வைத்திருக்கும் பதிவு செய்யப்பட்ட ஏலக்காய் விவசாயிகள் தகுதியானவர்கள்.

Q: விண்ணப்பிக்க ஆதார் கட்டாயமா?
A: ஆம், ஆதார் அட்டையை சமர்ப்பிப்பது கட்டாயமாகும்.

Q: ஏற்கனவே உதவி பெற்ற ஒரு விவசாயி மீண்டும் விண்ணப்பிக்க முடியுமா?
A: இல்லை. இந்தத் திட்டத்தின் கீழ் ஏற்கனவே பலன்களைப் பெற்ற விவசாயிகள் மீண்டும் விண்ணப்பிக்கத் தகுதியற்றவர்கள்.

Q: நிறுவப்பட்ட உபகரணங்களை யார் ஆய்வு செய்கிறார்கள்?
A: நியமிக்கப்பட்ட அதிகாரிகள் நிறுவப்பட்ட நீர்ப்பாசன உபகரணங்களின் இறுதி ஆய்வை நடத்துவார்கள்.

Q: மானியத்திற்கு எப்போது ஒப்புதல் அளிக்கப்படும்?
A: நியமிக்கப்பட்ட அதிகாரிகளின் வெற்றிகரமான ஆய்வு மற்றும் ஒப்புதலுக்குப் பிறகுதான் மானியம் பரிந்துரைக்கப்படுகிறது.

Q: உள்ளூர் விற்பனையாளர்களிடமிருந்து மேற்கோள்களை சமர்ப்பிக்க முடியுமா?
A: ஆம். அங்கீகரிக்கப்பட்ட டீலர் இல்லையென்றால், விண்ணப்பதாரர்கள் உள்ளூர் டீலர்களிடமிருந்து மூன்று போட்டி மேற்கோள்களை சமர்ப்பிக்கலாம்.","- [வழிகாட்டுதல்கள்](https://www.indianspices.com/export_oriented_prod.html)
- [பயன்பாட்டு இணையதளம்](https://serviceonline.gov.in/dbt/login.do)",,"{""dbtScheme"": false, ""implementingAgency"": null, ""schemeType"": {""value"": ""centrally-sponsored-scheme"", ""label"": ""Centrally Sponsored Scheme""}, ""closeDate"": null, ""priority"": 1}"
நியூக்ளியர் பாலி ஹெட்ரோசிஸ் வைரஸின் பரவல்,DONPV,donpv,State,Tamil Nadu,"Agriculture,Rural & Environment","விவசாயம், விவசாயி, நியூக்ளியர் பாலி ஹெட்ரோசிஸ் வைரஸ், என்பிவி, மானியம்",,Individual,https://www.myscheme.gov.in/ta/schemes/donpv,"""நியூக்ளியர் பாலி ஹெட்ரோசிஸ் வைரஸின் விநியோகம்"" திட்டம் பருப்பு வகைகளுடன் விதை பண்ணைகளை வளர்க்கும் விவசாயிகளுக்கு நியூக்ளியர் பாலி ஹெட்ரோசிஸ் வைரஸை (என். பி. வி) விநியோகிக்க மானியங்களை வழங்குகிறது.","தமிழ்நாடு வேளாண்மை-விவசாயிகள் நலத் துறையின் ""நியூக்ளியர் பாலி ஹெட்ரோசிஸ் வைரஸ் விநியோகம்"" திட்டம், பருப்பு வகைகளுடன் விதைப் பண்ணைகளை வளர்க்கும் விவசாயிகளுக்கு நியூக்ளியர் பாலி ஹெட்ரோசிஸ் வைரஸ் (என். பி. வி) விநியோகிக்க மானியங்களை வழங்குகிறது.",- * உதவியின் அளவு: * * 50 சதவீதம் உள்ளீட்டு செலவு ஒரு ஹெக்டேருக்கு ரூ. 250/- ஆக மட்டுப்படுத்தப்பட்டுள்ளது,பயனாளி ஒரு விவசாயியாக இருக்க வேண்டும். பயனாளி தமிழ்நாட்டில் வசிப்பவராக இருக்க வேண்டும். பயனாளி பருப்பு வகைகளுடன் விதைப் பண்ணைகளை வளர்க்க வேண்டும்.,,"விண்ணப்பிக்கும் முறை: நேரில் (Offline)
படி 1:
அருகிலுள்ள வேளாண் அலுவலகத்திலிருந்து விண்ணப்பப் படிவத்தை சேகரிக்கவும்.
படி 2:
தேவையான விவரங்களுடன் விண்ணப்பப் படிவத்தை பூர்த்தி செய்து, கட்டாய ஆவணங்களை இணைக்கவும் (தேவைப்பட்டால் சுய சான்றளிக்கப்பட்டவை).
படி 3:
படிவத்தை சம்பந்தப்பட்ட அலுவலகத்திற்கு சமர்ப்பிக்கவும்:
கிராம மட்டம்:
உதவி வேளாண் அலுவலரிடம் விண்ணப்பத்தை சமர்ப்பிக்கவும்.
தொகுதி நிலை:
வேளாண் அதிகாரி அல்லது துணை வேளாண் அதிகாரியிடம் சமர்ப்பிக்கவும்.
மாவட்ட அளவில்:
வேளாண்மை இணை இயக்குநரிடம் சமர்ப்பிக்கவும்.","- அடையாளச் சான்று (ஆதார் அட்டை, வாக்காளர் அடையாள அட்டை போன்றவை).
- நில உரிமையின் சான்று.
- பருப்பு வகைகள் பயிர் சாகுபடியின் சான்று.
- சாதிச் சான்றிதழ் (எஸ்சி/எஸ்டி விண்ணப்பதாரர்களுக்கு).
- வங்கிக் கணக்கு விவரங்கள்.
- வேறு ஏதேனும் ஆவணங்கள் (தேவைப்பட்டால்).","Q: ""நியூக்ளியர் பாலி ஹெட்ரோசிஸ் வைரஸின் விநியோகம்"" திட்டம் என்றால் என்ன?
A: தமிழ்நாடு வேளாண்மை-விவசாயிகள் நலத்துறையின் 'நியூக்ளியர் பாலி ஹெட்ரோசிஸ் வைரஸ் விநியோகம்' திட்டம், பருப்பு வகைகளுடன் விதைப் பண்ணைகளை வளர்க்கும் விவசாயிகளுக்கு நியூக்ளியர் பாலி ஹெட்ரோசிஸ் வைரஸ் (என். பி. வி) விநியோகிக்க மானியங்களை வழங்குகிறது.

Q: இந்தத் திட்டத்திற்கு யார் விண்ணப்பிக்க தகுதியுடையவர்கள்?
A: விதைப் பண்ணைகளில் பருப்பு வகைகளை பயிரிடும் விவசாயிகள் இந்தத் திட்டத்திற்கு விண்ணப்பிக்க தகுதியுடையவர்கள்.

Q: இந்தத் திட்டம் எந்த வகையான பலன்களை வழங்குகிறது?
A: இந்தத் திட்டம் நியூக்ளியர் பாலி ஹெட்ரோசிஸ் வைரஸ் (என். பி. எச். வி) உள்ளீட்டின் செலவில் 50 சதவீதத்தை உள்ளடக்கிய மானியத்தை வழங்குகிறது, இது ஒரு ஹெக்டேருக்கு ரூ. 250/- ஆக வரையறுக்கப்பட்டுள்ளது.

Q: விவசாயத்தில் நியூக்ளியர் பாலி ஹெட்ரோசிஸ் வைரஸின் நோக்கம் என்ன?
A: பருப்பு பயிர்களை பாதிக்கும் பூச்சிகளின் உயிரியல் கட்டுப்பாட்டிற்கு நியூக்ளியர் பாலி ஹெட்ரோசிஸ் வைரஸ் (என். பி. எச். வி) பயன்படுத்தப்படுகிறது, இது பயிர் சேதத்தைக் குறைக்கவும் விளைச்சலை மேம்படுத்தவும் உதவுகிறது.

Q: இந்தத் திட்டத்திற்கு ஒரு விவசாயி எவ்வாறு விண்ணப்பிக்க முடியும்?
A: விவசாயிகள் தங்கள் விண்ணப்பங்களை கிராம அளவில் உதவி வேளாண் அதிகாரி, வட்டார அளவில் வேளாண் அதிகாரி/துணை வேளாண் அதிகாரி, வட்டார அளவில் வேளாண் உதவி இயக்குநர் அல்லது மாவட்ட அளவில் வேளாண் இணை இயக்குநர் ஆகியோரிடம் சமர்ப்பிக்கலாம்.

Q: இந்தத் திட்டத்தின் கீழ் குறிப்பிட்ட குழுக்களுக்கு ஏதேனும் குறிப்பிட்ட ஒதுக்கீடுகள் உள்ளதா?
A: ஆம், எஸ்சி/எஸ்டி விவசாயிகளுக்கு (24 சதவீதம்) மற்றும் விவசாயப் பெண்களுக்கு (20 சதவீதம்) குறிப்பிட்ட ஒதுக்கீடுகள் உள்ளன.

Q: இந்தத் திட்டத்திற்கு விண்ணப்பிக்க என்ன ஆவணங்கள் தேவை?
A: விண்ணப்பதாரர்கள் நில உரிமை அல்லது குத்தகை ஒப்பந்தத்தின் ஆதாரம், அடையாளச் சான்று (ஆதார் அட்டை போன்றவை), பருப்பு பயிர் சாகுபடிக்கான ஆதாரம் மற்றும் பூர்த்தி செய்யப்பட்ட விண்ணப்பப் படிவத்தை சமர்ப்பிக்க வேண்டும்.

Q: இந்தத் திட்டத்திற்கு விண்ணப்பிக்க காலக்கெடு உள்ளதா?
A: இந்தத் திட்டம் நிதி கிடைப்பதற்கு உட்பட்டது, எனவே விவசாயிகள் விரைவில் விண்ணப்பிக்க பரிந்துரைக்கப்படுகிறார்கள்.

Q: பருப்பு வகைகள் தவிர வேறு பயிர்களை பயிரிடும் ஒரு விவசாயி இந்தத் திட்டத்திற்கு விண்ணப்பிக்க முடியுமா?
A: இல்லை, இந்தத் திட்டம் குறிப்பாக விதைப் பண்ணைகளில் பருப்பு வகைகளை பயிரிடும் விவசாயிகளுக்கானது.

Q: இந்தத் திட்டத்தின் கீழ் ஒரு விவசாயி பெறக்கூடிய அதிகபட்ச மானியம் என்ன?
A: ஒரு விவசாயி பெறக்கூடிய அதிகபட்ச மானியம் ஒரு ஹெக்டேருக்கு ரூ. 250/- ஆகும், இது என். பி. எச். வி உள்ளீட்டின் செலவில் 50 சதவீதத்தை உள்ளடக்கியது.

Q: இந்தத் திட்டத்திற்கு விண்ணப்பிக்க விவசாயிகளுக்கு ஏதேனும் வயது வரம்பு உள்ளதா?
A: இல்லை, இந்தத் திட்டத்திற்கு விண்ணப்பிக்க விவசாயிகளுக்கு வயது வரம்பு எதுவும் குறிப்பிடப்படவில்லை.

Q: இந்தத் திட்டம் நிலையான விவசாயத்திற்கு எவ்வாறு பங்களிக்கிறது?
A: என். பி. எச். வி போன்ற உயிரியல் பூச்சிக் கட்டுப்பாட்டு முறைகளின் பயன்பாட்டை ஊக்குவிப்பதன் மூலம், இரசாயன பூச்சிக்கொல்லிகளை நம்பியிருப்பதைக் குறைக்க இந்தத் திட்டம் உதவுகிறது, இது மிகவும் நிலையான மற்றும் சுற்றுச்சூழல் நட்பு விவசாய நடைமுறைகளுக்கு வழிவகுக்கிறது.",- [வழிகாட்டுதல்கள்](https://www.tn.gov.in/scheme/data_view/7078),,"{""dbtScheme"": false, ""implementingAgency"": null, ""schemeType"": null, ""closeDate"": null, ""priority"": 1}"
"நெல், சிறுதானியங்கள், பருப்பு வகைகள், எண்ணெய் வித்துக்கள் மற்றும் பருத்தி ஆகியவற்றின் விதை பெருக்கத் திட்டம்",SMSOPM,smsopm,State,Tamil Nadu,"Agriculture,Rural & Environment","விவசாயம், விவசாயி, விதை பெருக்கம், நெல், பயிர்கள்",,Individual,https://www.myscheme.gov.in/ta/schemes/smsopm,"""நெல், சிறுதானியங்கள், பருப்பு வகைகள், எண்ணெய் வித்துக்கள் மற்றும் பருத்தி ஆகியவற்றின் விதை பெருக்கத் திட்டம்"" விவசாயத் துறையுடன் ஒப்பந்தத்தின் கீழ் விதைகளை உற்பத்தி செய்ய விவசாயிகளுக்கு மானியங்களை வழங்குகிறது.","தமிழ்நாடு வேளாண்மை-விவசாயிகள் நலத்துறையின் ""நெல், சிறுதானியங்கள், பருப்பு வகைகள், எண்ணெய் வித்துக்கள் மற்றும் பருத்தி ஆகியவற்றின் விதை பெருக்கத் திட்டம்"" விவசாயத் துறையுடன் ஒப்பந்தத்தின் கீழ் விதைகளை உற்பத்தி செய்ய விவசாயிகளுக்கு மானியங்களை வழங்குகிறது. விதை தரத்தை பராமரிப்பதற்கான பயிற்சி, மூல விதைகள் மற்றும் வழிகாட்டுதல்களை விவசாயிகள் பெறுகிறார்கள். தரச் சோதனைகள் மற்றும் பதப்படுத்துதலுக்குப் பிறகு, உற்பத்தி செய்யப்படும் விதைகளின் தரத்தின் அடிப்படையில் விவசாயிகளுக்கு ஊதியம் வழங்கப்படுகிறது. செயலாக்கத்தின் போது 90 சதவீதம் குறைந்தபட்ச ஆதரவு விலை செலுத்தப்படுகிறது, மீதமுள்ளவை தரச் சான்றிதழுக்குப் பிறகு தீர்க்கப்படுகின்றன.","- * * பிரீமியம்: * * விதைகள் ஒரு கிலோவுக்கு ₹1/- முதல் ₹3/- வரை இருக்கும். - * * அடித்தள வகை விதைகள்: * * எண்ணெய் விதைகளின் வகையைப் பொறுத்து, ஒரு கிலோ உள்ளூர் சந்தை விகிதத்தை விட பிரீமியம் 7.5 சதவீதம் முதல் 30 சதவீதம் வரை இருக்கும். - * * சான்றளிக்கப்பட்ட வகை விதைகளுக்கு: * குறிப்பிட்ட எண்ணெய் விதைகளின் அடிப்படையில் ஒரு கிலோ உள்ளூர் சந்தை விகிதத்தை விட பிரீமியம் 5 சதவீதம் முதல் 20 சதவீதம் வரை இருக்கும். - * * பயிற்சி: * * தன்னைப் பதிவு செய்ய விரும்பும் விவசாயிக்கு ஒவ்வொரு ஆண்டும் தொடக்கத்தில் சம்பந்தப்பட்ட அதிகாரிகளால் பயிற்சி வழங்கப்படும்","பயனாளி ஒரு விவசாயியாக இருக்க வேண்டும்.-பயனாளி தமிழ்நாட்டில் வசிப்பவராக இருக்க வேண்டும்.-பயனாளி ஒப்பந்த அடிப்படையில் விவசாயத் துறைக்கு விதைகளை உற்பத்தி செய்து வழங்க வேண்டும்.-விதைப் பண்ணைகள் அந்தந்த தொகுதிகளின் வேளாண் உதவி இயக்குநரால் பதிவு செய்யப்பட வேண்டும்.-களத்தில் பயிரிடப்படும் விளைபொருட்கள் சான்றிதழ் தரநிலைகளில் குறிப்பிடப்பட்டுள்ள உடல்/மரபணு தூய்மை, ஈரப்பதம் மற்றும் முளைப்பு சதவீதம் ஆகியவற்றின் தரங்களை பூர்த்தி செய்ய வேண்டும்.",<பிஆர்>,"விண்ணப்பிக்கும் முறை: நேரில் (Offline)
படி 1:
அருகிலுள்ள வேளாண் அலுவலகத்திலிருந்து விண்ணப்பப் படிவத்தை சேகரிக்கவும்.
படி 2:
தேவையான விவரங்களுடன் விண்ணப்பப் படிவத்தை பூர்த்தி செய்து, கட்டாய ஆவணங்களை இணைக்கவும் (தேவைப்பட்டால் சுய சான்றளிக்கப்பட்டவை).
படி 3:
படிவத்தை சம்பந்தப்பட்ட அலுவலகத்திற்கு சமர்ப்பிக்கவும்:
கிராம மட்டம்:
உதவி வேளாண் அலுவலரிடம் விண்ணப்பத்தை சமர்ப்பிக்கவும்.
தொகுதி நிலை:
வேளாண் அதிகாரி அல்லது துணை வேளாண் அதிகாரியிடம் சமர்ப்பிக்கவும்.
மாவட்ட அளவில்:
வேளாண்மை இணை இயக்குநரிடம் சமர்ப்பிக்கவும்.","- அடையாளச் சான்று (ஆதார் அட்டை, வாக்காளர் அடையாள அட்டை).
- நில உரிமை ஆவணங்கள் அல்லது குத்தகை ஒப்பந்தம்.
- விதை உற்பத்தி மற்றும் ஒப்பந்த அடிப்படையில் விவசாயத் துறைக்கு வழங்குவதற்கான சான்று.
- விதை பண்ணை பதிவு விவரங்கள்.
- விதை சான்றளிப்புத் துறையால் வழங்கப்பட்ட சான்றிதழ் குறிச்சொல்.
- சாதிச் சான்றிதழ் (எஸ்சி/எஸ்டி விண்ணப்பதாரர்களுக்கு).
- வேறு ஏதேனும் ஆவணங்கள் (தேவைப்பட்டால்).","Q: ""நெல், சிறுதானியங்கள், பருப்பு வகைகள், எண்ணெய் வித்துக்கள் மற்றும் பருத்தி ஆகியவற்றின் விதை பெருக்கத் திட்டம்"" என்றால் என்ன?
A: ""நெல், சிறுதானியங்கள், பருப்பு வகைகள், எண்ணெய் வித்துக்கள் மற்றும் பருத்தி ஆகியவற்றின் விதை பெருக்கத் திட்டம்"" விவசாயத் துறையுடன் ஒப்பந்தத்தின் கீழ் விதைகளை உற்பத்தி செய்ய விவசாயிகளுக்கு மானியங்களை வழங்குகிறது.

Q: இந்தத் திட்டத்தின் கீழ் தங்கள் விதைப் பண்ணைகளை பதிவு செய்ய யார் தகுதியுடையவர்கள்?
A: ஒப்பந்த அடிப்படையில் விவசாயத் துறைக்கு விதைகளை உற்பத்தி செய்து வழங்கும் அனைத்து விவசாயிகளும் தகுதியுடையவர்கள். விவசாய மகளிர் குழுக்கள், விவசாயிகளின் ஆர்வக் குழுக்களுக்கு முன்னுரிமை அளிக்கப்பட்டு, எஸ்சி/எஸ்டி விதை விவசாயிகளுக்கு தனித்தனியாக ஒதுக்கீடு செய்யப்படுகிறது.

Q: இந்த விதை பண்ணை திட்டத்தில் பதிவு செய்வதற்கான செயல்முறை என்ன?
A: ஆர்வமுள்ள விவசாயிகள் ஒவ்வொரு ஆண்டும் தொடக்கத்தில் தங்களை பதிவு செய்ய வேண்டும். அவர்கள் சம்பந்தப்பட்ட அதிகாரிகளிடமிருந்து பயிற்சியைப் பெறுவார்கள்.

Q: விவசாயிகள் தங்கள் பண்ணைகளுக்குத் தேவையான மூல விதைகளை எவ்வாறு பெற முடியும்?
A: நிலையான விற்பனை விலையின்படி விதை விலையை செலுத்திய பிறகு விவசாய விரிவாக்க மையங்கள் மூலம் மூல விதைகளை விவசாயத் துறை வழங்கும்.

Q: விவசாயிகள் தங்கள் விதைகளின் தரத்தை உறுதிப்படுத்த என்ன செய்ய வேண்டும்?
A: தரத்தை பராமரிக்க விவசாயிகள் கள அளவிலான செயல்பாட்டாளர்கள் அல்லது விதை சான்றிதழ் அதிகாரிகள் வழங்கிய வழிகாட்டுதல்களைப் பின்பற்ற வேண்டும்.

Q: விதைப் பண்ணைகள் எவ்வாறு பதிவு செய்யப்படுகின்றன?
A: விதைப் பண்ணைகள் தேவையான கட்டணத்தைச் செலுத்திய பிறகு அந்தந்த வட்டாரங்களின் வேளாண்மை உதவி இயக்குநரால் பதிவு செய்யப்பட வேண்டும்.

Q: ""ஃபீல்ட் ரன் புரொடக்ஷ்"" என்றால் என்ன, அது எவ்வாறு மதிப்பிடப்படுகிறது?
A: ""ஃபீல்ட் ரன் புரொடக்ஷ்"" என்பது பயிர் காலத்தில் வயல் தரநிலைகளை பூர்த்தி செய்யும் விதை விளைபொருளாகும். இது சான்றிதழ் தரநிலைகளில் குறிப்பிடப்பட்டுள்ளபடி உடல்/மரபணு தூய்மை, ஈரப்பதம் அளவுகள் மற்றும் முளைப்பு சதவீதம் ஆகியவற்றின் தரங்களை பூர்த்தி செய்ய வேண்டும்.

Q: விதைகள் விதை பதப்படுத்தும் பிரிவுக்கு மாற்றப்பட்ட பிறகு என்ன நடக்கும்?
A: விதை சான்றிதழ் அதிகாரி முன்னிலையில் விதை பதப்படுத்தப்படுகிறது. மாதிரிகள் எடுக்கப்பட்டு தர சோதனைக்காக விதை சோதனை ஆய்வகத்திற்கு அனுப்பப்படுகின்றன.

Q: விதை லாட் சான்றிதழ் தரங்களை பூர்த்தி செய்யத் தவறினால் என்ன செய்வது?
A: விதை சீட் தோல்வியுற்றால், விவசாயி தங்கள் பங்குகளை திரும்பப் பெறுவதற்கு முன்பு அவர்களுக்கு செலுத்தப்பட்ட முழு முன்கூட்டியே திருப்பிச் செலுத்த வேண்டும்.

Q: விதைகளை விதை பதப்படுத்தும் பிரிவுக்கு மாற்றுவதற்கான போக்குவரத்துச் செலவை யார் ஏற்கிறார்கள்?
A: விதை பதப்படுத்தும் பிரிவுக்கு போக்குவரத்து செலவுக்கு விவசாயி பொறுப்பு.",- [வழிகாட்டுதல்கள்](https://www.tn.gov.in/scheme/data_view/6843),,"{""dbtScheme"": false, ""implementingAgency"": null, ""schemeType"": null, ""closeDate"": null, ""priority"": 1}"
அடித்தள விதைகள் உற்பத்தி,POFS,pofs,State,Tamil Nadu,"Agriculture,Rural & Environment","விவசாயம், விவசாயி, விதை உற்பத்தி, அடித்தள விதைகள்",,Individual,https://www.myscheme.gov.in/ta/schemes/pofs,"""அடித்தள விதைகள் உற்பத்தி"" திட்டம், பருப்பு வகைகளுக்கான விதைப் பண்ணைகளை பயிரிடும் விவசாயிகளுக்கு மானியங்களை வழங்குகிறது, இது எஸ்சி/எஸ்டி விவசாயிகள் மற்றும் விவசாயப் பெண்களுக்கு குறிப்பிட்ட நன்மைகளை வழங்குகிறது.","தமிழ்நாடு வேளாண்மை-விவசாயிகள் நலத் துறையின் ""அடித்தள விதைகள் உற்பத்தி"" திட்டம், அடித்தள விதைகள், குறிப்பாக பருப்பு வகைகளின் உற்பத்தியில் விவசாயிகளுக்கு ஆதரவளிக்கும் வகையில் வடிவமைக்கப்பட்டுள்ளது. தகுதியுள்ள விவசாயிகள் மானியத்தைப் பெறுகிறார்கள். எஸ்சி/எஸ்டி விவசாயிகளுக்கு (24 சதவீதம்) மற்றும் விவசாயப் பெண்களுக்கு (20 சதவீதம்) சிறப்பு சலுகைகள் வழங்கப்படுகின்றன","நிதி உதவி: குவிண்டாலுக்கு ₹1,000/-.",பயனாளி ஒரு விவசாயியாக இருக்க வேண்டும். பயனாளி தமிழ்நாட்டில் வசிப்பவராக இருக்க வேண்டும். பயனாளி பருப்பு வகைகளுடன் விதை பண்ணைகளை வளர்க்க வேண்டும்.,<பிஆர்>,"விண்ணப்பிக்கும் முறை: நேரில் (Offline)
படி 1:
அருகிலுள்ள வேளாண் அலுவலகத்திலிருந்து விண்ணப்பப் படிவத்தை சேகரிக்கவும்.
படி 2:
தேவையான விவரங்களுடன் விண்ணப்பப் படிவத்தை பூர்த்தி செய்து, கட்டாய ஆவணங்களை இணைக்கவும் (தேவைப்பட்டால் சுய சான்றளிக்கப்பட்டவை).
படி 3:
படிவத்தை சம்பந்தப்பட்ட அலுவலகத்திற்கு சமர்ப்பிக்கவும்:
கிராம மட்டம்:
உதவி வேளாண் அலுவலரிடம் விண்ணப்பத்தை சமர்ப்பிக்கவும்.
தொகுதி நிலை:
வேளாண் அதிகாரி அல்லது துணை வேளாண் அதிகாரியிடம் சமர்ப்பிக்கவும்.
மாவட்ட அளவில்:
வேளாண்மை இணை இயக்குநரிடம் சமர்ப்பிக்கவும்.","- அடையாளச் சான்று (ஆதார் அட்டை, வாக்காளர் அடையாள அட்டை)
- நில உரிமை ஆவணங்கள் அல்லது குத்தகை ஒப்பந்தம்.
- விதை உற்பத்திக்கான சான்றிதழ்.
- வங்கிக் கணக்கு விவரங்கள்.
- சாதி சான்றிதழ் (பொருந்தினால்).
- பெண் விவசாயிகள் குழு பதிவு ஆவணங்கள் (பொருந்தினால்).
- வேறு ஏதேனும் ஆவணங்கள் (தேவைப்பட்டால்).","Q: ""அடித்தள விதைகள் உற்பத்தி"" திட்டத்தின் நோக்கம் என்ன?
A: இந்தத் திட்டம் அடித்தள விதைகளை உற்பத்தி செய்யும் விவசாயிகளுக்கு, குறிப்பாக பருப்பு வகைகளுக்கு மானியங்களை வழங்குகிறது.

Q: மானியத் தொகை எவ்வளவு?
A: ஒரு குவிண்டாலுக்கு ₹1,000/- மானியமாக வழங்கப்படுகிறது.

Q: முதன்மை பயனாளிகள் யார்?
A: அனைத்து விவசாயிகளும் பருப்பு வகைகளுக்கான விதைப் பண்ணைகளை பயிரிடுகின்றனர், இதில் எஸ்சி/எஸ்டி விவசாயிகள் மற்றும் விவசாயப் பெண்களுக்கு சிறப்பு சலுகைகள் வழங்கப்படுகின்றன.

Q: பெண் விவசாயிகளுக்கு இடஒதுக்கீடு உள்ளதா?
A: ஆம், இத்திட்டத்தின் பலன்களில் 20 சதவீதம் பெண் விவசாயிகள் மற்றும் மகளிர் குழுக்களுக்கு ஒதுக்கப்பட்டுள்ளது.

Q: எஸ்சி/எஸ்டி விவசாயிகளுக்கு ஏதேனும் இடஒதுக்கீடு உள்ளதா?
A: ஆம், திட்டத்தின் பலன்களில் 24 சதவீதம் எஸ்சி/எஸ்டி விவசாயிகளுக்கு ஒதுக்கப்பட்டுள்ளது.

Q: இந்தத் திட்டத்திற்கு ஒரு விவசாயி எவ்வாறு விண்ணப்பிக்கலாம்?
A: விவசாயிகள் தங்கள் கிராம அல்லது வட்டார அளவிலான வேளாண் அதிகாரிகள் மூலம் விண்ணப்பிக்கலாம்.

Q: விண்ணப்பத்திற்கு என்ன ஆவணங்கள் தேவை?
A: விவசாயிகள் அடையாளச் சான்று, நில உரிமைச் சான்றிதழ், சமூகச் சான்றிதழ்கள் மற்றும் பண்ணைப் பதிவுகளை சமர்ப்பிக்க வேண்டும்.

Q: இந்தத் திட்டம் ஒரு குறிப்பிட்ட பயிருக்கு மட்டுப்படுத்தப்பட்டதா?
A: ஆம், இந்தத் திட்டம் முதன்மையாக பருப்பு வகைகள் விதை உற்பத்தியை ஆதரிக்கிறது.

Q: வருமானம் அல்லது வயது வரம்புகள் ஏதேனும் உள்ளதா?
A: இந்தத் திட்டத்திற்கு வருமானம் அல்லது வயது வரம்புகள் எதுவும் குறிப்பிடப்படவில்லை.

Q: இந்தத் திட்டம் பற்றிய கூடுதல் தகவல்களை எங்கு பெறலாம்?
A: கிராமம், வட்டாரம் அல்லது மாவட்ட அளவிலான விவசாய அதிகாரிகளிடமிருந்து கூடுதல் தகவல்களைப் பெறலாம்.

Q: இந்த மானியம் நாடு முழுவதும் கிடைக்குமா?
A: இல்லை, இது மாநிலத்தால் நிதியுதவி செய்யப்படுகிறது மற்றும் மாநிலத்திற்குள் உள்ள விவசாயிகளுக்கு கிடைக்கிறது.",- [வழிகாட்டுதல்கள்](https://www.tn.gov.in/scheme/data_view/6891),,"{""dbtScheme"": false, ""implementingAgency"": null, ""schemeType"": null, ""closeDate"": null, ""priority"": 1}"
தொடக்கக் கூட்டுறவு வேளாண்மை மற்றும் கிராமப்புற மேம்பாட்டு வங்கி: பாசனப் பகுதிகளில் பட்டு வளர்ப்புக்கு,PCARDSIA,pcardsia,State,Tamil Nadu,"Agriculture,Rural & Environment, Banking,Financial Services and Insurance","பட்டுப்புழு வளர்ப்பு, கடன், விவசாயி, விவசாயம் மற்றும் கிராமப்புற மேம்பாட்டு வங்கி, பாசனப் பகுதி",,Individual,https://www.myscheme.gov.in/ta/schemes/pcardsia,"இத்திட்டம் பாசனப் பகுதிகளில் பட்டுப்புழு வளர்ப்பு நடவடிக்கைகளுக்காக விவசாயிகளுக்கு ஏக்கருக்கு ரூ. 49,000/- முதல் ரூ. 79,000/- வரையிலும், வட்டி விகிதங்கள் 11 சதவீதம் முதல் 12.75 சதவீதம் வரையிலும் கடன் வழங்குகிறது.","தமிழ்நாட்டின் உணவு மற்றும் நுகர்வோர் பாதுகாப்புத் துறையால் தொடங்கப்பட்ட தொடக்கக் கூட்டுறவு வேளாண்மை மற்றும் கிராமப்புற மேம்பாட்டு வங்கி திட்டம், பாசனப் பகுதிகளில் பட்டு வளர்ப்பில் ஈடுபட்டுள்ள விவசாயிகளுக்கு ஏக்கருக்கு ரூ. 49,000/- முதல் ரூ. 79,000/- வரை கடன் வழங்குவதை நோக்கமாகக் கொண்டுள்ளது. வட்டி விகிதம் 11 சதவீதம் முதல் 12.75 சதவீதம் வரை (மாற்றத்திற்கு உட்பட்டு) மாறுபடும்.","- * * கடனுக்கான அணுகல்: * * ஒரு ஏக்கருக்கு ரூ. 49,000/- முதல் ரூ. 79,000/- வரை கடன் தொகை. * * வட்டி விகிதம்: * * 11 சதவீதம் முதல் 12.75 சதவீதம் வரை (மாற்றத்திற்கு உட்பட்டு).",1. பயனாளி தமிழ்நாட்டில் வசிப்பவராக இருக்க வேண்டும். 1. பயனாளி ஒரு விவசாயியாக இருக்க வேண்டும். 1. பயனாளி நீர்ப்பாசனப் பகுதிகளுக்குள் பட்டு வளர்ப்பு நடவடிக்கைகளில் ஈடுபட வேண்டும். 1. பட்டுப்புழு வளர்ப்பு நடவடிக்கைகளுக்கு கடன் பெற பயனாளி ஆர்வமாக இருக்க வேண்டும். 1. பயனாளி கடனை குறிப்பாக பட்டுப்புழு வளர்ப்பு நடவடிக்கைகளுக்கு பயன்படுத்த வேண்டும்.,<பிஆர்>,"விண்ணப்பிக்கும் முறை: நேரில் (Offline)
படி-1:
ஆர்வமுள்ள விண்ணப்பதாரர் தொடக்கக் கூட்டுறவு வேளாண்மை மற்றும் கிராமப்புற மேம்பாட்டு வங்கியின் செயலாளர்/சிறப்பு அதிகாரியைத் தொடர்புகொண்டு விண்ணப்பப் படிவத்தை சேகரிக்க வேண்டும்.
படி-2:
விண்ணப்பப் படிவத்தில், அனைத்து கட்டாய புலங்களையும் நிரப்பவும், பாஸ்போர்ட் அளவிலான புகைப்படத்தை ஒட்டவும் (தேவைப்பட்டால் குறுக்கே கையொப்பமிடவும்), மேலும் அனைத்து கட்டாய ஆவணங்களின் நகல்களையும் இணைக்கவும் (தேவைப்பட்டால் சுய சான்றளிப்பு).
படி-3:
முறையாக நிரப்பப்பட்ட மற்றும் கையொப்பமிடப்பட்ட விண்ணப்ப படிவத்தை ஆவணங்களுடன் சம்பந்தப்பட்ட அதிகாரியிடம் சமர்ப்பிக்கவும்.
படி-4:
விண்ணப்பம் சமர்ப்பிக்கப்பட்ட சம்பந்தப்பட்ட அதிகாரியிடமிருந்து ரசீது அல்லது ஒப்புதலைக் கோரவும். ரசீது சமர்ப்பிக்கப்பட்ட தேதி மற்றும் நேரம், ஒரு தனித்துவமான அடையாள எண் (பொருந்தினால்) போன்ற அத்தியாவசிய விவரங்களைக் கொண்டிருப்பதை உறுதிப்படுத்திக் கொள்ளுங்கள்.","- அடையாளச் சான்று (ஆதார், பான் கார்டு போன்றவை).
- முகவரிச் சான்று.
- பட்டு வளர்ப்பு நடவடிக்கைகளில் ஈடுபட்டதற்கான சான்று (தேவைப்பட்டால்).
- வேறு ஏதேனும் ஆவணங்கள் (தேவைப்பட்டால்).","Q: இந்தத் திட்டத்தின் நோக்கம் என்ன?
A: இத்திட்டம் பாசனப் பகுதிகளில் பட்டுப்புழு வளர்ப்பு நடவடிக்கைகளுக்காக விவசாயிகளுக்கு ஏக்கருக்கு ரூ. 49,000/- முதல் ரூ. 79,000/- வரையிலும், வட்டி விகிதங்கள் 11 சதவீதம் முதல் 12.75 சதவீதம் வரையிலும் கடன் வழங்குகிறது.

Q: இந்தத் திட்டத்தின் கீழ் வழங்கப்படும் கடன் தொகை எவ்வளவு?
A: கடன் தொகை ஏக்கருக்கு ₹49,000/- முதல் ₹79,000/- வரை இருக்கும்.

Q: கடனுக்கான வட்டி விகிதம் என்ன?
A: வட்டி விகிதம் மாற்றத்திற்கு உட்பட்டு 11 சதவீதம் முதல் 12.75 சதவீதம் வரை மாறுபடும்.

Q: இந்தக் கடனுக்கு யார் தகுதியானவர்கள்?
A: நீர்ப்பாசனப் பகுதிகளுக்குள் பட்டு வளர்ப்பில் ஈடுபட்டுள்ள விவசாயிகள் தகுதியானவர்கள்.

Q: விண்ணப்பிக்க என்ன ஆவணங்கள் தேவை?
A: அடையாளச் சான்று, நில உரிமைச் சான்று, பட்டுப்புழு வளர்ப்புச் செயல்பாட்டின் சான்று போன்றவை தேவைப்படும் ஆவணங்களில் அடங்கும்.

Q: விண்ணப்பதாரர்களுக்கு ஏதேனும் வயது அல்லது வருமான வரம்பு உள்ளதா?
A: இல்லை, குறிப்பிட்ட வயது அல்லது வருமான வரம்புகள் எதுவும் இல்லை.

Q: இந்த கடனுக்கு ஒருவர் எப்படி விண்ணப்பிக்க முடியும்?
A: விண்ணப்பங்களை அருகிலுள்ள தொடக்க கூட்டுறவு வேளாண்மை மற்றும் கிராமப்புற மேம்பாட்டு வங்கி கிளையில் சமர்ப்பிக்கலாம்.

Q: இந்தக் கடனை பட்டு வளர்ப்பு அல்லாத நோக்கங்களுக்காகப் பயன்படுத்த முடியுமா?
A: இல்லை, இந்தக் கடன் குறிப்பாக நீர்ப்பாசனப் பகுதிகளில் பட்டு வளர்ப்புக்காக ஒதுக்கப்பட்டுள்ளது.

Q: வட்டி விகிதம் நிர்ணயிக்கப்பட்டுள்ளதா?
A: வட்டி விகிதம் மாற்றத்திற்கு உட்பட்டது மற்றும் 11 சதவீதம் முதல் 12.75 சதவீதம் வரை மாறுபடலாம்.

Q: கூடுதல் கட்டணங்கள் ஏதேனும் உள்ளதா?
A: பொருந்தக்கூடிய ஏதேனும் கட்டணங்கள் (பொருந்தினால்) விண்ணப்பத்தின் போது வங்கியால் தெரிவிக்கப்படும்.",- [வழிகாட்டுதல்கள்](https://www.tn.gov.in/scheme_details.php?id=OTM3),,"{""dbtScheme"": false, ""implementingAgency"": null, ""schemeType"": null, ""closeDate"": null, ""priority"": 1}"
கர்நாடகாவில் உள்ள ஆராய்ச்சி நிலையங்களுக்கு ஒப்பந்த விவசாய விவசாயிகள் வருகை,VCFRSK,vcfrsk,State,Tamil Nadu,"Agriculture,Rural & Environment","விவசாயம், விவசாயி, ஒப்பந்த விவசாயம், ஆராய்ச்சி நிலையங்கள் வருகை",,Individual,https://www.myscheme.gov.in/ta/schemes/vcfrsk,"""கர்நாடகாவில் உள்ள ஆராய்ச்சி நிலையங்களுக்கு ஒப்பந்த விவசாய விவசாயிகளின் வருகை"" என்ற திட்டம், ஒப்பந்த விவசாய விவசாயிகளுக்கு கர்நாடகம் முழுவதும் உள்ள ஆராய்ச்சி நிலையங்களுக்குச் சென்று விவசாய அறிவைப் பெற உதவுகிறது. 3 நாள் பயணத்திற்கு நிதி உதவி வழங்கப்படுகிறது.","தமிழ்நாடு வேளாண்மை-விவசாயிகள் நலத் துறையால் ""கர்நாடகாவில் உள்ள ஆராய்ச்சி நிலையங்களுக்கு ஒப்பந்த விவசாய விவசாயிகளின் வருகை"" என்ற திட்டம், கர்நாடகாவில் உள்ள ஆராய்ச்சி நிலையங்களுக்கு வருகை தருவதன் மூலம் ஒப்பந்த விவசாய விவசாயிகளின் விவசாய நடைமுறைகளை மேம்படுத்துவதை நோக்கமாகக் கொண்டுள்ளது. 50 விவசாயிகள் கொண்ட ஒரு குழு 3 நாள் பயணத்திற்கு நிதியுதவி அளிக்கப்படும். விவசாய விளைவுகளை மேம்படுத்துவதற்காக மேம்பட்ட நுட்பங்கள் மற்றும் ஆராய்ச்சி கண்டுபிடிப்புகளுக்கான வெளிப்பாட்டை அதிகரிப்பதில் இந்தத் திட்டம் கவனம் செலுத்துகிறது.","- * * நிதி உதவி: * * ₹ 1,12,500-50 விவசாயிகளின் ஒரு குழுவிற்கு 3 நாட்களுக்கு. * * * கற்றல் திட்டம்: * * சமீபத்திய விவசாய ஆராய்ச்சி மற்றும் புதுமைகளை வெளிப்படுத்துதல்.",பயனாளி ஒரு விவசாயியாக இருக்க வேண்டும்-பயனாளி தமிழ்நாட்டில் வசிப்பவராக இருக்க வேண்டும்.,<பிஆர்>,"விண்ணப்பிக்கும் முறை: நேரில் (Offline)
படி 1:
அருகிலுள்ள வேளாண் அலுவலகத்திலிருந்து விண்ணப்பப் படிவத்தை சேகரிக்கவும்.
படி 2:
தேவையான விவரங்களுடன் விண்ணப்பப் படிவத்தை பூர்த்தி செய்து, கட்டாய ஆவணங்களை இணைக்கவும் (தேவைப்பட்டால் சுய சான்றளிக்கப்பட்டவை).
படி 3:
படிவத்தை சம்பந்தப்பட்ட அலுவலகத்திற்கு சமர்ப்பிக்கவும்:
கிராம மட்டம்:
உதவி வேளாண் அலுவலரிடம் விண்ணப்பத்தை சமர்ப்பிக்கவும்.
தொகுதி நிலை:
வேளாண் அதிகாரி அல்லது துணை வேளாண் அதிகாரியிடம் சமர்ப்பிக்கவும்.
மாவட்ட அளவில்:
வேளாண்மை இணை இயக்குநரிடம் சமர்ப்பிக்கவும்.","- அடையாளச் சான்று (ஆதார் அட்டை, வாக்காளர் அடையாள அட்டை).
- நில உரிமை ஆவணங்கள் அல்லது குத்தகை ஒப்பந்தம்.
- சாதிச் சான்றிதழ் (எஸ்சி/எஸ்டி விண்ணப்பதாரர்களுக்கு).
- வேறு ஏதேனும் ஆவணங்கள் (தேவைப்பட்டால்).","Q: இந்தத் திட்டத்தின் நோக்கம் என்ன?
A: ஆராய்ச்சி நிலையங்களுக்குச் செல்வதன் மூலம் விவசாயிகள் புதிய விவசாய நுட்பங்களைப் பற்றி அறிந்து கொள்ள உதவுவதே இந்தத் திட்டத்தின் நோக்கமாகும்.

Q: இந்தத் திட்டத்திற்கு யார் தகுதியானவர்கள்?
A: தமிழ்நாடு மாநிலத்தில் உள்ள அனைத்து விவசாயிகளும், எஸ்சி/எஸ்டி மற்றும் பெண் விவசாயிகளுக்கு சிறப்பு சலுகைகளுடன் இத்திட்டத்திற்கு தகுதியுடையவர்கள்.

Q: ஆராய்ச்சி நிலையத்தின் வருகை எவ்வளவு காலம் ஆகும்?
A: இந்தப் பயணம் 3 நாட்கள் நீடிக்கும்.

Q: இந்தத் திட்டத்தின் கீழ் ஏதேனும் நிதி உதவி வழங்கப்பட்டுள்ளதா?
A: ஆம், 50 விவசாயிகளின் குழுவிற்கு ரூ. 1,12,500 நிதி உதவியாக வழங்கப்படும்.

Q: எஸ்சி/எஸ்டி விவசாயிகளுக்கு முன்னுரிமை அளிக்கப்படுகிறதா?
A: ஆம், தேர்ந்தெடுக்கப்பட்ட விவசாயிகளில் 24 சதவீதம் பேர் எஸ்சி/எஸ்டி சமூகங்களைச் சேர்ந்தவர்கள்.

Q: இந்தத் திட்டம் பெண் விவசாயிகளுக்கு கிடைக்குமா?
A: ஆம், பயனாளிகளில் 20 சதவீதம் பெண் விவசாயிகள் அல்லது பெண் குழுக்களாக இருப்பார்கள்.

Q: நிதி எவ்வாறு பயன்படுத்தப்படுகிறது?
A: பயணத்தின் போது பயணம், தங்குமிடம் மற்றும் பிற செலவுகளை ஈடுகட்ட நிதி பயன்படுத்தப்படுகிறது.

Q: விண்ணப்பிக்க என்ன ஆவணங்கள் தேவை?
A: விவசாய அடையாள அட்டை, அடையாளச் சான்று, நில உரிமை அல்லது ஒப்பந்த விவசாயச் சான்று, சாதிச் சான்றிதழ் (எஸ்சி/எஸ்டி விவசாயிகளுக்கு) மற்றும் பெண் குழுக்களுக்கான ஆவணங்கள்.

Q: இந்தத் திட்டத்திற்கு ஏதேனும் வயது வரம்பு உள்ளதா?
A: இல்லை, குறிப்பிட்ட வயது வரம்பு எதுவும் குறிப்பிடப்படவில்லை.

Q: ஒரு குழுவில் எத்தனை விவசாயிகள் பங்கேற்க முடியும்?
A: ஒரு குழுவில் 50 விவசாயிகள் பங்கேற்கலாம்.",- [வழிகாட்டுதல்கள்](https://www.tn.gov.in/scheme/data_view/6858),,"{""dbtScheme"": false, ""implementingAgency"": null, ""schemeType"": null, ""closeDate"": null, ""priority"": 1}"
அடித்தளம் மற்றும் சான்றளிக்கப்பட்ட விதைகளின் உற்பத்தி,POFACS,pofacs,State,Tamil Nadu,"Agriculture,Rural & Environment","விவசாயம், விவசாயி, சான்றளிக்கப்பட்ட விதைகள், விதை உற்பத்தி, அடித்தள விதைகள்",,Individual,https://www.myscheme.gov.in/ta/schemes/pofacs,"""அடித்தளம் மற்றும் சான்றளிக்கப்பட்ட விதைகள் உற்பத்தி"" திட்டம், விவசாயத் துறைக்கு அடித்தளம் மற்றும் சான்றளிக்கப்பட்ட விதைகளை உற்பத்தி செய்து வழங்கும் விவசாயிகளுக்கு மானியத்தை வழங்குகிறது.","தமிழ்நாடு வேளாண்மை-விவசாயிகள் நலத்துறையின் ""அடித்தளம் மற்றும் சான்றளிக்கப்பட்ட விதைகள் உற்பத்தி"" திட்டம், உயர்தர விதைகளை உற்பத்தி செய்ய விவசாயிகளை ஊக்குவிப்பதை நோக்கமாகக் கொண்டுள்ளது. இந்த முன்முயற்சியின் கீழ், விவசாயத் துறைக்கு அறக்கட்டளை மற்றும் சான்றளிக்கப்பட்ட வகுப்பு விதைகளை உற்பத்தி செய்து வழங்கும் விவசாயிகள் மானியத்தைப் பெற தகுதியுடையவர்கள்.","நிதி உதவி: குவிண்டாலுக்கு ₹1,000/-.",பயனாளி ஒரு விவசாயியாக இருக்க வேண்டும். பயனாளி தமிழ்நாட்டில் வசிப்பவராக இருக்க வேண்டும். பயனாளி அறக்கட்டளை அல்லது சான்றளிக்கப்பட்ட விதைகளை உற்பத்தி செய்து துறைக்கு வழங்க வேண்டும்.,<பிஆர்>,"விண்ணப்பிக்கும் முறை: நேரில் (Offline)
படி 1:
அருகிலுள்ள வேளாண் அலுவலகத்திலிருந்து விண்ணப்பப் படிவத்தை சேகரிக்கவும்.
படி 2:
தேவையான விவரங்களுடன் விண்ணப்பப் படிவத்தை பூர்த்தி செய்து, கட்டாய ஆவணங்களை இணைக்கவும் (தேவைப்பட்டால் சுய சான்றளிக்கப்பட்டவை).
படி 3:
படிவத்தை சம்பந்தப்பட்ட அலுவலகத்திற்கு சமர்ப்பிக்கவும்:
கிராம மட்டம்:
உதவி வேளாண் அலுவலரிடம் விண்ணப்பத்தை சமர்ப்பிக்கவும்.
தொகுதி நிலை:
வேளாண் அதிகாரி அல்லது துணை வேளாண் அதிகாரியிடம் சமர்ப்பிக்கவும்.
மாவட்ட அளவில்:
வேளாண்மை இணை இயக்குநரிடம் சமர்ப்பிக்கவும்.","- அடையாளச் சான்று (ஆதார் அட்டை, வாக்காளர் அடையாள அட்டை)
- நில உரிமை ஆவணங்கள் அல்லது குத்தகை ஒப்பந்தம்.
- விதை உற்பத்தி மற்றும் வழங்கலுக்கான சான்றிதழ்.
- வங்கிக் கணக்கு விவரங்கள்.
- வேறு ஏதேனும் ஆவணங்கள் (தேவைப்பட்டால்).","Q: ""அடித்தளம் மற்றும் சான்றளிக்கப்பட்ட விதைகளின் உற்பத்தி"" திட்டம் என்றால் என்ன?
A: இது அறக்கட்டளை மற்றும் சான்றளிக்கப்பட்ட விதைகளை உற்பத்தி செய்வதற்கும் வழங்குவதற்கும் விவசாயிகளுக்கு மானியத்தை வழங்கும் ஒரு அரசு நிதியுதவி திட்டமாகும்.

Q: இந்தத் திட்டத்திற்கு யார் விண்ணப்பிக்க தகுதியுடையவர்கள்?
A: அறக்கட்டளை அல்லது சான்றளிக்கப்பட்ட விதைகளை உற்பத்தி செய்து துறைக்கு வழங்கும் எந்தவொரு விவசாயியும்.

Q: இந்தத் திட்டத்தின் கீழ் வழங்கப்படும் மானியம் என்ன?
A: விவசாயிகள் தாங்கள் உற்பத்தி செய்து வழங்கும் விதைகளுக்கான மானியமாக ஒரு குவிண்டாலுக்கு ₹1,000/- பெறுகிறார்கள்.

Q: இந்தத் திட்டத்திற்கு எப்படி விண்ணப்பிப்பது?
A: கிராமம், தொகுதி அல்லது மாவட்ட அளவில் உள்ள வேளாண் அதிகாரியிடம் விண்ணப்பங்களை சமர்ப்பிக்கலாம்.

Q: விண்ணப்பிக்க என்ன ஆவணங்கள் தேவை?
A: உங்களுக்கு நில உரிமைச் சான்று, அடையாளச் சான்று, விதை உற்பத்திச் சான்றிதழ் மற்றும் வங்கிக் கணக்கு விவரங்கள் தேவை.

Q: இந்தத் திட்டத்திற்கு விண்ணப்பிக்க வருமான வரம்பு ஏதேனும் உள்ளதா?
A: இல்லை, இந்தத் திட்டத்திற்கு வருமான அளவுகோல்கள் எதுவும் இல்லை.

Q: இந்தத் திட்டம் அனைத்து சமூகங்களுக்கும் கிடைக்குமா?
A: ஆம், இந்தத் திட்டம் சமூகத்தைப் பொருட்படுத்தாமல் அனைத்து விவசாயிகளுக்கும் திறந்திருக்கும்.

Q: இந்தத் திட்டத்திற்கு விண்ணப்பிக்க வயது வரம்பு உள்ளதா?
A: இல்லை, விண்ணப்பதாரர்களுக்கு வயது வரம்பு இல்லை.

Q: இந்தத் திட்டத்தின் கீழ் எந்த வகையான விதைகள் தகுதியானவை?
A: அறக்கட்டளை மற்றும் சான்றளிக்கப்பட்ட விதைகள் மட்டுமே மானியத்திற்கு தகுதியுடையவை.

Q: மேலும் தகவல்களுக்கு யாரைத் தொடர்புகொள்வது?
A: கிராமம், தொகுதி அல்லது மாவட்ட அளவில் உள்ள வேளாண் அதிகாரியை நீங்கள் தொடர்பு கொள்ளலாம்.",- [வழிகாட்டுதல்கள்](https://www.tn.gov.in/scheme/data_view/7612),,"{""dbtScheme"": false, ""implementingAgency"": null, ""schemeType"": null, ""closeDate"": null, ""priority"": 1}"
நுண் ஊட்டச்சத்து தெளிப்பு,MNS,mns,State,Tamil Nadu,"Agriculture,Rural & Environment","விவசாயம், விவசாயி, நுண் ஊட்டச்சத்து தெளிப்பு, மானியம்",,Individual,https://www.myscheme.gov.in/ta/schemes/mns,"எஸ்சி/எஸ்டி மற்றும் பெண் விவசாயிகளுக்கு நன்மைகளை உறுதி செய்வதில் கவனம் செலுத்தும் வகையில், ""மைக்ரோ நியூட்ரியன்ட் ஸ்ப்ரே"" திட்டம் தகுதியான விவசாயிகளுக்கு ஹெக்டேருக்கு 50 சதவீதம் மானியம் அல்லது 70/- ரூபாய் வழங்குகிறது.","தமிழ்நாடு வேளாண்மை-விவசாயிகள் நலத் துறையின் ""நுண்ணூட்டச்சத்து தெளிப்புத் திட்டம்"", நுண்ணூட்டச்சத்து தெளிப்புத் திட்டங்களுக்கு மானியம் வழங்குவதன் மூலம் பயிர் ஊட்டச்சத்தை மேம்படுத்த விவசாயிகளுக்கு உதவுவதை நோக்கமாகக் கொண்டுள்ளது. இந்தத் திட்டம் ஹெக்டேருக்கு 50 சதவீதம் அல்லது 70/- ரூபாய் மானியத்தை வழங்குகிறது, இதில் எது குறைவோ அது. அனைத்து விவசாயிகளும் விண்ணப்பிக்க தகுதியுடையவர்கள், 24 சதவீதம் ஆதாயங்கள் எஸ்சி/எஸ்டி விவசாயிகளுக்கும், 20 சதவீதம் பெண் விவசாயிகள் அல்லது பெண் குழுக்களுக்கும் வழங்க இலக்கு நிர்ணயிக்கப்பட்டுள்ளது. பிஆர் & ஜிடி;",நிதி உதவி: நுண்ணூட்டச்சத்து தெளிப்புக்கு ஹெக்டேருக்கு 50 சதவீதம் மானியம் அல்லது 70/- ரூபாய். & Ltd; பிஆர் & ஜிடி;,பயனாளி ஒரு விவசாயியாக இருக்க வேண்டும்-பயனாளி தமிழ்நாட்டில் வசிப்பவராக இருக்க வேண்டும். பிஆர் & ஜிடி;,<பிஆர்>,"விண்ணப்பிக்கும் முறை: நேரில் (Offline)
படி 1:
அருகிலுள்ள வேளாண் அலுவலகத்திலிருந்து விண்ணப்பப் படிவத்தை சேகரிக்கவும்.
படி 2:
தேவையான விவரங்களுடன் விண்ணப்பப் படிவத்தை பூர்த்தி செய்து, கட்டாய ஆவணங்களை இணைக்கவும் (தேவைப்பட்டால் சுய சான்றளிக்கப்பட்டவை).
படி 3:
படிவத்தை சம்பந்தப்பட்ட அலுவலகத்திற்கு சமர்ப்பிக்கவும்:
கிராம மட்டம்:
உதவி வேளாண் அலுவலரிடம் விண்ணப்பத்தை சமர்ப்பிக்கவும்.
தொகுதி நிலை:
வேளாண் அதிகாரி அல்லது துணை வேளாண் அதிகாரியிடம் சமர்ப்பிக்கவும்.
மாவட்ட அளவில்:
வேளாண்மை இணை இயக்குநரிடம் சமர்ப்பிக்கவும்.","- அடையாளச் சான்று (ஆதார் அட்டை, வாக்காளர் அடையாள அட்டை)
- நில உரிமை ஆவணங்கள் அல்லது குத்தகை ஒப்பந்தம்.
- சாதிச் சான்றிதழ் (எஸ்சி/எஸ்டி விண்ணப்பதாரர்களுக்கு).
- வேறு ஏதேனும் ஆவணங்கள் (தேவைப்பட்டால்).","Q: மைக்ரோ நியூட்ரியன்ட் ஸ்ப்ரே திட்டம் என்றால் என்ன?
A: ""நுண் ஊட்டச்சத்து தெளிப்பு"" திட்டம் விவசாயிகளுக்கு அவர்களின் பயிர்களுக்கு நுண் ஊட்டச்சத்து தெளிப்பைப் பயன்படுத்துவதற்கான மானியத்தை வழங்குவதன் மூலம் நிதி உதவியை வழங்குகிறது.

Q: இந்தத் திட்டத்திற்கு யார் தகுதியானவர்கள்?
A: அனைத்து விவசாயிகளும் இந்தத் திட்டத்திற்கு தகுதியுடையவர்கள். 24 சதவீதம் ஆதாயங்கள் எஸ்சி/எஸ்டி விவசாயிகளுக்கும், 20 சதவீதம் பெண் விவசாயிகள் அல்லது பெண் குழுக்களுக்கும் கிடைப்பதை உறுதி செய்வதிலும் கவனம் செலுத்தப்படுகிறது.

Q: இந்தத் திட்டத்தின் கீழ் எவ்வளவு மானியம் வழங்கப்படுகிறது?
A: இத்திட்டம் ஹெக்டேருக்கு 50 சதவீதம் அல்லது 70/- ரூபாய் மானியமாக வழங்குகிறது, இதில் எது குறைவோ அது.

Q: இந்தத் திட்டத்திற்கு ஒரு விவசாயி எவ்வாறு விண்ணப்பிக்கலாம்?
A: விவசாயிகள் தங்கள் விண்ணப்பத்தை கிராம அளவில் உள்ள உதவி வேளாண் அதிகாரியிடம் அல்லது வட்டார அல்லது மாவட்ட அளவில் உள்ள பிற விவசாய அதிகாரிகளிடம் சமர்ப்பிப்பதன் மூலம் விண்ணப்பிக்கலாம்.

Q: குறிப்பிட்ட சமூகங்களுக்கு ஏதேனும் சிறப்பு ஏற்பாடுகள் உள்ளனவா?
A: ஆம், ஆதாயங்களில் 24 சதவீதம் எஸ்சி/எஸ்டி விவசாயிகளுக்கும், 20 சதவீதம் பெண் விவசாயிகள் அல்லது பெண் குழுக்களுக்கும் ஒதுக்கப்பட்டுள்ளது.

Q: இந்தத் திட்டத்திற்கு விண்ணப்பிக்க என்ன ஆவணங்கள் தேவை?
A: விவசாயிகள் அடையாளச் சான்று, நில உரிமை ஆவணங்கள், சாதிச் சான்றிதழ் (பொருந்தினால்), விவசாய நடவடிக்கைகளின் சான்று மற்றும் பூர்த்தி செய்யப்பட்ட விண்ணப்பப் படிவத்தை வழங்க வேண்டும்.

Q: இந்தத் திட்டத்திற்கு ஏதேனும் வயது அல்லது வருமான வரம்பு உள்ளதா?
A: இந்தத் திட்டத்தின் கீழ் தகுதி பெறுவதற்கு குறிப்பிட்ட வயது அல்லது வருமான வரம்பு எதுவும் இல்லை.

Q: இத்திட்டத்தின் மூலம் பெண் விவசாயிகள் பயனடைய முடியுமா?
A: ஆம், பெண் விவசாயிகள் மற்றும் பெண் குழுக்கள் தகுதியானவர்கள், அவர்களுக்கு 20 சதவீதம் சலுகைகள் ஒதுக்கப்பட்டுள்ளன.

Q: விவசாயிகளுக்கு மானியம் எவ்வாறு வழங்கப்படும்?
A: நுண் ஊட்டச்சத்து தெளிப்பால் மூடப்பட்ட பகுதியின் அடிப்படையில் மற்றும் தேவையான ஆவணங்களை சமர்ப்பித்த பிறகு மானியம் வழங்கப்படுகிறது.

Q: விவசாயிகள் விண்ணப்ப படிவத்தை எங்கே பெறலாம்?
A: விண்ணப்பப் படிவங்களை உதவி வேளாண் அதிகாரி அல்லது வட்டார மற்றும் மாவட்ட அளவிலான விவசாய அலுவலகங்களில் பெறலாம்.

Q: இந்தத் திட்டத்திற்கு விவசாயிகள் ஆன்லைனில் விண்ணப்பிக்க முடியுமா?
A: தற்போது, விண்ணப்பங்களை நியமிக்கப்பட்ட விவசாய அதிகாரிகளிடம் நேரில் சமர்ப்பிக்க வேண்டும். ஆன்லைன் விண்ணப்ப செயல்முறை இல்லை.",- [வழிகாட்டுதல்கள்](https://www.tn.gov.in/scheme/data_view/7084),,"{""dbtScheme"": false, ""implementingAgency"": null, ""schemeType"": null, ""closeDate"": null, ""priority"": 1}"
தடுப்பு ஆர்ப்பாட்டம் ஏற்பாடு செய்தல்,OBD,obd,State,Tamil Nadu,"Agriculture,Rural & Environment","விவசாயம், விவசாயி, தடுப்பு ஆர்ப்பாட்டம், மானியம்",,Individual,https://www.myscheme.gov.in/ta/schemes/obd,"5 ஹெக்டேருக்கு மேல் பயிரிடப்படும் பருப்பு வகைகளின் சாகுபடியை நிரூபிப்பதற்கான இடுபொருள் செலவுகளுக்கு 50 சதவீதம் மானியம் அல்லது ரூ. 2,000/- (இதில் எது குறைவோ அது) இந்த திட்டம் வழங்குகிறது.","தமிழ்நாடு வேளாண்மை-விவசாயிகள் நலத் துறையின் ""தொகுதி ஆர்ப்பாட்டங்களை ஒழுங்கமைத்தல்"" திட்டம், பருப்பு வகைகளுடன் விதைப் பண்ணைகளை பயிரிடும் விவசாயிகளுக்கு சிறந்த விவசாய நடைமுறைகளை ஊக்குவிக்க மானியத்தை வழங்குகிறது. இந்த மானியம் உள்ளீட்டு செலவில் 50 சதவீதம் அல்லது ஒரு செயல்விளக்கத்திற்கு ₹2,000/- இதில் எது குறைவாக இருந்தாலும் அதை உள்ளடக்கும்.","* * நிதி உதவி: * * தலா 5 ஹெக்டேர் நிலப்பரப்பை அமைப்பதற்குத் தேவையான இடுபொருள்களின் செலவில் 50 சதவீதம் மானியம் அல்லது ரூ. 2,000/- இதில் எது குறைவோ அது மானியமாக வழங்கப்படும்.",பயனாளி ஒரு விவசாயியாக இருக்க வேண்டும். பயனாளி தமிழ்நாட்டில் வசிப்பவராக இருக்க வேண்டும். பயனாளி பருப்பு வகைகளுடன் கூடிய விதைப் பண்ணைகளை பயிரிட வேண்டும்.,,"விண்ணப்பிக்கும் முறை: நேரில் (Offline)
படி 1:
அருகிலுள்ள வேளாண் அலுவலகத்திலிருந்து விண்ணப்பப் படிவத்தை சேகரிக்கவும்.
படி 2:
தேவையான விவரங்களுடன் விண்ணப்பப் படிவத்தை பூர்த்தி செய்து, கட்டாய ஆவணங்களை இணைக்கவும் (தேவைப்பட்டால் சுய சான்றளிக்கப்பட்டவை).
படி 3:
படிவத்தை சம்பந்தப்பட்ட அலுவலகத்திற்கு சமர்ப்பிக்கவும்:
கிராம மட்டம்:
உதவி வேளாண் அலுவலரிடம் விண்ணப்பத்தை சமர்ப்பிக்கவும்.
தொகுதி நிலை:
வேளாண் அதிகாரி அல்லது துணை வேளாண் அதிகாரியிடம் சமர்ப்பிக்கவும்.
மாவட்ட அளவில்:
வேளாண்மை இணை இயக்குநரிடம் சமர்ப்பிக்கவும்.","- அடையாளச் சான்று (ஆதார் அட்டை, வாக்காளர் அடையாள அட்டை)
- நில உரிமை ஆவணங்கள் அல்லது குத்தகை ஒப்பந்தங்கள்.
- சாதிச் சான்றிதழ் (எஸ்சி/எஸ்டி விண்ணப்பதாரர்களுக்கு).
- வங்கிக் கணக்கு விவரங்கள்.
- வேறு ஏதேனும் ஆவணங்கள் (தேவைப்பட்டால்).","Q: ""தொகுதி ஆர்ப்பாட்டத்தை ஒழுங்கமைத்தல்"" திட்டம் என்றால் என்ன?
A: 5 ஹெக்டேருக்கு மேல் பயிரிடப்படும் பருப்பு வகைகளின் சாகுபடியை நிரூபிப்பதற்கான இடுபொருள் செலவுகளுக்கு 50 சதவீதம் மானியம் அல்லது ரூ. 2,000/- (இதில் எது குறைவோ அது) 'தொகுதி ஆர்ப்பாட்டத்தை ஒழுங்கமைத்தல்' திட்டம் வழங்குகிறது.

Q: இந்தத் திட்டத்திற்கு யார் தகுதியானவர்கள்?
A: பருப்பு வகைகள் பயிரிடப்படும் விதைப் பண்ணைகளை பயிரிடும் விவசாயிகள் இந்தத் திட்டத்திற்கு தகுதியுடையவர்கள்.

Q: மானியத் தொகை எவ்வளவு?
A: இந்த திட்டம் உள்ளீட்டு செலவில் 50 சதவீதம் அல்லது 5 ஹெக்டேருக்கு ரூ. 2000/- இதில் எது குறைவாக இருந்தாலும் மானியமாக வழங்குகிறது.

Q: குறிப்பிட்ட சமூகங்களுக்கு ஏதேனும் சிறப்பு ஏற்பாடுகள் உள்ளனவா?
A: ஆம், மொத்த மானிய ஒதுக்கீட்டில் 20 சதவீதம் விவசாயப் பெண்களுக்காக ஒதுக்கப்பட்டுள்ளது.

Q: விண்ணப்பத்திற்கு என்ன ஆவணங்கள் தேவை?
A: விவசாயிகள் அடையாளச் சான்று, நில உரிமை அல்லது குத்தகைச் சான்று, வங்கிக் கணக்கு விவரங்கள், சாதிச் சான்றிதழ் (பொருந்தினால்) மற்றும் விவசாயப் பெண்களின் அந்தஸ்துக்கான ஆதாரம் (பொருந்தினால்) ஆகியவற்றைச் சமர்ப்பிக்க வேண்டும்.

Q: விண்ணப்பத்தை எங்கே சமர்ப்பிக்க வேண்டும்?
A: கிராம அளவில் உதவி வேளாண் அதிகாரி, வட்டார அளவில் வேளாண் அதிகாரி/துணை வேளாண் அதிகாரி அல்லது மாவட்ட அளவில் வேளாண்மை இணை இயக்குநர் ஆகியோரிடம் விண்ணப்பங்களை சமர்ப்பிக்க வேண்டும்.

Q: மானியத் தொகை எவ்வாறு கணக்கிடப்படுகிறது?
A: இந்த மானியம் மொத்த உள்ளீட்டு செலவில் 50 சதவீதத்தை உள்ளடக்கியது, 5 ஹெக்டேர் நிலப்பரப்பில் ஒரு கண்காட்சிக்கு அதிகபட்சமாக ரூ. 2,000/- வரை.

Q: இத்திட்டத்தின் மூலம் பயனடையக்கூடிய விவசாயிகளின் எண்ணிக்கைக்கு வரம்பு உள்ளதா?
A: ஆம், திட்டத்தின் நன்மைகள் நிதி கிடைப்பதைப் பொறுத்தது.

Q: பிற பயிர்களை பயிரிடும் விவசாயிகள் இந்தத் திட்டத்திற்கு விண்ணப்பிக்க முடியுமா?
A: இல்லை, பருப்பு வகைகள் பயிரிடும் விவசாயிகள் மட்டுமே இந்த திட்டத்தின் கீழ் மானியத்திற்கு விண்ணப்பிக்க தகுதியுடையவர்கள்.

Q: இந்த செயல்பாட்டில் உதவி வேளாண் அதிகாரி என்ன பங்கு வகிக்கிறார்?
A: உதவி வேளாண் அதிகாரி கிராம அளவில் விண்ணப்ப செயல்முறையில் விவசாயிகளுக்கு உதவுகிறார் மற்றும் ஆவணங்கள் சரியாக சமர்ப்பிக்கப்படுவதை உறுதி செய்கிறார்.

Q: கிடைக்கக்கூடிய நிதி தீர்ந்துவிட்டால் என்ன நடக்கும்?
A: நிதி தீர்ந்துவிட்டால், எதிர்காலத்தில் நிதி கிடைப்பதன் அடிப்படையில் மேலும் விண்ணப்பங்கள் செயலாக்கப்படும்.

Q: ஆன்லைனில் விண்ணப்பிக்க முடியுமா?
A: இல்லை, தற்போது விண்ணப்பங்களை நியமிக்கப்பட்ட விவசாய அதிகாரிகளிடம் நேரில் சமர்ப்பிக்க வேண்டும்.

Q: விண்ணப்பத்தை சமர்ப்பிக்க ஒரு குறிப்பிட்ட கால வரம்பு உள்ளதா?
A: நிதி கிடைத்தால், திட்டத்தின் செல்லுபடியாகும் காலத்தில் எந்த நேரத்திலும் விண்ணப்பத்தை சமர்ப்பிக்கலாம்.

Q: மானியத்தைப் பெற வங்கிக் கணக்கு தேவையா?
A: ஆம், மானியம் நேரடியாக விவசாயிகளின் கணக்கிற்கு மாற்றப்படும் என்பதால் வங்கிக் கணக்கு தேவைப்படுகிறது.

Q: பருப்பு வகைகளைத் தவிர வேறு பயிர்களுக்கு இந்த மானியத்தைப் பயன்படுத்த முடியுமா?
A: இல்லை, இந்த மானியம் கண்டிப்பாக பருப்பு வகைகளின் பயிர்களை உற்பத்தி செய்வதற்காகவே வழங்கப்படுகிறது, மேலும் இதை மற்ற பயிர்களுக்கோ அல்லது திட்டங்களுக்கோ மாற்ற முடியாது.",- [வழிகாட்டுதல்கள்](https://www.tn.gov.in/scheme/data_view/6902),,"{""dbtScheme"": false, ""implementingAgency"": null, ""schemeType"": null, ""closeDate"": null, ""priority"": 1}"
சான்றளிக்கப்பட்ட விதைகளின் உற்பத்தி,POCS,pocs,State,Tamil Nadu,"Agriculture,Rural & Environment","விவசாயம், விவசாயி, சான்றளிக்கப்பட்ட விதைகள், விதைகள் உற்பத்தி",,Individual,https://www.myscheme.gov.in/ta/schemes/pocs,"""சான்றளிக்கப்பட்ட விதைகள் உற்பத்தி"" திட்டம், பருப்பு வகைகளின் சான்றளிக்கப்பட்ட விதைகளை உற்பத்தி செய்ய விவசாயிகளுக்கு மானியத்தை வழங்குகிறது.","தமிழ்நாடு வேளாண்மை-விவசாயிகள் நலத் துறையின் ""சான்றளிக்கப்பட்ட விதைகள் உற்பத்தி"" திட்டம், பருப்பு வகைகளின் சான்றளிக்கப்பட்ட விதைகளை உற்பத்தி செய்வதற்காக விவசாயிகளுக்கு மானியங்களை வழங்குவதன் மூலம் விவசாயிகளுக்கு ஆதரவளிப்பதை நோக்கமாகக் கொண்டுள்ளது. விதைகளின் தரத்தை மேம்படுத்துவதற்கும் உற்பத்தியை அதிகரிப்பதற்கும் தகுதியான விவசாயிகளுக்கு இது நிதி உதவியை வழங்குகிறது.",* நிதி உதவி: * * குவிண்டாலுக்கு ரூ. 1000/- மானியம்,பயனாளி ஒரு விவசாயியாக இருக்க வேண்டும். பயனாளி தமிழ்நாட்டில் வசிப்பவராக இருக்க வேண்டும். பயனாளி பருப்பு வகைகளுடன் விதைப் பண்ணைகளை வளர்க்க வேண்டும்.,<பிஆர்>,"விண்ணப்பிக்கும் முறை: நேரில் (Offline)
படி 1:
அருகிலுள்ள வேளாண் அலுவலகத்திலிருந்து விண்ணப்பப் படிவத்தை சேகரிக்கவும்.
படி 2:
தேவையான விவரங்களுடன் விண்ணப்பப் படிவத்தை பூர்த்தி செய்து, கட்டாய ஆவணங்களை இணைக்கவும் (தேவைப்பட்டால் சுய சான்றளிக்கப்பட்டவை).
படி 3:
படிவத்தை சம்பந்தப்பட்ட அலுவலகத்திற்கு சமர்ப்பிக்கவும்:
கிராம மட்டம்:
உதவி வேளாண் அலுவலரிடம் விண்ணப்பத்தை சமர்ப்பிக்கவும்.
தொகுதி நிலை:
வேளாண் அதிகாரி அல்லது துணை வேளாண் அதிகாரியிடம் சமர்ப்பிக்கவும்.
மாவட்ட அளவில்:
வேளாண்மை இணை இயக்குநரிடம் சமர்ப்பிக்கவும்.","- அடையாளச் சான்று (ஆதார் அட்டை, வாக்காளர் அடையாள அட்டை)
- நில உரிமை ஆவணங்கள் அல்லது குத்தகை ஒப்பந்தம்.
- விதை உற்பத்திக்கான சான்றிதழ்.
- வங்கிக் கணக்கு விவரங்கள்.
- சாதி சான்றிதழ் (பொருந்தினால்).
- பெண் விவசாயிகள் குழு பதிவு ஆவணங்கள் (பொருந்தினால்).
- வேறு ஏதேனும் ஆவணங்கள் (தேவைப்பட்டால்).","Q: ""சான்றளிக்கப்பட்ட விதைகள் உற்பத்தி"" திட்டம் என்றால் என்ன?
A: ""சான்றளிக்கப்பட்ட விதைகள் உற்பத்தி"" திட்டம், பருப்பு வகைகளின் சான்றளிக்கப்பட்ட விதைகளை உற்பத்தி செய்ய விவசாயிகளுக்கு மானியத்தை வழங்குகிறது.

Q: இந்தத் திட்டத்தின் கீழ் வழங்கப்படும் மானியத் தொகை எவ்வளவு?
A: விவசாயிகள் உற்பத்தி செய்யப்படும் சான்றளிக்கப்பட்ட விதைகளுக்கு குவிண்டாலுக்கு 1,000/- ரூபாய் மானியம் பெறுகின்றனர்.

Q: இந்தத் திட்டத்திற்கு யார் விண்ணப்பிக்க தகுதியுடையவர்கள்?
A: விதை உற்பத்திக்காக பருப்பு வகைகளை பயிரிடும் அனைத்து விவசாயிகளும் விண்ணப்பிக்க தகுதியுடையவர்கள்.

Q: எஸ்சி/எஸ்டி விவசாயிகள் அல்லது பெண்களுக்கு ஏதேனும் சிறப்பு ஏற்பாடுகள் உள்ளதா?
A: ஆம், ஆதாயங்களில் 24 சதவீதம் எஸ்சி/எஸ்டி விவசாயிகளுக்கும், 20 சதவீதம் விவசாயப் பெண்களுக்கும் ஒதுக்கப்பட்டுள்ளது.

Q: இந்தத் திட்டத்திற்கு ஒரு விவசாயி எவ்வாறு விண்ணப்பிப்பது?
A: விவசாயிகள் தங்கள் விண்ணப்பத்தை கிராமம், தொகுதி அல்லது மாவட்ட அளவில் சம்பந்தப்பட்ட வேளாண் அதிகாரியிடம் சமர்ப்பிக்க வேண்டும்.

Q: இந்தத் திட்டத்திற்கு விண்ணப்பிக்க என்ன ஆவணங்கள் தேவை?
A: விவசாயிகள் அடையாளச் சான்று, நில உரிமை அல்லது குத்தகை ஆவணங்கள் மற்றும் விதை உற்பத்திக்கான சான்றிதழ் ஆகியவற்றை வழங்க வேண்டும்.

Q: இந்தத் திட்டத்திற்கு விண்ணப்பிக்க வயது வரம்பு உள்ளதா?
A: இல்லை, இந்தத் திட்டத்திற்கு வயது வரம்பு இல்லை.

Q: இந்தத் திட்டத்தின் கீழ் எந்தெந்த பயிர்கள் பயிரிடப்படுகின்றன?
A: இந்தத் திட்டம் பருப்பு வகைகளின் விதைகள் உற்பத்தியில் கவனம் செலுத்துகிறது.

Q: விவசாயிகள் விண்ணப்பிக்க ஏதேனும் வருமான அளவுகோல்களை பூர்த்தி செய்ய வேண்டுமா?
A: இந்தத் திட்டத்திற்கு விண்ணப்பிக்க குறிப்பிட்ட வருமான அளவுகோல்கள் எதுவும் இல்லை.

Q: பருப்பு வகைகளைத் தவிர மற்ற பயிர்களையும் இந்தத் திட்டத்தில் சேர்க்க முடியுமா?
A: இல்லை, இந்தத் திட்டம் சான்றளிக்கப்பட்ட பருப்பு வகைகளின் விதைகளை உற்பத்தி செய்வதற்காக பிரத்தியேகமாக உள்ளது.

Q: ஒரு விவசாயி தனது விண்ணப்பத்தின் நிலையை எவ்வாறு சரிபார்க்க முடியும்?
A: கிராம அல்லது வட்டார அளவில் உள்ள வேளாண் அதிகாரியைத் தொடர்புகொள்வதன் மூலம் விவசாயிகள் தங்கள் விண்ணப்பத்தின் நிலை குறித்து விசாரிக்கலாம்.",- [வழிகாட்டுதல்கள்](https://www.tn.gov.in/scheme/data_view/6895),,"{""dbtScheme"": false, ""implementingAgency"": null, ""schemeType"": null, ""closeDate"": null, ""priority"": 1}"
விவசாயிகளுக்கு பயிற்சி,TTF,ttf,State,Tamil Nadu,"Agriculture,Rural & Environment","விவசாயம், விவசாயி, மக்காச்சோளம், பயிற்சி",,Individual,https://www.myscheme.gov.in/ta/schemes/ttf,"விவசாய நடைமுறைகளை மேம்படுத்துவதையும் உற்பத்தித்திறனை அதிகரிப்பதையும் நோக்கமாகக் கொண்ட பல்வேறு மாவட்டங்களில் உள்ள மக்காச்சோள விவசாயிகளுக்கு ""விவசாயிகளுக்கான பயிற்சி"" திட்டம் பயிற்சி அளிக்கிறது.","தமிழ்நாட்டின் வேளாண்மை-விவசாயிகள் நலத் துறையின் ""விவசாயிகளுக்கான பயிற்சி"" திட்டம், மாநிலத்தின் தேர்ந்தெடுக்கப்பட்ட 18 மாவட்டங்களில் மக்காச்சோளம் பயிரிடும் விவசாயிகளுக்கு பயிற்சி அளிக்கிறது. இந்த திட்டம் இரண்டு நாட்கள் வரை பயிற்சியின் செலவுகளை உள்ளடக்கியது, ஒரு விவசாயிக்கு ₹300/- நிதியுதவியுடன். விளைச்சல் மற்றும் விவசாய நிலைத்தன்மையை மேம்படுத்த விவசாயிகள் சிறந்த நடைமுறைகளை பின்பற்ற இந்த பயிற்சி உதவுகிறது.","நிதி உதவி: இரண்டு நாள் பயிற்சி அமர்வில் கலந்து கொள்வதற்கு ₹300/-. பயிற்சி திட்டம்: நவீன மக்காச்சோள சாகுபடி நுட்பங்கள், பயிர் விளைச்சலை மேம்படுத்துதல் மற்றும் உள்ளீட்டு செலவுகளைக் குறைத்தல் ஆகியவை பயிற்சியில் அடங்கும்.","பயனாளி ஒரு விவசாயியாக இருக்க வேண்டும்-பயனாளி தமிழ்நாட்டின் பின்வரும் மாவட்டங்களில் ஏதேனும் ஒன்றில் வசிப்பவராக இருக்க வேண்டும்: கோயம்புத்தூர், தூத்துக்குடி, ஈரோடு, தருமபுரி, கிருஷ்ணகிரி, நாமக்கல், பெரம்பலூர், விருதுநகர், தேனி, வில்லுபுரம், வேலூர், சேலம், புதுக்கோட்டை, மதுரை, சிவகங்கை, திருச்சி, திருநெல்வேலி மற்றும் தூத்துக்குடி-பயனாளிகள் மக்காச்சோளம் பயிரிட வேண்டும்.",<பிஆர்>,"விண்ணப்பிக்கும் முறை: நேரில் (Offline)
படி 1:
அருகிலுள்ள வேளாண் அலுவலகத்திலிருந்து விண்ணப்பப் படிவத்தை சேகரிக்கவும்.
படி 2:
தேவையான விவரங்களுடன் விண்ணப்பப் படிவத்தை பூர்த்தி செய்து, கட்டாய ஆவணங்களை இணைக்கவும் (தேவைப்பட்டால் சுய சான்றளிக்கப்பட்டவை).
படி 3:
படிவத்தை சம்பந்தப்பட்ட அலுவலகத்திற்கு சமர்ப்பிக்கவும்:
கிராம மட்டம்:
உதவி வேளாண் அலுவலரிடம் விண்ணப்பத்தை சமர்ப்பிக்கவும்.
தொகுதி நிலை:
வேளாண் அதிகாரி அல்லது துணை வேளாண் அதிகாரியிடம் சமர்ப்பிக்கவும்.
மாவட்ட அளவில்:
வேளாண்மை இணை இயக்குநரிடம் சமர்ப்பிக்கவும்.","- அடையாளச் சான்று (ஆதார் அட்டை, வாக்காளர் அடையாள அட்டை).
- நில உரிமை ஆவணங்கள் அல்லது குத்தகை ஒப்பந்தம்.
- சாதிச் சான்றிதழ் (எஸ்சி/எஸ்டி விண்ணப்பதாரர்களுக்கு).
- வேறு ஏதேனும் ஆவணங்கள் (தேவைப்பட்டால்).","Q: இந்தத் திட்டத்தின் நோக்கம் என்ன?
A: இந்த திட்டம் பல்வேறு மாவட்டங்களில் உள்ள மக்காச்சோள விவசாயிகளுக்கு பயிற்சி அளிக்கிறது, விவசாய நடைமுறைகளை மேம்படுத்துவதையும் உற்பத்தித்திறனை அதிகரிப்பதையும் நோக்கமாகக் கொண்டுள்ளது.

Q: இந்தத் திட்டத்தின் கீழ் பயிற்சிக்கு யார் தகுதியானவர்கள்?
A: குறிப்பிட்ட மாவட்டங்களில் மக்காச்சோளம் பயிரிடும் அனைத்து விவசாயிகளும் தகுதியானவர்கள்.

Q: பயிற்சியில் கலந்து கொள்வதற்கு எவ்வளவு நிதி உதவி வழங்கப்படுகிறது?
A: இரண்டு நாள் பயிற்சி அமர்வில் கலந்து கொள்வதற்காக விவசாயிகள் ₹300/- பெறுகிறார்கள்.

Q: இந்தத் திட்டத்தின் கீழ் எந்தெந்த மாவட்டங்கள் உள்ளடக்கப்பட்டுள்ளன?
A: கோயம்புத்தூர், தூத்துக்குடி, ஈரோடு, தருமபுரி, கிருஷ்ணகிரி, நாமக்கல், பெரம்பலூர், விருதுநகர், தேனி, வில்லுபுரம், வேலூர், சேலம், புதுக்கோட்டை, மதுரை, சிவகங்கை, திருச்சி, திருநெல்வேலி மற்றும் தூத்துக்குடி ஆகிய மாவட்டங்கள் இத்திட்டத்தின் கீழ் வருகின்றன.

Q: குறிப்பிட்ட விவசாயிகளின் குழுக்களுக்கு ஏதேனும் முன்னுரிமைகள் உள்ளனவா?
A: ஆம், இந்தத் திட்டம் சிறு/குறு விவசாயிகள், எஸ்சி/எஸ்டி விவசாயிகள் மற்றும் பெண் விவசாயிகளுக்கு முன்னுரிமை அளிக்கிறது.

Q: இந்தத் திட்டத்திற்கு விவசாயிகள் எவ்வாறு விண்ணப்பிக்கலாம்?
A: கிராம அளவில் உதவி வேளாண் அதிகாரி அல்லது வட்டார அளவில் துணை வேளாண் அதிகாரிக்கு விண்ணப்பங்களை சமர்ப்பிக்கலாம். மாற்றாக, விவசாயிகள் மாவட்ட அளவில் வேளாண்மை உதவி இயக்குநர் அல்லது வேளாண்மை இணை இயக்குநரை அணுகலாம்.

Q: விண்ணப்பிக்க என்ன ஆவணங்கள் தேவை?
A: விண்ணப்பதாரர்கள் அடையாளச் சான்று, நில உரிமைச் சான்று, சாதிச் சான்றிதழ் (பொருந்தினால்) மற்றும் பாலினச் சான்று (பெண் பயனாளிகளுக்கு) ஆகியவற்றை வழங்க வேண்டும்.

Q: பயிற்சியில் என்ன தலைப்புகள் உள்ளடக்கப்பட்டுள்ளன?
A: நவீன மக்காச்சோள சாகுபடி நுட்பங்கள் மற்றும் உற்பத்தித்திறனை மேம்படுத்துவதற்கும் செலவுகளைக் குறைப்பதற்கும் சிறந்த விவசாய நடைமுறைகள் குறித்து பயிற்சி கவனம் செலுத்துகிறது.

Q: பெண் விவசாயிகள் இந்தத் திட்டத்திற்கு விண்ணப்பிக்க முடியுமா?
A: ஆம், மொத்த பயனாளிகளில் 20 சதவீதம் பெண்கள் அல்லது பெண்கள் குழுக்களுக்கு ஒதுக்கப்பட்டுள்ளது.

Q: பயிற்சித் திட்டத்தின் காலம் என்ன?
A: பயிற்சித் திட்டம் இரண்டு நாட்களுக்கு நடத்தப்படுகிறது.

Q: விவசாயிகள் விண்ணப்பிக்க ஏதேனும் வயது வரம்பு உள்ளதா?
A: இந்தத் திட்டத்தில் குறிப்பிட்ட வயது வரம்பு எதுவும் குறிப்பிடப்படவில்லை.

Q: பயிற்சி எங்கு நடத்தப்படுகிறது?
A: விவசாயிகள் வசிக்கும் அந்தந்த மாவட்டங்களுக்குள் பயிற்சி அமர்வுகள் நடத்தப்படுகின்றன.",- [வழிகாட்டுதல்கள்](https://www.tn.gov.in/scheme/data_view/6857),,"{""dbtScheme"": false, ""implementingAgency"": null, ""schemeType"": null, ""closeDate"": null, ""priority"": 1}"
விவசாயிகளுக்கு பயிற்சி,FT,ft,State,Tamil Nadu,"Agriculture,Rural & Environment","விவசாயம், விவசாயி, பயிற்சி",,Individual,https://www.myscheme.gov.in/ta/schemes/ft,"""விவசாயிகள் பயிற்சி"" திட்டம் ஒரு கிளஸ்டருக்கு 50 விவசாயிகள் அல்லது விவசாயத் தொழிலாளர்களை உள்ளடக்கிய பயிற்சி அமர்வுகளுக்கு நிதி உதவி வழங்குகிறது.","தமிழ்நாடு வேளாண்மை-விவசாயிகள் நலத்துறையின் ""விவசாயிகள் பயிற்சி"" திட்டம், விவசாயிகள் மற்றும் விவசாயத் தொழிலாளர்களுக்கு அவர்களின் திறன்களையும் அறிவையும் மேம்படுத்துவதற்கான பயிற்சியை வழங்குகிறது. ஒவ்வொரு பயிற்சி அமர்வும் 50 பங்கேற்பாளர்கள் வரை ஆதரிக்கிறது, செலவுகளை ஈடுகட்ட ஒரு அமர்வுக்கு ₹5,000/- மானியம் வழங்கப்படுகிறது. பிஆர் & ஜிடி;","நிதி உதவி: 50 விவசாயிகள்/விவசாயத் தொழிலாளர்களுக்கு பயிற்சி அமர்வுக்கு ரூ. 5,000/-.",பயனாளி ஒரு விவசாயியாக இருக்க வேண்டும். பயனாளி தமிழ்நாட்டில் வசிப்பவராக இருக்க வேண்டும். பயனாளி விவசாய திறன்களை மேம்படுத்த பயிற்சியில் சேர ஆர்வமாக இருக்க வேண்டும்.,<பிஆர்>,"விண்ணப்பிக்கும் முறை: நேரில் (Offline)
படி 1:
அருகிலுள்ள வேளாண் அலுவலகத்திலிருந்து விண்ணப்பப் படிவத்தை சேகரிக்கவும்.
படி 2:
தேவையான விவரங்களுடன் விண்ணப்பப் படிவத்தை பூர்த்தி செய்து, கட்டாய ஆவணங்களை இணைக்கவும் (தேவைப்பட்டால் சுய சான்றளிக்கப்பட்டவை).
படி 3:
படிவத்தை சம்பந்தப்பட்ட அலுவலகத்திற்கு சமர்ப்பிக்கவும்:
கிராம மட்டம்:
உதவி வேளாண் அலுவலரிடம் விண்ணப்பத்தை சமர்ப்பிக்கவும்.
தொகுதி நிலை:
வேளாண் அதிகாரி அல்லது துணை வேளாண் அதிகாரியிடம் சமர்ப்பிக்கவும்.
மாவட்ட அளவில்:
வேளாண்மை இணை இயக்குநரிடம் சமர்ப்பிக்கவும்.","- அடையாளச் சான்று (ஆதார் அட்டை, வாக்காளர் அடையாள அட்டை போன்றவை).
- விவசாயம் அல்லது விவசாயத் தொழிலாளர் அந்தஸ்தின் சான்று.
- வேறு ஏதேனும் ஆவணங்கள் (தேவைப்பட்டால்).","Q: ""விவசாயிகள் பயிற்சி"" திட்டம் என்றால் என்ன?
A: ""விவசாயிகள் பயிற்சி"" திட்டம் ஒரு கிளஸ்டருக்கு 50 விவசாயிகள் அல்லது விவசாயத் தொழிலாளர்களை உள்ளடக்கிய பயிற்சி அமர்வுகளுக்கு நிதி உதவி வழங்குகிறது.

Q: விவசாயிகள் பயிற்சித் திட்டத்திற்கு யார் விண்ணப்பிக்க தகுதியுடையவர்கள்?
A: இந்தத் திட்டம் விவசாயிகள் மற்றும் விவசாயத் தொழிலாளர்களுக்கு திறந்திருக்கும்.

Q: இத்திட்டத்தின் கீழ் வழங்கப்படும் நிதியுதவியின் அளவு என்ன?
A: இந்தத் திட்டம் ஒரு பயிற்சி அமர்வுக்கு ₹5,000/- வழங்குகிறது.

Q: ஒவ்வொரு அமர்விலும் எத்தனை பங்கேற்பாளர்களுக்கு பயிற்சி அளிக்க முடியும்?
A: ஒவ்வொரு பயிற்சி அமர்வும் 50 பங்கேற்பாளர்கள் வரை ஆதரிக்கிறது.

Q: விண்ணப்பதாரர்கள் தங்கள் விண்ணப்பங்களை எங்கே சமர்ப்பிக்கலாம்?
A: கிராம அளவில் உதவி வேளாண் அதிகாரி, வட்டார அளவில் துணை வேளாண் அதிகாரி, வட்டார அளவில் வேளாண்மை உதவி இயக்குநர் அல்லது மாவட்ட அளவில் வேளாண்மை இணை இயக்குநர் ஆகியோரிடம் விண்ணப்பங்களை சமர்ப்பிக்கலாம்.

Q: தகுதி பெற குறிப்பிட்ட வயது வரம்பு உள்ளதா?
A: தகுதிக்கு குறிப்பிட்ட வயது வரம்பு எதுவும் குறிப்பிடப்படவில்லை.

Q: இந்தத் திட்டத்திற்கு விண்ணப்பிப்பதற்கு வருமான அளவுகோல்கள் ஏதேனும் உள்ளதா?
A: இந்தத் திட்டத்திற்கான வருமான அளவுகோல்கள் குறிப்பிடப்படவில்லை.

Q: இந்தத் திட்டத்திற்கு விண்ணப்பிக்க என்ன ஆவணங்கள் தேவை?
A: விண்ணப்பதாரர்கள் ஒரு விண்ணப்ப படிவம், விவசாயம் அல்லது விவசாய தொழிலாளர் அந்தஸ்தின் ஆதாரம், அடையாளச் சான்று மற்றும் முகவரிச் சான்று ஆகியவற்றை வழங்க வேண்டும்.

Q: ஒரு குறிப்பிட்ட இடத்தில் அல்லது பிராந்தியத்தில் பயிற்சி அளிக்கப்படுகிறதா?
A: பயிற்சி குழுக்களாக ஏற்பாடு செய்யப்படுகிறது, மேலும் வளங்களின் பரப்பளவு மற்றும் கிடைக்கும் தன்மையைப் பொறுத்து இடங்கள் மாறுபடலாம்.

Q: பயிற்சி அமர்வுகளுக்கு நிதி உதவி எவ்வாறு உதவுகிறது?
A: பயிற்சி அமர்வுகளை ஏற்பாடு செய்தல் மற்றும் நடத்துதல் ஆகியவற்றுடன் தொடர்புடைய செலவுகளை ஈடுகட்டும் நோக்கில் இந்த ₹5,000/- மானியம் வழங்கப்படுகிறது.",- [வழிகாட்டுதல்கள்](https://www.tn.gov.in/scheme/data_view/6847),,"{""dbtScheme"": false, ""implementingAgency"": null, ""schemeType"": null, ""closeDate"": null, ""priority"": 1}"
பருப்பு வகைகள் உற்பத்தி தொழில்நுட்பங்கள் குறித்து விவசாயிகளுக்கு பயிற்சி,TFPPT,tfppt,State,Tamil Nadu,"Agriculture,Rural & Environment","விவசாயம், விவசாயி, பருப்பு வகைகள் உற்பத்தி, பயிற்சி",,Individual,https://www.myscheme.gov.in/ta/schemes/tfppt,"""பருப்பு வகைகள் உற்பத்தி தொழில்நுட்பங்கள் குறித்த விவசாயிகளின் பயிற்சி"" திட்டம் பயிர் விளைச்சலை அதிகரிக்க மேம்பட்ட பருப்பு வகைகள் உற்பத்தி தொழில்நுட்பங்கள் குறித்து விவசாயிகளுக்கு கல்வி கற்பிப்பதை நோக்கமாகக் கொண்டுள்ளது.","தமிழ்நாடு வேளாண்மை-விவசாயிகள் நலத் துறையின் ""பருப்பு வகைகள் உற்பத்தி தொழில்நுட்பங்கள் குறித்த விவசாயிகளின் பயிற்சி"" திட்டம், பருப்பு வகைகள் உற்பத்தி தொழில்நுட்பங்கள் குறித்து விவசாயிகளுக்கு கல்வி கற்பிப்பதற்கான பயிற்சித் திட்டங்களுக்கு நிதி உதவி வழங்குகிறது.","நிதி உதவி: 50 விவசாயிகளுக்கு ஒரு குழுவிற்கு ரூ. 15,000/- பயிற்சி திட்டம்: * * மேம்பட்ட பருப்பு உற்பத்தி நுட்பங்கள் குறித்த பயிற்சி.",பயனாளி ஒரு விவசாயியாக இருக்க வேண்டும். பயனாளி தமிழ்நாட்டில் வசிப்பவராக இருக்க வேண்டும். பயனாளி பருப்பு வகைகளுடன் விதைப் பண்ணைகளை வளர்க்க வேண்டும்,,"விண்ணப்பிக்கும் முறை: நேரில் (Offline)
படி 1:
அருகிலுள்ள வேளாண் அலுவலகத்திலிருந்து விண்ணப்பப் படிவத்தை சேகரிக்கவும்.
படி 2:
தேவையான விவரங்களுடன் விண்ணப்பப் படிவத்தை பூர்த்தி செய்து, கட்டாய ஆவணங்களை இணைக்கவும் (தேவைப்பட்டால் சுய சான்றளிக்கப்பட்டவை).
படி 3:
படிவத்தை சம்பந்தப்பட்ட அலுவலகத்திற்கு சமர்ப்பிக்கவும்:
கிராம மட்டம்:
உதவி வேளாண் அலுவலரிடம் விண்ணப்பத்தை சமர்ப்பிக்கவும்.
தொகுதி நிலை:
வேளாண் அதிகாரி அல்லது துணை வேளாண் அதிகாரியிடம் சமர்ப்பிக்கவும்.
மாவட்ட அளவில்:
வேளாண்மை இணை இயக்குநரிடம் சமர்ப்பிக்கவும்.","- அடையாளச் சான்று (ஆதார் அட்டை, வாக்காளர் அடையாள அட்டை).
- நில உரிமை ஆவணங்கள் அல்லது குத்தகை ஒப்பந்தம்.
- பருப்பு வகைகள் சாகுபடி செய்யப்பட்டதற்கான சான்று.
- சாதிச் சான்றிதழ் (எஸ்சி/எஸ்டி விண்ணப்பதாரர்களுக்கு).
- வேறு ஏதேனும் ஆவணங்கள் (தேவைப்பட்டால்).","Q: பருப்பு வகைகள் உற்பத்தி தொழில்நுட்பங்கள் குறித்து விவசாயிகளுக்கு பயிற்சி அளிக்கும் திட்டத்தின் நோக்கம் என்ன?
A: இந்தத் திட்டம் பருப்பு வகைகள் உற்பத்திக்கான நவீன நுட்பங்கள் குறித்த பயிற்சியையும், பங்கேற்கும் விவசாயிகளுக்கு நிதி உதவிகளையும் வழங்குகிறது.

Q: இந்தத் திட்டத்திற்கு யார் தகுதி பெறுகிறார்கள்?
A: பருப்பு வகைகள் பயிரிடும் விவசாயிகள் தகுதியானவர்கள், எஸ்சி/எஸ்டி (24 சதவீதம்) மற்றும் பெண் விவசாயிகள் (20 சதவீதம்) மீது சிறப்பு கவனம் செலுத்துகிறார்கள்.

Q: வயது அல்லது வருமான வரம்புகள் ஏதேனும் உள்ளதா?
A: இல்லை, இந்தத் திட்டத்திற்கு குறிப்பிட்ட வயது அல்லது வருமானத் தேவைகள் எதுவும் இல்லை.

Q: இந்தத் திட்டத்தின் கீழ் என்ன நிதி உதவி வழங்கப்படுகிறது?
A: 50 விவசாயிகள் கொண்ட ஒவ்வொரு குழுவும் பயிற்சிக்காக ரூ. 15,000/- நிதி உதவியைப் பெறுகிறது.

Q: இந்தத் திட்டத்திற்கு விவசாயிகள் எவ்வாறு விண்ணப்பிக்கலாம்?
A: விண்ணப்பங்களை கிராம அளவில் உள்ள உதவி வேளாண் அலுவலரிடம் அல்லது வட்டார மற்றும் மாவட்ட அளவில் உள்ள சம்பந்தப்பட்ட விவசாய அதிகாரிகளிடம் சமர்ப்பிக்கலாம்.

Q: விண்ணப்பத்திற்கு என்ன ஆவணங்கள் தேவை?
A: விண்ணப்பதாரர்கள் அடையாளச் சான்று, நில உரிமை ஆவணங்கள், சாதிச் சான்றிதழ்கள் (பொருந்தினால்) மற்றும் பருப்பு சாகுபடிக்கான சான்றுகளை வழங்க வேண்டும்.

Q: பெண் விவசாயிகளுக்கு இடஒதுக்கீடு உள்ளதா?
A: ஆம், இந்தத் திட்டத்தின் கீழ் பயனாளிகளில் 20 சதவீதம் பெண் விவசாயிகளுக்காக ஒதுக்கப்பட்டுள்ளது.

Q: மற்ற பயிர்களை பயிரிடும் விவசாயிகளுக்கு இந்தத் திட்டம் கிடைக்குமா?
A: இல்லை, இது குறிப்பாக பருப்பு வகைகள் பயிரிடும் விவசாயிகளுக்காக வடிவமைக்கப்பட்டுள்ளது.

Q: பயிற்சித் திட்டத்தில் பங்கேற்பதன் நன்மைகள் என்ன?
A: பருப்பு வகைகளின் விளைச்சல் மற்றும் லாபத்தை மேம்படுத்த உதவும் மேம்பட்ட நுட்பங்கள் குறித்த அறிவை விவசாயிகள் பெறுவார்கள்.",- [வழிகாட்டுதல்கள்](https://www.tn.gov.in/scheme/data_view/7068),,"{""dbtScheme"": false, ""implementingAgency"": null, ""schemeType"": null, ""closeDate"": null, ""priority"": 1}"
மசாலா பொருட்களின் ஏற்றுமதியை மேம்படுத்துதல் மற்றும் தரத்தை மேம்படுத்துதல் மற்றும் ஏலக்காய் ஆராய்ச்சி மற்றும் மேம்பாட்டுக்கான ஒருங்கிணைந்த திட்டம்: சிறிய ஏலக்காய் நீர்ப்பாசன நில மேம்பாடு: நீர்ப்பாசனம்/நீர் சேமிப்பு அமைப்பு (எண்,ISFEPQIISARADOCSCILDIWSS,isfepqiisaradocscildiwss,Central,"Kerala, Karnataka, Tamil Nadu","Agriculture,Rural & Environment","விவசாயம், நீர் சேமிப்பு, பட்டியலிடப்பட்ட சாதியினர், பட்டியல் பழங்குடியினர், விவசாயி",Ministry Of Commerce And Industry,Individual,https://www.myscheme.gov.in/ta/schemes/isfepqiisaradocscildiwss,"இத்திட்டத்தின் கீழ், சிறிய ஏலக்காய் உற்பத்தித்திறனை அதிகரிக்கவும், தரத்தை மேம்படுத்தவும் நீர் சேமிப்பு கட்டமைப்புகளை உருவாக்குவதன் மூலம் அதிக நிலப்பரப்பை நீர்ப்பாசனம் மற்றும் நில மேம்பாட்டின் கீழ் கொண்டு வர விவசாயிகளை ஊக்குவித்தல்.","சிறு ஏலக்காய் நீர்ப்பாசன நில மேம்பாடு: இந்திய மசாலா வாரியத்தின் கீழ், இந்திய வர்த்தக மற்றும் கைத்தொழில் அமைச்சகத்தின் கீழ் செயல்படுத்தப்படும் நீர்ப்பாசனம்/நீர் சேமிப்பு அமைப்பு திட்டம், 15-வது நிதிக்குழு காலத்தில் (2021-22 முதல் 2025-26 வரை) ""ஏற்றுமதியை ஊக்குவிப்பதற்கும், மசாலா பொருட்களின் தரத்தை மேம்படுத்துவதற்கும், ஏலக்காய் ஆராய்ச்சி மற்றும் மேம்பாட்டிற்கும் ஒருங்கிணைந்த திட்டத்தை"" செயல்படுத்த தகுதிவாய்ந்த அதிகாரிகளால் அங்கீகரிக்கப்பட்ட வழிமுறைகள் மற்றும் திட்ட வழிகாட்டுதல்களின்படி, நீர் சேமிப்பு கட்டமைப்புகளை உருவாக்குவதன் மூலம் அதிக நிலப்பரப்பை நீர்ப்பாசனம் மற்றும் நில மேம்பாட்டின் கீழ் கொண்டு வருவதற்கு விவசாயிகளை ஊக்குவிப்பதை நோக்கமாகக் கொண்டுள்ளது. <பிஆர்>","1. கட்டுமான செலவில் 50 சதவீதம், பொதுப் பிரிவினருக்கு ஒரு யூனிட்டுக்கு அதிகபட்சம் ரூ. 30,000 ஆகவும், எஸ்சி/எஸ்டி பிரிவினருக்கு ஒரு யூனிட்டுக்கு அதிகபட்சம் ரூ. 45,000/- ஆகவும், 75 சதவீதம் உட்பட்டு இருக்கும். 1. இத்திட்டத்தின் கீழ் அதிகபட்ச மானியத்தைப் பெற குறைந்தபட்ச நீர்ப்பாசனத் திறன் 25 கன மீட்டராக இருக்க வேண்டும். இதற்கு முன்பு இந்த சலுகையைப் பெற்ற எந்தவொரு விவசாயியும் இந்த சலுகையைப் பெற தகுதியற்றவர். 1. 10 ஹெக்டேர் முதல் 8 ஹெக்டேர் வரை நிலம் வைத்திருக்கும் பதிவு செய்யப்பட்ட ஏலக்காய் விவசாயிகள் இந்தத் திட்டத்தைப் பயன்படுத்த தகுதியுடையவர்கள்","1. விண்ணப்பதாரர் கேரளா, தமிழ்நாடு அல்லது கர்நாடகாவைச் சேர்ந்த சிறிய ஏலக்காய் உற்பத்தியாளராக இருக்க வேண்டும். 1. விண்ணப்பதாரர் நீர்ப்பாசனம் அல்லது நீர் சேமிப்பு கட்டமைப்புகளை உருவாக்குவதன் மூலம் நீர்ப்பாசனம் மற்றும் நில மேம்பாட்டு நடவடிக்கைகளை மேற்கொள்ள வேண்டும். 1. நியமிக்கப்பட்ட அதிகாரிகளின் இறுதி ஆய்வுக்கு உட்பட்டு, முன்மொழியப்பட்ட கட்டமைப்பு நீரின் இயற்கையான ஓட்டத்தைத் தடுக்கவோ அல்லது உள்ளூர் சமூகங்கள் அல்லது சம்பந்தப்பட்ட அதிகாரிகளிடமிருந்து ஆட்சேபனைகளை உருவாக்கவோ இல்லை என்பதை விண்ணப்பதாரர் உறுதி செய்ய வேண்டும்",<பிஆர்>,"விண்ணப்பிக்கும் முறை: இணையவழியில் (Online)
பதிவு செய்தல்
படி 1: விண்ணப்பதாரர் வருகை தர வேண்டும்
சேவைகள் பிளஸ்
இணையதளம்.
படி 2: ""என்பதைக் கிளிக் செய்க
பதிவு செய்யுங்கள் ""
முகப்புப்பக்கத்தில் உள்ள விருப்பத்தேர்வு.
படி 3: முழு பெயர், மின்னஞ்சல் ஐடி, மொபைல் எண், கடவுச்சொல், மாநிலம் மற்றும் கேப்ட்சாவைத் தேர்ந்தெடுப்பதன் மூலம் பதிவு படிவத்தை நிரப்பவும்.
படி 4: அனைத்து விவரங்களையும் கவனமாக மதிப்பாய்வு செய்து பதிவு படிவத்தை சமர்ப்பிக்கவும்.
படி 5: உங்கள் பதிவு செய்யப்பட்ட மொபைல் எண் அல்லது மின்னஞ்சலுக்கு ஒரு ஓடிபி அனுப்பப்படும்; ஓடிபியை உள்ளிட்டு ""சரிபார்க்கவும்"" என்பதைக் கிளிக் செய்க
படி 6: பதிவு வெற்றிகரமாக முடிக்கப்படும், மேலும் உறுதிப்படுத்தல் செய்தி காண்பிக்கப்படும் அல்லது மின்னஞ்சல் வழியாக அனுப்பப்படும்.
உள்நுழையவும்
படி 1: விண்ணப்பதாரர் சர்வீசஸ் பிளஸ் வலைத்தளத்தைப் பார்வையிட்டு அதில் கிளிக் செய்ய வேண்டும்
""உள்நுழைக""
படி 2: உங்கள் மின்னஞ்சல் ஐடி, கடவுச்சொல் மற்றும் கேப்ட்சாவை உள்ளிடவும்.
படி 3: தொடர்புடைய சேவை/திட்டத்தின் பெயரைத் தேர்ந்தெடுக்கவும்.
படி 4: விண்ணப்பப் படிவத்தில் தேவையான விவரங்களை நிரப்பவும்.
படி 5: விண்ணப்பத்தை சமர்ப்பிக்கவும்.","அ) நிலத்தின் உரிமை அல்லது சட்டப்பூர்வ உடைமைக்கான ஆவணம் அதாவது பட்டா
ஆ) நடப்பு ஆண்டு நிலவரி ரசீது/ஆர். டி. சி/சிட்டா அடங்கல்
இ) சி. ஆர்/ஏ. சி. ஆர்/சி. டி. ஆர். சி ஒப்புதல்
ஈ) ஆதார் அட்டை
இ) வங்கி பாஸ் புத்தகம்
f) கட்டுமானத்திற்கான அரசாங்கத்தால் அங்கீகரிக்கப்பட்ட விகிதங்களைப் பின்பற்றி தகுதிவாய்ந்த பதிவு செய்யப்பட்ட/உரிமம் பெற்ற அல்லது அரசு சிவில் பொறியாளரிடமிருந்து முன்மொழியப்பட்ட கட்டமைப்பைத் திட்டமிட்டு மதிப்பீடு செய்யுங்கள்.","Q: நீர்ப்பாசனம்/நீர் சேமிப்பு அமைப்பு திட்டத்தின் நோக்கம் என்ன?
A: நீர் சேமிப்பு கட்டமைப்புகளை உருவாக்குவதன் மூலம் அதிக நிலப்பரப்பை நீர்ப்பாசனம் மற்றும் நில மேம்பாட்டின் கீழ் கொண்டு வர சிறு ஏலக்காய் விவசாயிகளை ஊக்குவிப்பதே இத்திட்டத்தின் நோக்கமாகும். இந்தத் திட்டம் சிறிய ஏலக்காய் சாகுபடியின் உற்பத்தித்திறன் மற்றும் தரத்தை மேம்படுத்துவதை நோக்கமாகக் கொண்டுள்ளது.

Q: இந்தத் திட்டத்திற்கு யார் விண்ணப்பிக்கலாம்?
A: 10 ஹெக்டேர் முதல் 8 ஹெக்டேர் வரை நிலம் வைத்திருக்கும் பதிவு செய்யப்பட்ட சிறு ஏலக்காய் விவசாயிகள் இந்தத் திட்டத்திற்கு விண்ணப்பிக்க தகுதியுடையவர்கள். இந்தத் திட்டம் கேரளா, தமிழ்நாடு மற்றும் கர்நாடகாவில் உள்ள விவசாயிகளுக்கு மட்டுமே பொருந்தும்.

Q: நீர்ப்பாசன கட்டமைப்பிற்குத் தேவையான குறைந்தபட்ச திறன் என்ன?
A: திட்டத்தின் கீழ் அதிகபட்ச மானியத்தைப் பெற, நீர்ப்பாசனம் அல்லது நீர் சேமிப்பு அமைப்பு குறைந்தபட்சம் 25 கன மீட்டராக இருக்க வேண்டும்.

Q: ஏற்கனவே உதவி பெற்ற ஒரு விவசாயி மீண்டும் விண்ணப்பிக்க முடியுமா?
A: இல்லை, ஏற்கனவே இந்தத் திட்டத்தின் கீழ் பலன்களைப் பெற்ற விவசாயிகள் அதே திட்டத்தின் கீழ் மீண்டும் உதவியைப் பெற தகுதியற்றவர்கள்.

Q: முன்மொழியப்பட்ட கட்டமைப்பிற்கு ஒரு தொழில்நுட்ப மதிப்பீடு தேவையா?
A: ஆம், விண்ணப்பதாரர் அரசாங்கத்தால் அங்கீகரிக்கப்பட்ட கட்டுமான விகிதங்களைப் பயன்படுத்தி தகுதிவாய்ந்த பதிவு செய்யப்பட்ட/உரிமம் பெற்ற அல்லது அரசு சிவில் பொறியாளரால் தயாரிக்கப்பட்ட முன்மொழியப்பட்ட நீர்ப்பாசனம் அல்லது நீர் சேமிப்பு கட்டமைப்பிற்கான திட்டம் மற்றும் செலவு மதிப்பீட்டை சமர்ப்பிக்க வேண்டும்.

Q: இந்தத் திட்டம் எந்தெந்த மாநிலங்களில் செயல்படுத்தப்படுகிறது?
A: சிறிய ஏலக்காய் பயிரிடும் முக்கிய மாநிலங்களான கேரளா, தமிழ்நாடு மற்றும் கர்நாடகாவில் இத்திட்டம் செயல்படுத்தப்படுகிறது.

Q: திட்டத்தின் கீழ் விண்ணப்பங்கள் எவ்வாறு சரிபார்க்கப்படுகின்றன?
A: நியமிக்கப்பட்ட அதிகாரிகள் முன்மொழியப்பட்ட அல்லது முடிக்கப்பட்ட கட்டமைப்பை இறுதி ஆய்வு செய்து, விண்ணப்பதாரர் ஒப்புதலுக்காக வழக்கை பரிந்துரைப்பதற்கு முன்பு அனைத்து தகுதி நிபந்தனைகளையும் பூர்த்தி செய்கிறாரா என்பதை சரிபார்க்கிறார்கள்.

Q: எந்த வகையான கட்டுமானங்கள் உதவிக்கு தகுதியற்றவை?
A: நீரோடைகள் உட்பட இயற்கையான நீரின் ஓட்டத்தைத் தடுக்கும் கட்டமைப்புகள் அல்லது உள்ளூர் சமூகங்கள் அல்லது சம்பந்தப்பட்ட அதிகாரிகளுக்கு ஆட்சேபனைக்குரிய கட்டுமானங்கள் திட்டத்தின் கீழ் நிதி உதவிக்கு பரிசீலிக்கப்படாது.

Q: சிறிய ஏலக்காய் சாகுபடிக்கு நீர்ப்பாசன ஆதரவு ஏன் முக்கியம்?
A: முறையான நீர்ப்பாசனம் மற்றும் நீர் சேமிப்பு வசதிகள் போதுமான மண் ஈரப்பதத்தை பராமரிக்க உதவுகின்றன, குறிப்பாக வறண்ட காலங்களில், இது பயிர் வளர்ச்சியை மேம்படுத்துகிறது, உற்பத்தித்திறனை அதிகரிக்கிறது மற்றும் சிறிய ஏலக்காய் தரத்தை மேம்படுத்துகிறது.","- [வழிகாட்டுதல்கள்](https://www.indianspices.com/export_oriented_prod.html)
- [பயன்பாட்டு இணையதளம்](https://serviceonline.gov.in/dbt/login.do)",,"{""dbtScheme"": false, ""implementingAgency"": null, ""schemeType"": {""value"": ""centrally-sponsored-scheme"", ""label"": ""Centrally Sponsored Scheme""}, ""closeDate"": null, ""priority"": 1}"
தொடக்கக் கூட்டுறவு வேளாண்மை மற்றும் கிராமப்புற மேம்பாட்டு வங்கி: டிராக்டர் வாங்குவதற்கு,PCARDFTC,pcardftc,State,Tamil Nadu,"Agriculture,Rural & Environment, Banking,Financial Services and Insurance","விவசாயம், கடன், விவசாயி",,Individual,https://www.myscheme.gov.in/ta/schemes/pcardftc,"இந்த திட்டம் டிராக்டர்களை வாங்க விவசாயிகளுக்கு ஒரு சிறப்புக் கடனை வழங்குகிறது, இது டிராக்டரின் செலவில் 90 சதவீதம் வரை உள்ளடக்கியது.","தமிழ்நாடு உணவு மற்றும் நுகர்வோர் பாதுகாப்புத் துறையால் தொடங்கப்பட்ட தொடக்க கூட்டுறவு வேளாண்மை மற்றும் கிராமப்புற மேம்பாட்டு வங்கியின் டிராக்டர் கொள்முதல் திட்டம், டிராக்டர்களைப் பெறுவதற்கான நிதி உதவியை வழங்குவதை நோக்கமாகக் கொண்டுள்ளது, இது டிராக்டரின் செலவில் 90 சதவீதம் வரை இருக்கும். வட்டி விகிதம் சந்தை நிலைமைகளுக்கு உட்பட்டு 11 சதவீதம் முதல் 12.25 சதவீதம் வரை இருக்கும். & lt; b & gt; <b>",- * * கடனுக்கான அணுகல்: * * டிராக்டர் செலவில் 90 சதவீதம் வரை உள்ளடக்கியது. * * வட்டி விகிதம்: * * 11 சதவீதம் முதல் 12.25 சதவீதம் வரை (மாற்றத்திற்கு உட்பட்டு). & Ltd; பிஆர் & ஜிடி;,1. பயனாளி தமிழ்நாட்டில் வசிப்பவராக இருக்க வேண்டும். 1. பயனாளி ஒரு விவசாயியாக இருக்க வேண்டும். 1. பயனாளி விவசாய நடவடிக்கைகளில் ஈடுபடுத்தப்பட வேண்டும். 1. பயனாளி குறிப்பாக டிராக்டர் வாங்குவதற்கு கடனைப் பயன்படுத்த வேண்டும்.,<பிஆர்>,"விண்ணப்பிக்கும் முறை: நேரில் (Offline)
படி-1:
ஆர்வமுள்ள விண்ணப்பதாரர் தொடக்கக் கூட்டுறவு வேளாண்மை மற்றும் கிராமப்புற மேம்பாட்டு வங்கியின் செயலாளர்/சிறப்பு அதிகாரியைத் தொடர்புகொண்டு விண்ணப்பப் படிவத்தை சேகரிக்க வேண்டும்.
படி-2:
விண்ணப்பப் படிவத்தில், அனைத்து கட்டாய புலங்களையும் நிரப்பவும், பாஸ்போர்ட் அளவிலான புகைப்படத்தை ஒட்டவும் (தேவைப்பட்டால் குறுக்கே கையொப்பமிடவும்), மேலும் அனைத்து கட்டாய ஆவணங்களின் நகல்களையும் இணைக்கவும் (தேவைப்பட்டால் சுய சான்றளிப்பு).
படி-3:
முறையாக நிரப்பப்பட்ட மற்றும் கையொப்பமிடப்பட்ட விண்ணப்ப படிவத்தை ஆவணங்களுடன் சம்பந்தப்பட்ட அதிகாரியிடம் சமர்ப்பிக்கவும்.
படி-4:
விண்ணப்பம் சமர்ப்பிக்கப்பட்ட சம்பந்தப்பட்ட அதிகாரியிடமிருந்து ரசீது அல்லது ஒப்புதலைக் கோரவும். ரசீது சமர்ப்பிக்கப்பட்ட தேதி மற்றும் நேரம், ஒரு தனித்துவமான அடையாள எண் (பொருந்தினால்) போன்ற அத்தியாவசிய விவரங்களைக் கொண்டிருப்பதை உறுதிப்படுத்திக் கொள்ளுங்கள்.","- அடையாளச் சான்று (ஆதார், பான் கார்டு போன்றவை).
- முகவரிச் சான்று.
- நில உரிமை அல்லது குத்தகைக்கான சான்று.
- டிராக்டர் கொள்முதல் விலைப்பட்டியல்/மேற்கோள்
- வேறு ஏதேனும் ஆவணங்கள் (தேவைப்பட்டால்).","Q: இந்தத் திட்டத்தின் நோக்கம் என்ன?
A: இந்த திட்டம் டிராக்டர்களை வாங்க விவசாயிகளுக்கு ஒரு சிறப்புக் கடனை வழங்குகிறது, இது டிராக்டரின் செலவில் 90 சதவீதம் வரை உள்ளடக்கியது.

Q: இந்த கடனுக்கு யார் விண்ணப்பிக்க தகுதியுடையவர்கள்?
A: விவசாய நடவடிக்கைகளில் தீவிரமாக ஈடுபட்டுள்ள விவசாயிகள் விண்ணப்பிக்க தகுதியுடையவர்கள்.

Q: வழங்கப்படும் அதிகபட்ச கடன் தொகை என்ன?
A: இந்த திட்டம் டிராக்டரின் விலையில் 90 சதவீதம் வரை கடனை வழங்குகிறது.

Q: இந்தக் கடனுக்கு என்ன வட்டி விகிதம் பொருந்தும்?
A: காலமுறை மாற்றங்களுக்கு உட்பட்டு, வட்டி விகிதம் 11 சதவீதம் முதல் 12.25 சதவீதம் வரை இருக்கும்.

Q: விண்ணப்பதாரர்களுக்கு வயது வரம்பு உள்ளதா?
A: இந்தத் திட்டத்தின் கீழ் விண்ணப்பதாரர்களுக்கு குறிப்பிட்ட வயது வரம்பு எதுவும் குறிப்பிடப்படவில்லை.

Q: விண்ணப்ப செயல்முறைக்கு என்ன ஆவணங்கள் தேவை?
A: விண்ணப்பதாரர்கள் அடையாளச் சான்று, முகவரிச் சான்று, நில உரிமை ஆவணங்கள் போன்றவற்றை சமர்ப்பிக்க வேண்டும்.

Q: கடனுக்கு விண்ணப்பதாரர்கள் எவ்வாறு விண்ணப்பிக்கலாம்?
A: ஆர்வமுள்ள விவசாயிகள் தங்கள் அருகிலுள்ள தொடக்க கூட்டுறவு வேளாண்மை மற்றும் கிராமப்புற மேம்பாட்டு வங்கி கிளையை பார்வையிட்டு செயலாளர் அல்லது சிறப்பு அதிகாரியுடன் பேசலாம்.

Q: விண்ணப்பக் கட்டணம் ஏதேனும் உள்ளதா?
A: பொருந்தக்கூடிய கட்டணங்கள் ஏதேனும் இருப்பிடத்தைப் பொறுத்து மாறுபடலாம் என்பதால் விண்ணப்பதாரர்கள் வங்கியுடன் சரிபார்க்க வேண்டும்.

Q: இந்த கடனை மற்ற விவசாய உபகரணங்களை வாங்க பயன்படுத்த முடியுமா?
A: இல்லை, இந்த கடன் குறிப்பாக டிராக்டர் வாங்குவதற்கு மட்டுமே.

Q: இந்தத் திட்டத்திற்கு செல்லுபடியாகும் காலம் உள்ளதா?
A: திட்டத்தின் செல்லுபடியாகும் தன்மை மாநிலக் கொள்கையைப் பொறுத்தது, எனவே விண்ணப்பதாரர்கள் தற்போதைய தகவல்களுக்கு வங்கியுடன் உறுதிப்படுத்த அறிவுறுத்தப்படுகிறார்கள்.",- [வழிகாட்டுதல்கள்](https://www.tn.gov.in/scheme_details.php?id=ODQ4),,"{""dbtScheme"": false, ""implementingAgency"": null, ""schemeType"": null, ""closeDate"": null, ""priority"": 1}"
தொடக்க கூட்டுறவு வேளாண்மை மற்றும் கிராமப்புற மேம்பாட்டு வங்கி: கால்நடை பராமரிப்புக்காக,PCARDAH,pcardah,State,Tamil Nadu,"Banking,Financial Services and Insurance, Agriculture,Rural & Environment","கால்நடை பராமரிப்புக் கடன், விவசாயம், விவசாயி",,Individual,https://www.myscheme.gov.in/ta/schemes/pcardah,"இந்தத் திட்டம் விவசாயிகளுக்கு கால்நடை வளர்ப்பு நோக்கத்திற்காக கடன்களை வழங்குகிறது, இது கால்நடைகள் மூலம் அவர்களின் வருமானத்தை மேம்படுத்த அனுமதிக்கிறது.","தொடக்கக் கூட்டுறவு வேளாண்மை மற்றும் ஊரக வளர்ச்சி வங்கி: கால்நடை பராமரிப்புக்காக தமிழ்நாடு உணவு மற்றும் நுகர்வோர் பாதுகாப்புத் துறையால் தொடங்கப்பட்ட திட்டம், விவசாயிகளுக்கு குறிப்பாக கால்நடை வளர்ப்பு நடவடிக்கைகளுக்கு நிதி உதவி வழங்குவதை நோக்கமாகக் கொண்டுள்ளது. இந்த முன்முயற்சி கால்நடை வளர்ச்சியை அதிகரிப்பதன் மூலமும் விவசாய உற்பத்தித்திறனை அதிகரிப்பதன் மூலமும் விவசாயிகளுக்கு அதிகாரம் அளிப்பதை நோக்கமாகக் கொண்டுள்ளது. & lt; b & gt; & lt; b & gt;","- * * கடனுக்கான அணுகல்: * * 1. * * 2 எருமைகளை வாங்குவதற்கு: * ₹20,000/-. 1. * * 21 ஆடுகளை வாங்குவதற்கு: * * 24,500/-.-* * வட்டி விகிதம்: * * 14.5% முதல் 16.5% வரை (மாற்றத்திற்கு உட்பட்டது)",பயனாளி தமிழ்நாட்டில் வசிப்பவராக இருக்க வேண்டும். பயனாளி ஒரு விவசாயியாக இருக்க வேண்டும். பயனாளி கால்நடை வளர்ப்பில் ஈடுபட்டிருக்க வேண்டும். பயனாளி தொடக்க கூட்டுறவு வேளாண்மை மற்றும் கிராமப்புற மேம்பாட்டு வங்கியிலிருந்து கால்நடை பராமரிப்புக் கடனைப் பெற ஆர்வமாக இருக்க வேண்டும். பயனாளி குறிப்பாக கால்நடை வளர்ப்புக்கு (எருமைகள் அல்லது ஆடுகளை வாங்குவது) கடனைப் பயன்படுத்த வேண்டும்,,"விண்ணப்பிக்கும் முறை: நேரில் (Offline)
படி 1:
ஆர்வமுள்ள விண்ணப்பதாரர் தொடக்கக் கூட்டுறவு வேளாண்மை மற்றும் கிராமப்புற மேம்பாட்டு வங்கியின் செயலாளர்/சிறப்பு அதிகாரியைத் தொடர்புகொண்டு விண்ணப்பப் படிவத்தை சேகரிக்க வேண்டும்.
படி 2:
விண்ணப்பப் படிவத்தில், அனைத்து கட்டாய புலங்களையும் நிரப்பவும், பாஸ்போர்ட் அளவிலான புகைப்படத்தை ஒட்டவும் (தேவைப்பட்டால் குறுக்கே கையொப்பமிடவும்), மேலும் அனைத்து கட்டாய ஆவணங்களின் நகல்களையும் இணைக்கவும் (தேவைப்பட்டால் சுய சான்றளிப்பு).
படி 3:
முறையாக நிரப்பப்பட்ட மற்றும் கையொப்பமிடப்பட்ட விண்ணப்ப படிவத்தை ஆவணங்களுடன் சம்பந்தப்பட்ட அதிகாரியிடம் சமர்ப்பிக்கவும்.
படி 4:
விண்ணப்பம் சமர்ப்பிக்கப்பட்ட சம்பந்தப்பட்ட அதிகாரியிடமிருந்து ரசீது அல்லது ஒப்புதலைக் கோரவும். ரசீது சமர்ப்பிக்கப்பட்ட தேதி மற்றும் நேரம், ஒரு தனித்துவமான அடையாள எண் (பொருந்தினால்) போன்ற அத்தியாவசிய விவரங்களைக் கொண்டிருப்பதை உறுதிப்படுத்திக் கொள்ளுங்கள்.","- அடையாளச் சான்று (ஆதார், பான் கார்டு போன்றவை).
- முகவரிச் சான்று.
- விவசாயத் தொழிலின் சான்று (எ. கா., விவசாயி சான்றிதழ்) (பொருந்தினால்).
- வேறு ஏதேனும் ஆவணங்கள் (தேவைப்பட்டால்).","Q: இந்தத் திட்டத்தின் நோக்கம் என்ன?
A: இந்தத் திட்டம் பழங்குடி உறுப்பினர்களுக்கு வட்டி இல்லாமல் 60,000/- வரை நடுத்தர காலக் கடன்களை வழங்குகிறது, இதனால் அவர்கள் பல்வேறு நிதி தேவைகளை பூர்த்தி செய்ய முடியும்.

Q: இந்தத் திட்டத்திற்கு யார் நிதியுதவி செய்கிறார்கள்?
A: இத்திட்டம் மாநில அரசால் நிதியுதவி செய்யப்படுகிறது.

Q: இந்தத் திட்டத்தின் கீழ் ஒரு விவசாயிக்கு எவ்வளவு நிதி உதவி கிடைக்கும்?
A: ஒரு விவசாயி 2 எருமைகளை வாங்குவதற்கு 20,000/- ரூபாயும், 21 ஆடுகளுக்கு 24,500/- ரூபாயும் பெறலாம்.

Q: இந்தத் திட்டத்தின் கீழ் வழங்கப்படும் கடன்களுக்கான வட்டி விகிதம் என்ன?
A: வட்டி விகிதம் 14.5% முதல் 16.5% வரை இருக்கும், இது வங்கியின் திருத்தங்களுக்கு உட்பட்டது.

Q: இந்தத் திட்டத்திற்கு யார் விண்ணப்பிக்க தகுதியுடையவர்கள்?
A: விவசாயத் தொழிலில் ஈடுபட்டுள்ள விவசாயிகள் கடனுக்கு விண்ணப்பிக்க தகுதியுடையவர்கள்.

Q: இந்தத் திட்டத்திற்கு விண்ணப்பிக்க என்ன ஆவணங்கள் தேவை?
A: விவசாயிகள் அடையாளச் சான்று, குடியிருப்புச் சான்று, விவசாயத் தொழிலின் சான்று மற்றும் தேவைப்பட்டால் பிற தொடர்புடைய ஆவணங்களை வழங்க வேண்டும்.

Q: இந்தத் திட்டத்திற்கு விண்ணப்பிப்பதற்கு வருமான வரம்பு ஏதேனும் உள்ளதா?
A: தகுதிக்கு குறிப்பிட்ட வருமான வரம்பு எதுவும் குறிப்பிடப்படவில்லை.

Q: இந்தக் கடன் தொகையை கால்நடை வளர்ப்பைத் தவிர வேறு நோக்கங்களுக்காகப் பயன்படுத்த முடியுமா?
A: இல்லை, கடன் தொகை எருமைகள் அல்லது ஆடுகளை வாங்குவது போன்ற கால்நடை வளர்ப்பு நோக்கங்களுக்காக பிரத்தியேகமாக பயன்படுத்தப்பட வேண்டும்.

Q: கடனுக்கான விண்ணப்பப் படிவத்தை எங்கிருந்து பெறலாம்?
A: ஆர்வமுள்ள விண்ணப்பதாரர் தொடக்கக் கூட்டுறவு வேளாண்மை மற்றும் கிராமப்புற மேம்பாட்டு வங்கியின் அலுவலகத்தின் செயலாளர்/சிறப்பு அதிகாரியைத் தொடர்புகொண்டு விண்ணப்பப் படிவத்தை சேகரிக்க வேண்டும்.

Q: இந்தத் திட்டம் குறித்த கூடுதல் விவரங்களுக்கு விவசாயிகள் யாரைத் தொடர்பு கொள்ள வேண்டும்?
A: கூடுதல் தகவல்களுக்கு விவசாயிகள் தொடக்கக் கூட்டுறவு வேளாண்மை மற்றும் கிராமப்புற மேம்பாட்டு வங்கியின் செயலாளர் அல்லது சிறப்பு அதிகாரியை அணுகலாம்.

Q: விண்ணப்பதாரர்களுக்கு வயது வரம்பு உள்ளதா?
A: விண்ணப்பதாரர்களுக்கான வயது வரம்பு வங்கியின் கொள்கையால் தீர்மானிக்கப்படுகிறது.",- [வழிகாட்டுதல்கள்](https://www.tn.gov.in/scheme/data_view/3564),,"{""dbtScheme"": false, ""implementingAgency"": null, ""schemeType"": null, ""closeDate"": null, ""priority"": 1}"
மசாலா பொருட்களின் ஏற்றுமதியை மேம்படுத்துதல் மற்றும் தரத்தை மேம்படுத்துதல் மற்றும் ஏலக்காய் ஆராய்ச்சி மற்றும் மேம்பாட்டுக்கான ஒருங்கிணைந்த திட்டம்: சிறு ஏலக்காய் மாற்று/புதிய நடவு: கேரளா மற்றும் தமிழ்நாட்டிற்கு,ISFEPQINSARADOCSRNPFKT,isfepqinsaradocsrnpfkt,Central,"Kerala, Tamil Nadu","Agriculture,Rural & Environment","நடவு, மறுசீரமைப்பு, கேரளா, தமிழ்நாடு",Ministry Of Commerce And Industry,Individual,https://www.myscheme.gov.in/ta/schemes/isfepqinsaradocsrnpfkt,"இத்திட்டத்தின் கீழ் நோயுற்ற, பழைய மற்றும் வயதான தோட்டங்களை முறையாக மறு நடவு செய்வதன் மூலம் உற்பத்தி மற்றும் உற்பத்தித்திறனை மேம்படுத்த விவசாயிகளை ஊக்குவிப்பதும், பரப்பளவு விரிவாக்கத்தை மேற்கொள்வதும் ஆகும்.","இந்திய அரசின் வர்த்தக மற்றும் கைத்தொழில் அமைச்சகத்தின் கீழ் உள்ள மசாலா வாரியத்தால் ""ஏற்றுமதி ஊக்குவிப்பு மற்றும் மசாலாப் பொருட்களின் தர மேம்பாடு மற்றும் ஏலக்காய் ஆராய்ச்சி மற்றும் மேம்பாட்டுக்கான ஒருங்கிணைந்த திட்டம்-கேரளா மற்றும் தமிழ்நாட்டிற்கு சிறிய ஏலக்காய் மறு நடவு/புதிய நடவு"" என்ற திட்டம் செயல்படுத்தப்படுகிறது. 15வது நிதிக்குழு காலத்திற்கு (2021-22 முதல் 2025-26 வரை) தகுதிவாய்ந்த ஆணையத்தால் அங்கீகரிக்கப்பட்ட வழிமுறைகள் மற்றும் வழிகாட்டுதல்களின்படி, நோயுற்ற, பழைய மற்றும் வயதான தோட்டங்களை முறையாக மறு நடவு செய்வதன் மூலம் உற்பத்தி மற்றும் உற்பத்தித்திறனை மேம்படுத்த விவசாயிகளை ஊக்குவிப்பதை இந்தத் திட்டம் நோக்கமாகக் கொண்டுள்ளது. <பிஆர்>","1. பொதுப் பிரிவினருக்கு ஒரு ஹெக்டேருக்கு அதிகபட்சமாக ரூ. 1,00,000/- ஆகவும், சாகுபடிச் செலவில் 75 சதவீதம் ஆகவும் இருக்கும் பொருளின் சாகுபடிச் செலவில் 33.33 சதவீதம், எஸ்சி/எஸ்டிக்கு ஒரு ஹெக்டேருக்கு ரூ. 2,10,000/- ஆகவும், ஆண்டுக்கு முறையே ரூ. 50,000/- ஆகவும், ரூ. 1,05,000/- ஆகவும் இரண்டு வருடாந்திர தவணைகளில் செலுத்தப்பட வேண்டும். 1. 10 ஹெக்டேர் முதல் 8 ஹெக்டேர் வரை நிலம் வைத்திருக்கும் தனிநபர் பதிவு செய்யப்பட்ட ஏலக்காய் விவசாயிகள். 1. இத்திட்டத்தின் கீழ் ஒரு தொடர்ச்சியான தொகுதியில் குறைந்தபட்சமாக 0.10 ஹெக்டேர் நிலப்பரப்பு நடப்பட வேண்டும், மேலும் ஒரு பயனாளிக்கு ஆண்டுக்கு அதிகபட்சமாக 2 ஹெக்டேர் நிலப்பரப்பும், தொகுதி ஆண்டில் அதிகபட்சமாக 8 ஹெக்டேர் நிலப்பரப்பும் இருக்க வேண்டும். 1. தாவரங்களின் எண்ணிக்கை ஒரு ஹெக்டேருக்கு குறைந்தபட்சம் 1100 ஆகும். 1. இயற்கை பேரழிவுகள், பேரழிவுகரமான பூச்சி மற்றும் நோய் தாக்குதல்கள் போன்ற பிரத்யேக சூழ்நிலைகளைத் தவிர, ஒரு பயனாளியால் மீண்டும் நடப்பட்ட அதே பகுதிக்கு இரண்டாவது முறையாக நன்மை 8 ஆண்டுகள் நிறைவடைந்த பின்னரே கிடைக்கும்","1. விண்ணப்பதாரர் கேரளா அல்லது தமிழ்நாட்டைச் சேர்ந்தவராக இருக்க வேண்டும் மற்றும் திட்டத்தின் கீழ் சிறிய ஏலக்காய் மறு நடவு/புதிய நடவு நடவடிக்கைகளை மேற்கொள்ள வேண்டும். 1. தோட்டம்/தளம் நியமிக்கப்பட்ட அதிகாரிகளால் இறுதி ஆய்வுக்கு உட்படும், மேலும் அவர்கள் பரிந்துரைத்த தகுதியான வழக்குகள் மட்டுமே உதவிக்கு பரிசீலிக்கப்படும்",<பிஆர்>,"விண்ணப்பிக்கும் முறை: இணையவழியில் (Online)
பதிவு செய்தல்
படி 1: விண்ணப்பதாரர் வருகை தர வேண்டும்
சேவைகள் பிளஸ்
இணையதளம்.
படி 2: ""என்பதைக் கிளிக் செய்க
பதிவு செய்யுங்கள் ""
முகப்புப்பக்கத்தில் உள்ள விருப்பத்தேர்வு.
படி 3: முழு பெயர், மின்னஞ்சல் ஐடி, மொபைல் எண், கடவுச்சொல், மாநிலம் மற்றும் கேப்ட்சாவைத் தேர்ந்தெடுப்பதன் மூலம் பதிவு படிவத்தை நிரப்பவும்.
படி 4: அனைத்து விவரங்களையும் கவனமாக மதிப்பாய்வு செய்து பதிவு படிவத்தை சமர்ப்பிக்கவும்.
படி 5: உங்கள் பதிவு செய்யப்பட்ட மொபைல் எண் அல்லது மின்னஞ்சலுக்கு ஒரு ஓடிபி அனுப்பப்படும்; ஓடிபியை உள்ளிட்டு ""சரிபார்க்கவும்"" என்பதைக் கிளிக் செய்க
படி 6: பதிவு வெற்றிகரமாக முடிக்கப்படும், மேலும் உறுதிப்படுத்தல் செய்தி காண்பிக்கப்படும் அல்லது மின்னஞ்சல் வழியாக அனுப்பப்படும்.
உள்நுழையவும்
படி 1: விண்ணப்பதாரர் சர்வீசஸ் பிளஸ் வலைத்தளத்தைப் பார்வையிட்டு அதில் கிளிக் செய்ய வேண்டும்
""உள்நுழைக""
படி 2: உங்கள் மின்னஞ்சல் ஐடி, கடவுச்சொல் மற்றும் கேப்ட்சாவை உள்ளிடவும்.
படி 3: தொடர்புடைய சேவை/திட்டத்தின் பெயரைத் தேர்ந்தெடுக்கவும்.
படி 4: விண்ணப்பப் படிவத்தில் தேவையான விவரங்களை நிரப்பவும்.
படி 5: விண்ணப்பத்தை சமர்ப்பிக்கவும்.","- நிலத்தின் உரிமை அல்லது சட்டப்பூர்வ உடைமைக்கான ஆவணம் அதாவது பட்டா
- நடப்பு ஆண்டு நிலவரி ரசீது/சிட்டா அடங்கல்/ஆர். டி. சி
- சிஆர்/ஏ. சி. ஆர்/சி. ஆர். சி ஒப்புதல்
- ஆதார் அட்டை
- வங்கி பாஸ் புத்தகத்தின் நகல்
- வி. ஓ./பதிவு செய்யப்பட்ட சர்வேயர் வழங்கிய கணக்கெடுப்புத் திட்டம்","Q: இந்தத் திட்டத்தின் நோக்கம் என்ன?
A: நோய்வாய்ப்பட்ட, பழைய மற்றும் வயதான தோட்டங்களை முறையாக மறு நடவு செய்வதன் மூலமும், பரப்பளவு விரிவாக்கத்தை ஊக்குவிப்பதன் மூலமும் சிறிய ஏலக்காய் உற்பத்தி மற்றும் உற்பத்தித்திறனை மேம்படுத்துவதை இந்தத் திட்டம் நோக்கமாகக் கொண்டுள்ளது.

Q: இந்தத் திட்டத்தின் கீழ் எந்தெந்த மாநிலங்கள் உள்ளடக்கப்பட்டுள்ளன?
A: இந்தத் திட்டம் கேரளா மற்றும் தமிழ்நாட்டில் மட்டுமே பொருந்தும்.

Q: மறு நடவு/புதிய நடவு செய்ய குறைந்தபட்ச பரப்பளவு என்ன?
A: ஒரு தொடர்ச்சியான தொகுதியின் குறைந்தபட்ச பரப்பளவு 0.10 ஹெக்டேர் ஆகும்.

Q: உதவிக்கு தகுதியான அதிகபட்ச பகுதி என்ன?
A: ஒரு பயனாளிக்கு ஆண்டுக்கு அதிகபட்சம் 2 ஹெக்டேர் வரை தகுதி உள்ளது, இது திட்டக் காலத்தில் மொத்தமாக 8 ஹெக்டேர் வரம்பிற்கு உட்பட்டு 2021-2026.

Q: இந்தத் திட்டத்தின் கீழ் என்ன நிதி உதவி வழங்கப்படுகிறது?
A: ஒரு ஹெக்டேருக்கு அதிகபட்சமாக ரூ. 1,00,000 என்ற வரம்பிற்கு உட்பட்டு, பொதுப் பிரிவு விவசாயிகள் சாகுபடிச் செலவில் 33.33 சதவீதம் பெற தகுதியுடையவர்கள் ஆவர்.
எஸ்சி/எஸ்டி விவசாயிகள் சாகுபடி செலவில் 75 சதவீதம் பெற தகுதியுடையவர்கள், ஒரு ஹெக்டேருக்கு அதிகபட்சமாக ரூ.

Q: சலுகைகளைப் பெற ஆதார் கட்டாயமா?
A: ஆம், விண்ணப்பத்தை செயலாக்க ஆதார் அட்டையை சமர்ப்பிப்பது கட்டாயமாகும்.

Q: குறைந்தபட்ச தாவர மக்கள் தொகை என்ன?
A: தோட்டத்தில் ஒரு ஹெக்டேருக்கு குறைந்தபட்சம் 1100 தாவரங்களின் எண்ணிக்கையை பராமரிக்க வேண்டும்.

Q: ஒரு பயனாளி அதே நிலத்திற்கு மீண்டும் திட்டத்தின் பலனைப் பெற முடியுமா?
A: ஆம், ஆனால் 8 ஆண்டுகால மறு நடவு சுழற்சி முடிந்த பின்னரே.

Q: 8 ஆண்டுகளுக்கு முன் மீண்டும் விண்ணப்பிப்பதற்கு ஏதேனும் விதிவிலக்குகள் உள்ளதா?
A: ஆம். இயற்கை பேரழிவுகள் அல்லது கடுமையான பூச்சி மற்றும் நோய் தாக்குதல்கள் போன்ற விதிவிலக்கான சந்தர்ப்பங்களில், மசாலா வாரியத்தால் அமைக்கப்பட்ட குழுவின் சான்றிதழின் அடிப்படையில் நன்மைகள் முன்பு பரிசீலிக்கப்படலாம்.

Q: தோட்டத்தை யார் ஆய்வு செய்வார்கள்?
A: மசாலா வாரியத்தின் நியமிக்கப்பட்ட அதிகாரிகள் இறுதி ஆய்வு நடத்தி தகுதியான வழக்குகளை பரிந்துரைப்பார்கள்.

Q: இந்தத் திட்டம் எந்தக் காலகட்டத்தில் செயல்படுத்தப்படுகிறது?
A: இத்திட்டம் 2021-22 முதல் 2025-26 வரையிலான 15வது நிதிக்குழு காலத்தில் செயல்படுத்தப்படுகிறது.","- [வழிகாட்டுதல்கள்](https://www.indianspices.com/export_oriented_prod.html)
- [பயன்பாட்டு இணையதளம்](https://serviceonline.gov.in/dbt/login.do)",,"{""dbtScheme"": false, ""implementingAgency"": null, ""schemeType"": {""value"": ""centrally-sponsored-scheme"", ""label"": ""Centrally Sponsored Scheme""}, ""closeDate"": null, ""priority"": 1}"
கால்நடை வளர்ப்பு,AHTN,ahtn,State,Tamil Nadu,"Agriculture,Rural & Environment","பழங்குடியினர் நலன், கால்நடை வளர்ப்பு, விலங்குகள் சுகாதார காப்பீடு, செயற்கை கருவூட்டல், ஆடு அலகுகள் விநியோகம்",,Individual,https://www.myscheme.gov.in/ta/schemes/ahtn,"இந்தத் திட்டம் செம்மறி ஆடுகள், பால் கறக்கும் விலங்குகள் மற்றும் கன்றுகளை விநியோகிப்பதற்கும், சுகாதாரப் பாதுகாப்பு மற்றும் விலங்குகளுக்கு செயற்கை கருவூட்டல் ஆகியவற்றிற்கும் மானியங்களை வழங்குகிறது. கால்நடை வளர்ப்பு மூலம் பழங்குடி சமூகங்களின் வாழ்வாதாரத்தை மேம்படுத்த இது இலக்கு வைக்கப்பட்டுள்ளது.","தமிழ்நாட்டின் ஆதி திராவிடர் மற்றும் பழங்குடியினர் நலத் துறையின் ""கால்நடை பராமரிப்பு"" திட்டம், ஆதி திராவிடர் மற்றும் பழங்குடியினர் பயனாளிகளுக்கு பல்வேறு வகையான உதவிகளை வழங்குகிறது, இதில் செம்மறி ஆடுகள், பால் கறக்கும் விலங்குகள் மற்றும் கன்றுகளுக்கு 50 சதவீதம் முதல் 75 சதவீதம் வரை மானியம் வழங்கப்படுகிறது. கூடுதலாக, இந்த திட்டம் விலங்குகளுக்கு முறையான சுகாதார பாதுகாப்பு, செயற்கை கருவூட்டல் சேவைகள் மற்றும் பிற கால்நடை பராமரிப்பு ஆகியவற்றைப் பெறுவதை உறுதி செய்கிறது. & lt; b & gt; & lt; b & gt;","மானியம்: செம்மறி ஆடுகள், கறவை மாடுகள் மற்றும் கன்றுகளுக்கு 50 சதவீதம் முதல் 75 சதவீதம் வரை மானியம். - * * விலங்குகளுக்கான சுகாதாரப் பராமரிப்பு வசதி: * * சுகாதாரப் பராமரிப்பு மற்றும் கால்நடைச் சேவைகளை வழங்குதல். - * * மற்றவை: * * இனப்பெருக்கத்தை மேம்படுத்த விலங்குகளுக்கு செயற்கை கருவூட்டல். & Ltd; பிஆர் & ஜிடி;",பயனாளி தமிழ்நாட்டில் வசிப்பவராக இருக்க வேண்டும். பயனாளி விவசாயியாக இருக்க வேண்டும். பயனாளி ஆதி திராவிடர்/பழங்குடி சமூகத்தைச் சேர்ந்தவராக இருக்க வேண்டும்.,,"விண்ணப்பிக்கும் முறை: நேரில் (Offline)
படி 1:
ஆர்வமுள்ள விண்ணப்பதாரர் ஆதி திராவிடர் இயக்குநர் அலுவலகம் மற்றும் பழங்குடியினர் நல அதிகாரி/கால்நடை பராமரிப்புத் துறை இயக்குநர் அல்லது கால்நடை மருத்துவமனையிலிருந்து விண்ணப்பப் படிவத்தை சேகரிக்க வேண்டும்.
படி 2:
விண்ணப்பப் படிவத்தில், அனைத்து கட்டாய புலங்களையும் நிரப்பவும், பாஸ்போர்ட் அளவிலான புகைப்படத்தை ஒட்டவும் (தேவைப்பட்டால் குறுக்கே கையொப்பமிடவும்), மேலும் அனைத்து கட்டாய ஆவணங்களின் நகல்களையும் இணைக்கவும் (தேவைப்பட்டால் சுய சான்றளிப்பு).
படி 3:
முறையாக நிரப்பப்பட்ட மற்றும் கையொப்பமிடப்பட்ட விண்ணப்ப படிவத்தை ஆவணங்களுடன் சம்பந்தப்பட்ட துறைக்கு சமர்ப்பிக்கவும்.
படி 4:
விண்ணப்பம் சமர்ப்பிக்கப்பட்ட சம்பந்தப்பட்ட அதிகாரியிடமிருந்து ரசீது அல்லது ஒப்புதலைக் கோரவும். ரசீது சமர்ப்பிக்கப்பட்ட தேதி மற்றும் நேரம், ஒரு தனித்துவமான அடையாள எண் (பொருந்தினால்) போன்ற அத்தியாவசிய விவரங்களைக் கொண்டிருப்பதை உறுதிப்படுத்திக் கொள்ளுங்கள்.","- அடையாளச் சான்று (ஆதார் அட்டை அல்லது அதிகாரத்தால் வழிநடத்தப்பட்ட வேறு எந்த ஆவணமும்).
- சமூகச் சான்றிதழ்.
- வேறு ஏதேனும் ஆவணங்கள் (தேவைப்பட்டால்).","Q: இந்தத் திட்டத்தின் நோக்கம் என்ன?
A: இந்தத் திட்டம் செம்மறி ஆடுகள், பால் கறக்கும் விலங்குகள் மற்றும் கன்றுகளை விநியோகிப்பதற்கும், சுகாதாரப் பாதுகாப்பு மற்றும் விலங்குகளுக்கு செயற்கை கருவூட்டல் ஆகியவற்றிற்கும் மானியங்களை வழங்குகிறது. கால்நடை வளர்ப்பு மூலம் ஆதி திராவிடர்/பழங்குடி சமூகங்களின் வாழ்வாதாரத்தை மேம்படுத்த இது இலக்கு வைக்கப்பட்டுள்ளது.

Q: இந்தத் திட்டத்தின் கீழ் என்னென்ன சலுகைகள் வழங்கப்படுகின்றன?
A: பயனாளிகள் செம்மறி ஆடுகள், பால் கறக்கும் விலங்குகள், கன்றுகள், கால்நடை சேவைகள் மற்றும் விலங்குகளுக்கான சுகாதார காப்பீடு உள்ளிட்ட மானிய கால்நடைகளைப் பெறுகிறார்கள்.

Q: யார் விண்ணப்பிக்க தகுதியுடையவர்?
A: இந்தத் திட்டம் குறிப்பாக ஆதி திராவிடர்/பழங்குடி சமூக பயனாளிகளுக்கானது.

Q: விண்ணப்பிக்க என்ன ஆவணங்கள் தேவை?
A: விண்ணப்பதாரர்கள் அடையாளச் சான்று, வருமானச் சான்றிதழ், ஆதார், முகவரிச் சான்று ஆகியவற்றை வழங்க வேண்டும்.

Q: தகுதி பெற வயது வரம்பு உள்ளதா?
A: இந்தத் திட்டத்திற்கு விண்ணப்பிக்க வயது வரம்புகள் எதுவும் இல்லை.

Q: கால்நடைகளுக்கு வழங்கப்படும் மானிய சதவீதம் என்ன?
A: கால்நடைகளின் வகையைப் பொறுத்து மானியம் 50 சதவீதம் முதல் 75 சதவீதம் வரை இருக்கும்.

Q: இந்தத் திட்டத்திற்கு பெண்கள் விண்ணப்பிக்க முடியுமா?
A: ஆம், ஆதி திராவிடர்/பழங்குடி சமூகங்களைச் சேர்ந்த ஆண்கள் மற்றும் பெண்கள் இருவரும் விண்ணப்பிக்க தகுதியுடையவர்கள்.

Q: விலங்குகள் எவ்வாறு கால்நடை பராமரிப்பைப் பெறும்?
A: இந்தத் திட்டத்தின் கீழ் உள்ளூர் கால்நடை மருத்துவமனை அல்லது நியமிக்கப்பட்ட சுகாதார மையங்கள் மூலம் கால்நடை பராமரிப்பு வழங்கப்படுகிறது.

Q: விலங்குகள் நோய்வாய்ப்பட்டால் என்ன நடக்கும்?
A: கால்நடை மருத்துவர்கள் மற்றும் கால்நடை ஆய்வாளர்கள் திட்டத்தின் ஆதரவின் மூலம் தேவையான சிகிச்சைகள் மற்றும் கவனிப்பை வழங்குகிறார்கள்.

Q: இந்தத் திட்டத்திற்கு ஒருவர் எவ்வாறு விண்ணப்பிக்கலாம்?
A: விண்ணப்பதாரர்கள் தேவையான ஆவணங்களை சமர்ப்பித்து ஆதி திராவிடர் இயக்குநர் மற்றும் பழங்குடியினர் நல அதிகாரி/கால்நடை பராமரிப்புத் துறை அல்லது கால்நடை மருத்துவமனையின் இயக்குநர் மூலம் விண்ணப்பிக்கலாம்.",- [வழிகாட்டுதல்கள்](https://www.tn.gov.in/scheme/data_view/26799),,"{""dbtScheme"": false, ""implementingAgency"": null, ""schemeType"": null, ""closeDate"": null, ""priority"": 1}"
விவசாயிகள் ஆர்வக் குழு (படம்),FIG,fig,State,Tamil Nadu,"Agriculture,Rural & Environment","விவசாயம், விவசாயி, விவசாயிகள் ஆர்வக் குழு, படம்",,Infra,https://www.myscheme.gov.in/ta/schemes/fig,"""விவசாயிகள் நலக் குழு (எஃப். ஐ. ஜி)"" திட்டம் 15 விவசாயிகள் கொண்ட ஒவ்வொரு குழுவிற்கும் விவசாய மேம்பாட்டுக்கான மானியங்களை வழங்குகிறது. இந்தத் திட்டம் அலுவலக உபகரணங்கள், பயிற்சி, அடையாள அட்டைகள் மற்றும் மாவட்ட அளவிலான கூட்டங்களுக்கு உதவிகளை வழங்குகிறது.","தமிழ்நாடு வேளாண்மை-விவசாயிகள் நலத் துறையின் ""விவசாயிகள் நலக் குழு (எஃப். ஐ. ஜி)"" திட்டம், 15 விவசாயிகள் கொண்ட ஒவ்வொரு குழுவிற்கும் விவசாய மேம்பாட்டுக்கான மானியங்களை வழங்குகிறது. இத்திட்டம் அலுவலக உபகரணங்கள் வாங்குதல், பயிற்சி, அடையாள அட்டைகள் மற்றும் மாவட்ட அளவிலான கூட்டங்களுக்கு நிதி உதவியை வழங்குகிறது. பிஆர் & ஜிடி;","அலுவலக உபகரணங்கள்: அலுவலக உபகரணங்கள், தொழில்நுட்ப செய்தித்தாள்கள் வாங்குவதற்கும், நூலகம் அமைப்பதற்கும் ஒரு குழுவிற்கு ₹5,000/-. * * பயிற்சி மற்றும் திறன் கையகப்படுத்தல்: * * விவசாய உறுப்பினர்களால் பயிற்சி மற்றும் திறன் கையகப்படுத்தலுக்காக ஒரு குழுவிற்கு ₹4,000/-. அடையாள அட்டைகள்: உறுப்பினர்களுக்கு அடையாள அட்டைகளை வழங்க ஒரு குழுவிற்கு ₹400/-. மாவட்ட அளவிலான கூட்டங்கள்: மாவட்ட அளவிலான கூட்டங்களை நடத்த ஒரு குழுவிற்கு ₹20,000/-.",பயனாளி ஒரு விவசாயியாக இருக்க வேண்டும். பயனாளி தமிழ்நாட்டில் வசிப்பவராக இருக்க வேண்டும். பயனாளி 15 விவசாயிகள் கொண்ட விவசாயிகளின் குழுவில் ஒரு பகுதியாக இருக்க வேண்டும்.,<பிஆர்>,"விண்ணப்பிக்கும் முறை: நேரில் (Offline)
படி 1:
அருகிலுள்ள வேளாண் அலுவலகத்திலிருந்து விண்ணப்பப் படிவத்தை சேகரிக்கவும்.
படி 2:
தேவையான விவரங்களுடன் விண்ணப்பப் படிவத்தை பூர்த்தி செய்து, கட்டாய ஆவணங்களை இணைக்கவும் (தேவைப்பட்டால் சுய சான்றளிக்கப்பட்டவை).
படி 3:
படிவத்தை சம்பந்தப்பட்ட அலுவலகத்திற்கு சமர்ப்பிக்கவும்:
கிராம மட்டம்:
உதவி வேளாண் அலுவலரிடம் விண்ணப்பத்தை சமர்ப்பிக்கவும்.
தொகுதி நிலை:
வேளாண் அதிகாரி அல்லது துணை வேளாண் அதிகாரியிடம் சமர்ப்பிக்கவும்.
மாவட்ட அளவில்:
வேளாண்மை இணை இயக்குநரிடம் சமர்ப்பிக்கவும்.","- அடையாளச் சான்று (ஆதார் அட்டை, வாக்காளர் அடையாள அட்டை போன்றவை).
- நில உரிமையின் சான்று.
- குழு பதிவு விவரங்கள்.
- வேறு ஏதேனும் ஆவணங்கள் (தேவைப்பட்டால்).","Q: ""விவசாயிகள் வட்டி குழு (எஃப். ஐ. ஜி)"" திட்டம் என்றால் என்ன?
A: ""விவசாயிகள் நலக் குழு (எஃப். ஐ. ஜி)"" திட்டம் 15 விவசாயிகள் கொண்ட ஒவ்வொரு குழுவிற்கும் விவசாய மேம்பாட்டுக்கான மானியங்களை வழங்குகிறது. இந்தத் திட்டம் அலுவலக உபகரணங்கள், பயிற்சி, அடையாள அட்டைகள் மற்றும் மாவட்ட அளவிலான கூட்டங்களுக்கு உதவிகளை வழங்குகிறது.

Q: எஃப். ஐ. ஜி திட்டத்திற்கு யார் விண்ணப்பிக்கலாம்?
A: விவசாய நடவடிக்கைகளில் ஈடுபட்டுள்ள 15 பதிவு செய்யப்பட்ட விவசாயிகள் கொண்ட எந்தவொரு குழுவும் எஃப். ஐ. ஜி திட்டத்திற்கு விண்ணப்பிக்க தகுதியுடையவர்கள்.

Q: எஃப். ஐ. ஜி திட்டம் எந்த வகையான நிதி உதவியை வழங்குகிறது?
A: எஃப். ஐ. ஜி திட்டம் அலுவலக உபகரணங்கள் வாங்குதல், தொழில்நுட்ப அறிக்கைகள், நூலகம் அமைத்தல், பயிற்சி, அடையாள அட்டைகள் வழங்குதல் மற்றும் மாவட்ட அளவிலான கூட்டங்களுக்கு மானியங்களை வழங்குகிறது.

Q: அலுவலக உபகரணங்களுக்கு ஒரு குழு பெறக்கூடிய அதிகபட்ச உதவி தொகை என்ன?
A: ஒரு குழு அலுவலக உபகரணங்களை வாங்குவதற்கு 5,000/- வரை பெறலாம்.

Q: பயிற்சி மற்றும் திறன் மேம்பாட்டிற்கு எவ்வளவு நிதி ஒதுக்கப்பட்டுள்ளது?
A: இந்தத் திட்டம் பயிற்சி மற்றும் திறன் கையகப்படுத்துதலுக்காக ஒரு குழுவிற்கு ₹4,000/- வழங்குகிறது.

Q: இந்தத் திட்டத்தின் கீழ் அடையாள அட்டைகளை வழங்குவதற்கு குறிப்பிட்ட தொகை ஒதுக்கப்பட்டுள்ளதா?
A: ஆம், அடையாள அட்டைகளை வழங்குவதற்கு ஒரு குழுவிற்கு ₹400/- ஒதுக்கப்பட்டுள்ளது.

Q: மாவட்ட அளவிலான கூட்டங்களுக்கு எவ்வளவு ஆதரவு வழங்கப்படுகிறது?
A: இந்தத் திட்டம் மாவட்ட அளவிலான கூட்டங்களுக்கு ஒரு கூட்டத்திற்கு ரூ. 20,000/- வழங்குகிறது.

Q: எஃப். ஐ. ஜி திட்டத்திற்கான விண்ணப்பத்தை எங்கே சமர்ப்பிக்க வேண்டும்?
A: கிராம அளவில் உதவி வேளாண் அலுவலர்கள், வட்டார அளவில் வேளாண்மை அலுவலர்கள் அல்லது துணை வேளாண்மை அலுவலர்கள், வட்டார அளவில் வேளாண்மை உதவி இயக்குநர் அல்லது மாவட்ட அளவில் வேளாண்மை இணை இயக்குநர் ஆகியோரிடம் விண்ணப்பங்களை சமர்ப்பிக்க வேண்டும்.

Q: எஃப். ஐ. ஜி திட்டத்திற்கு விண்ணப்பிக்க என்ன ஆவணங்கள் தேவை?
A: விண்ணப்பதாரர்கள் விவசாயி அந்தஸ்தின் ஆதாரம், குழு பதிவு விவரங்கள், அடையாளச் சான்று மற்றும் அனைத்து குழு உறுப்பினர்களாலும் கையொப்பமிடப்பட்ட பூர்த்தி செய்யப்பட்ட விண்ணப்பப் படிவத்தை வழங்க வேண்டும்.

Q: தகுதி பெற குறைந்தபட்ச குழு அளவு தேவையா?
A: ஆம், குழுவில் குறைந்தது 15 உறுப்பினர்கள் இருக்க வேண்டும்.

Q: தனிப்பட்ட விவசாயிகள் எஃப். ஐ. ஜி திட்டத்திற்கு விண்ணப்பிக்க முடியுமா?
A: இல்லை, இந்தத் திட்டம் தனிப்பட்ட விவசாயிகளைக் காட்டிலும் விவசாயிகளின் குழுக்களுக்காக வடிவமைக்கப்பட்டுள்ளது.

Q: எஃப். ஐ. ஜி திட்டத்தின் கீழ் அலுவலக உபகரணங்களுக்கான மானியத்தின் நோக்கம் என்ன?
A: அலுவலக உபகரணங்களுக்கான மானியம் விவசாய குழுக்களுக்கு நிர்வாகப் பணிகளில் உதவுவதற்கும் அவர்களின் நிறுவன செயல்திறனை மேம்படுத்துவதற்கும் நோக்கமாக உள்ளது.

Q: பயிற்சி நிதியை எவ்வாறு பயன்படுத்தலாம் என்பதற்கு ஏதேனும் கட்டுப்பாடுகள் உள்ளனவா?
A: விவசாயத்துடன் தொடர்புடைய திறன்களைப் பெறுவதற்கும், குழு உறுப்பினர்களின் திறனை மேம்படுத்துவதற்கும் பயிற்சி நிதி பயன்படுத்தப்பட வேண்டும்.

Q: ஒரு விவசாயக் குழு எஃப். ஐ. ஜி திட்டத்திற்கு எவ்வாறு பதிவு செய்கிறது?
A: ஒரு விவசாயக் குழு சம்பந்தப்பட்ட விவசாய அதிகாரிகளிடம் ஒரு விண்ணப்பத்தை சமர்ப்பிக்க வேண்டும், அதில் தேவையான ஆவணங்கள் மற்றும் பதிவுசெய்யப்பட்ட விவசாயிகளின் குழுவாக அவர்களின் அந்தஸ்துக்கான ஆதாரம் ஆகியவை அடங்கும்.",- [வழிகாட்டுதல்கள்](https://www.tn.gov.in/scheme/data_view/6850),,"{""dbtScheme"": false, ""implementingAgency"": null, ""schemeType"": null, ""closeDate"": null, ""priority"": 3}"
சான்றளிக்கப்பட்ட விதைகள்-எண்ணெய் விதைகள் விநியோகம்,DOCSOS,docsos,State,Tamil Nadu,"Agriculture,Rural & Environment","விவசாயம், விவசாயி, விதை விநியோகம், எண்ணெய் விதைகள், மானியம்",,Individual,https://www.myscheme.gov.in/ta/schemes/docsos,"""சான்றளிக்கப்பட்ட விதைகள்-எண்ணெய் விதைகள் விநியோகம்"" திட்டம் விவசாயிகளுக்கு சான்றளிக்கப்பட்ட எண்ணெய் விதைகளை வாங்குவதற்கு மானியங்களை வழங்குகிறது, இது அவர்களின் பயிர் விளைச்சல் மற்றும் தரத்தை மேம்படுத்த உதவுகிறது.","தமிழ்நாடு வேளாண்மை-விவசாயிகள் நலத் துறையின் சான்றளிக்கப்பட்ட விதைகள்-எண்ணெய் விதைகள் விநியோகம் திட்டம், சான்றளிக்கப்பட்ட எண்ணெய் விதைகளின் விலையை மானியமாக வழங்குவதன் மூலம் விவசாயிகளுக்கு நிதி உதவி வழங்குகிறது. இந்தத் திட்டம் விவசாயிகளை உயர்தர விதைகளைப் பயன்படுத்தவும், விவசாய உற்பத்தித் திறனை மேம்படுத்தவும் ஊக்குவிக்கிறது. & lt; b & gt; & lt; b & gt;","* நிதி உதவி: * விதை செலவில் 50 சதவீதம் அல்லது குவிண்டாலுக்கு 1,200/- ரூபாய், இதில் எது குறைவோ அது மானியமாக வழங்கப்படும்",பயனாளி ஒரு விவசாயியாக இருக்க வேண்டும். பயனாளி தமிழ்நாட்டில் வசிப்பவராக இருக்க வேண்டும். பயனாளி அறக்கட்டளை மற்றும் சான்றளிக்கப்பட்ட வகுப்பு விதைகளை உற்பத்தி செய்து துறைக்கு வழங்க வேண்டும். பிஆர் & ஜிடி;,<பிஆர்>,"விண்ணப்பிக்கும் முறை: நேரில் (Offline)
படி 1:
அருகிலுள்ள வேளாண் அலுவலகத்திலிருந்து விண்ணப்பப் படிவத்தை சேகரிக்கவும்.
படி 2:
தேவையான விவரங்களுடன் விண்ணப்பப் படிவத்தை பூர்த்தி செய்து, கட்டாய ஆவணங்களை இணைக்கவும் (தேவைப்பட்டால் சுய சான்றளிக்கப்பட்டவை).
படி 3:
படிவத்தை சம்பந்தப்பட்ட அலுவலகத்திற்கு சமர்ப்பிக்கவும்:
கிராம மட்டம்:
உதவி வேளாண் அலுவலரிடம் விண்ணப்பத்தை சமர்ப்பிக்கவும்.
தொகுதி நிலை:
வேளாண் அதிகாரி அல்லது துணை வேளாண் அதிகாரியிடம் சமர்ப்பிக்கவும்.
மாவட்ட அளவில்:
வேளாண்மை இணை இயக்குநரிடம் சமர்ப்பிக்கவும்.","- அடையாளச் சான்று (எ. கா. ஆதார் அட்டை, வாக்காளர் அடையாள அட்டை).
- நில உரிமை அல்லது சாகுபடிக்கான சான்று.
- விதை கொள்முதல் ரசீது.
- விதை உற்பத்தி மற்றும் விநியோகச் சான்றிதழ் துறைக்கு வழங்குதல்.
- வங்கிக் கணக்கு விவரங்கள்.
- வேறு ஏதேனும் ஆவணங்கள் (தேவைப்பட்டால்).","Q: ""சான்றளிக்கப்பட்ட விதைகள்-எண்ணெய் விதைகள் விநியோகம்"" திட்டம் என்றால் என்ன?
A: ""சான்றளிக்கப்பட்ட விதைகள்-எண்ணெய் விதைகள் விநியோகம்"" திட்டம் விவசாயிகளுக்கு சான்றளிக்கப்பட்ட எண்ணெய் விதைகளை வாங்குவதற்கு மானியங்களை வழங்குகிறது, இது அவர்களின் பயிர் விளைச்சல் மற்றும் தரத்தை மேம்படுத்த உதவுகிறது.

Q: ""சான்றளிக்கப்பட்ட விதைகள் விநியோகம்-எண்ணெய் விதைகள்"" திட்டத்திற்கு யார் தகுதியானவர்கள்?
A: அறக்கட்டளை மற்றும் சான்றளிக்கப்பட்ட வகை விதைகளை உற்பத்தி செய்து துறைக்கு வழங்கும் விவசாயிகள் இந்தத் திட்டத்திற்கு தகுதியுடையவர்கள்.

Q: இந்தத் திட்டத்தின் கீழ் என்ன மானியத் தொகை வழங்கப்படுகிறது?
A: இந்தத் திட்டம் விதை செலவில் 50 சதவீதம் அல்லது குவிண்டாலுக்கு 1,200/- ரூபாய், இதில் எது குறைவோ அதை உள்ளடக்கிய மானியத்தை வழங்குகிறது.

Q: இந்தத் திட்டத்திற்கு ஒரு விவசாயி எவ்வாறு விண்ணப்பிக்க முடியும்?
A: கிராமம், தொகுதி அல்லது மாவட்ட அளவில் சம்பந்தப்பட்ட விவசாய அதிகாரியிடம் ஒரு விண்ணப்பத்தை சமர்ப்பிப்பதன் மூலம் ஒரு விவசாயி விண்ணப்பிக்கலாம்.

Q: இந்தத் திட்டத்திற்கு விண்ணப்பிக்க என்ன ஆவணங்கள் தேவை?
A: தேவையான ஆவணங்களில் அடையாளச் சான்று, நில உரிமைச் சான்று அல்லது குத்தகை ஒப்பந்தம், துறைக்கு விதை வழங்கியதற்கான சான்று மற்றும் சமீபத்திய பாஸ்போர்ட் அளவிலான புகைப்படம் ஆகியவை அடங்கும்.

Q: இந்தத் திட்டத்தின் கீழ் தகுதி பெற வருமான வரம்பு உள்ளதா?
A: இல்லை, தகுதிக்கு குறிப்பிட்ட வருமான வரம்பு எதுவும் இல்லை.

Q: இந்தத் திட்டத்திற்கு விண்ணப்பிக்கும் விவசாயிகளுக்கு ஏதேனும் வயது வரம்புகள் உள்ளதா?
A: இல்லை, இந்தத் திட்டத்தின் கீழ் தகுதி பெறுவதற்கு வயது வரம்புகள் எதுவும் இல்லை.

Q: மானியத்தைப் பெற துறைக்கு விதை வழங்கியதற்கான ஆதாரம் தேவையா?
A: ஆம், மானியத்தைப் பெற விவசாயிகள் விதை வழங்குவதற்கான ஆதாரத்தை துறைக்கு வழங்க வேண்டும்.

Q: இந்தத் திட்டத்திற்கான விண்ணப்பத்தை எங்கே சமர்ப்பிக்க வேண்டும்?
A: கிராம அளவில் உதவி வேளாண் அதிகாரி, வட்டார அளவில் வேளாண் அதிகாரி அல்லது துணை வேளாண் அதிகாரி அல்லது மாவட்ட அளவில் வேளாண் இணை இயக்குநர் ஆகியோரிடம் விண்ணப்பங்களை சமர்ப்பிக்க வேண்டும்.

Q: இந்தத் திட்டத்தின் கீழ் எந்தெந்த பயிர்கள் சேர்க்கப்பட்டுள்ளன?
A: இந்தத் திட்டம் குறிப்பாக எண்ணெய் விதைகளை உள்ளடக்கியது.

Q: இந்தத் திட்டத்தின் கீழ் எவ்வளவு காலம் மானியம் கிடைக்கும்?
A: திட்டத்தின் வழிகாட்டுதல்களின்படி மானியம் கிடைக்கிறது, குறிப்பிட்ட இறுதி தேதி எதுவும் குறிப்பிடப்படவில்லை.

Q: பிற மாநிலங்களைச் சேர்ந்த விவசாயிகள் இந்தத் திட்டத்திற்கு விண்ணப்பிக்க முடியுமா?
A: இல்லை, மாநிலத்தில் வசிக்கும் விவசாயிகள் மட்டுமே இந்தத் திட்டத்திற்கு தகுதியுடையவர்கள்.

Q: இந்தத் திட்டத்தின் முக்கிய நோக்கம் என்ன?
A: விவசாயிகளிடையே பயிர் விளைச்சல் மற்றும் தரத்தை மேம்படுத்த சான்றளிக்கப்பட்ட விதைகளின் பயன்பாட்டை ஊக்குவிப்பதே இத்திட்டத்தின் முதன்மை நோக்கமாகும்.

Q: அவர்களின் விண்ணப்பம் நிராகரிக்கப்பட்டால் ஒரு விவசாயி என்ன செய்ய வேண்டும்?
A: விவசாயிகள் நிராகரிப்புக்கான காரணத்தை அந்தந்த விவசாய அலுவலகத்தில் விசாரித்து, தேவைப்பட்டால் மீண்டும் விண்ணப்பிக்கலாம்.",- [வழிகாட்டுதல்கள்](https://www.tn.gov.in/scheme/data_view/7613),,"{""dbtScheme"": false, ""implementingAgency"": null, ""schemeType"": null, ""closeDate"": null, ""priority"": 1}"
தொடக்கக் கூட்டுறவு வேளாண்மை மற்றும் கிராமப்புற மேம்பாட்டு வங்கி: உள்நாட்டு மீன்பிடிக்காக,PCARDBIF,pcardbif,State,Tamil Nadu,"Banking,Financial Services and Insurance, Agriculture,Rural & Environment","உள்நாட்டு மீன்பிடித்தல், கடன், விவசாயி, விவசாயம் மற்றும் கிராமப்புற மேம்பாட்டு வங்கி",,Individual,https://www.myscheme.gov.in/ta/schemes/pcardbif,இந்தத் திட்டம் உள்நாட்டு மீன்பிடி திட்டங்களுக்கு விவசாயிகளுக்கு 11 சதவீதம் முதல் 12 சதவீதம் வரையிலான வட்டி விகிதத்தில் ஒரு ஹெக்டேருக்கு ₹1 வரை கடன் வழங்குகிறது.,"தமிழ்நாடு உணவு மற்றும் நுகர்வோர் பாதுகாப்புத் துறையால் தொடங்கப்பட்ட தொடக்கக் கூட்டுறவு வேளாண்மை மற்றும் கிராமப்புற மேம்பாட்டு வங்கி, உள்நாட்டு மீன்பிடியில் ஆர்வமுள்ள விவசாயிகளுக்கு ஹெக்டேருக்கு ரூ. 1 வரை நிதியுதவி வழங்குவதை நோக்கமாகக் கொண்டுள்ளது. கடனுக்கான வட்டி விகிதம் 11%-12% ஆகும், இது மாற்றத்திற்கு உட்பட்டது. உள்நாட்டு மீன்பிடி நடவடிக்கைகளை நிறுவவோ அல்லது விரிவுபடுத்தவோ விவசாயிகளுக்கு அதிகாரம் அளிப்பதையும், அவர்களின் வருமானத்தை அதிகரிப்பதையும் இந்த நிதி உதவி நோக்கமாகக் கொண்டுள்ளது. & Ltd; பிஆர் & ஜிடி;","- * * கடனுக்கான அணுகல்: * ₹ 3,30,000-ஒரு ஹெக்டேருக்கு.-* * வட்டி விகிதம்: * 11 சதவீதம் முதல் 12 சதவீதம் வரை (மாற்றத்திற்கு உட்பட்டது)",பயனாளி தமிழ்நாட்டில் வசிப்பவராக இருக்க வேண்டும். பயனாளி ஒரு விவசாயியாக இருக்க வேண்டும். பயனாளி உள்நாட்டு மீன்பிடித்தலில் ஈடுபட்டிருக்க வேண்டும். பயனாளி உள்நாட்டு மீன்பிடித்தலுக்கான கடனைப் பெற ஆர்வமாக இருக்க வேண்டும். பயனாளி கடனை குறிப்பாக உள்நாட்டு மீன்பிடி நடவடிக்கைகளுக்கு பயன்படுத்த வேண்டும்.,,"விண்ணப்பிக்கும் முறை: நேரில் (Offline)
படி 1:
ஆர்வமுள்ள விண்ணப்பதாரர் தொடக்கக் கூட்டுறவு வேளாண்மை மற்றும் கிராமப்புற மேம்பாட்டு வங்கிக்குச் சென்று விண்ணப்பப் படிவத்தை சேகரிக்க வேண்டும்.
படி 2:
விண்ணப்பப் படிவத்தில், அனைத்து கட்டாய புலங்களையும் நிரப்பவும், பாஸ்போர்ட் அளவிலான புகைப்படத்தை ஒட்டவும் (தேவைப்பட்டால் குறுக்கே கையொப்பமிடவும்), மேலும் அனைத்து கட்டாய ஆவணங்களின் நகல்களையும் இணைக்கவும் (தேவைப்பட்டால் சுய சான்றளிப்பு).
படி 3:
முறையாக நிரப்பப்பட்ட மற்றும் கையொப்பமிடப்பட்ட விண்ணப்ப படிவத்தை ஆவணங்களுடன் சம்பந்தப்பட்ட அதிகாரியிடம் சமர்ப்பிக்கவும்.
படி 4:
விண்ணப்பம் சமர்ப்பிக்கப்பட்ட சம்பந்தப்பட்ட அதிகாரியிடமிருந்து ரசீது அல்லது ஒப்புதலைக் கோரவும். ரசீதில் சமர்ப்பிக்கப்பட்ட தேதி மற்றும் நேரம் போன்ற அத்தியாவசிய விவரங்கள் மற்றும் ஒரு தனித்துவமான அடையாள எண் (பொருந்தினால்) இருப்பதை உறுதிப்படுத்திக் கொள்ளுங்கள்.","- அடையாளச் சான்று (ஆதார், பான் கார்டு போன்றவை).
- முகவரிச் சான்று.
- உள்நாட்டு மீன்பிடியில் பயன்படுத்தப்படும் நிலத்திற்கான நில உரிமை அல்லது குத்தகை ஆவணங்களின் சான்று.
- வேறு ஏதேனும் ஆவணங்கள் (தேவைப்பட்டால்).","Q: இந்தத் திட்டத்தின் நோக்கம் என்ன?
A: இந்தத் திட்டம் விவசாயிகளுக்கு உள்நாட்டு மீன்பிடி திட்டங்களுக்கு 11 சதவீதம் முதல் 12 சதவீதம் வரையிலான வட்டி விகிதத்தில் ஒரு ஹெக்டேருக்கு ₹1 வரை கடன் வழங்குகிறது.

Q: இந்தத் திட்டத்தின் கீழ் கிடைக்கும் அதிகபட்ச கடன் தொகை எவ்வளவு?
A: இந்தத் திட்டம் ஒரு ஹெக்டேருக்கு ₹ 3,30,000 வரை கடனை வழங்குகிறது.

Q: இந்தத் திட்டத்தின் கீழ் கடனுக்கான வட்டி விகிதம் என்ன?
A: வட்டி விகிதம் 11 சதவீதம் முதல் 12 சதவீதம் வரை இருக்கும், இது மாற்றத்திற்கு உட்பட்டது.

Q: இந்தத் திட்டத்திற்கு யார் விண்ணப்பிக்க தகுதியுடையவர்கள்?
A: தகுதியான விண்ணப்பதாரர்கள் தமிழ்நாட்டில் வசிப்பவர்கள் மற்றும் உள்நாட்டு மீன்பிடியில் ஈடுபட்டுள்ள விவசாயிகள் ஆவர்.

Q: இந்தத் திட்டத்திற்கு வயது வரம்பு உள்ளதா?
A: இந்தக் கடன் திட்டத்திற்கு குறிப்பிட்ட வயது வரம்பு எதுவும் இல்லை.

Q: தகுதிக்கு ஏதேனும் வருமான அளவுகோல்கள் உள்ளனவா?
A: இந்தத் திட்டத்திற்கு வருமான அளவுகோல்கள் எதுவும் குறிப்பிடப்படவில்லை.

Q: விண்ணப்பிக்க என்ன ஆவணங்கள் தேவை?
A: இந்தத் திட்டத்திற்கு விண்ணப்பிக்க தேவையான ஆவணங்களில் அடையாளச் சான்று, முகவரிச் சான்று, நில உரிமைச் சான்று போன்றவை அடங்கும்.

Q: ஒரு தகுதியான விவசாயி கடனுக்கு எங்கே விண்ணப்பிக்கலாம்?
A: தகுதியுள்ள விவசாயிகள் தொடக்கக் கூட்டுறவு வேளாண்மை மற்றும் கிராமப்புற மேம்பாட்டு வங்கியில் விண்ணப்பிக்கலாம்.

Q: கடனை உள்நாட்டு மீன்பிடி தவிர வேறு நோக்கங்களுக்காகப் பயன்படுத்த முடியுமா?
A: இல்லை, கடனை உள்நாட்டு மீன்பிடி நடவடிக்கைகளுக்கு மட்டுமே பயன்படுத்த வேண்டும்.

Q: இந்தத் திட்டம் குறிப்பிட்ட குழுக்களுக்கு ஏதேனும் மானியங்கள் அல்லது முன்னுரிமை விகிதங்களை வழங்குகிறதா?
A: இந்தத் திட்டம் எந்த மானியங்களையும் குறிப்பிடவில்லை; தகுதியுள்ள அனைத்து விவசாயிகளுக்கும் வட்டி விகிதங்கள் ஒரே மாதிரியாக பொருந்தும்.",- [வழிகாட்டுதல்கள்](https://www.tn.gov.in/scheme/data_view/3566),,"{""dbtScheme"": false, ""implementingAgency"": null, ""schemeType"": null, ""closeDate"": null, ""priority"": 1}"
மண் சுகாதார அட்டை விநியோகம்,DOSHC,doshc,State,Tamil Nadu,"Agriculture,Rural & Environment","விவசாயம், விவசாயி, மண் சுகாதார அட்டை",,Individual,https://www.myscheme.gov.in/ta/schemes/doshc,"""மண் சுகாதார அட்டை விநியோகம்"" திட்டத்தின் கீழ், மண் மாதிரியை பரிசோதனைக்கு வழங்கிய அனைத்து விவசாயிகளுக்கும் மண் சுகாதார அட்டைகள் விநியோகிக்கப்படும், மேக்ரோ மற்றும் நுண்ணூட்டச்சத்து சோதனைக்கு தலா 5/- ரூபாய் நிர்ணயிக்கப்பட்ட கட்டணத்தை செலுத்த வேண்டும்.","தமிழ்நாடு வேளாண்மை-விவசாயிகள் நலத் துறையின் 'மண் சுகாதார அட்டை விநியோகம்' திட்டத்தின் கீழ், மண் மாதிரியை பரிசோதனைக்கு வழங்கிய அனைத்து விவசாயிகளுக்கும் மண் சுகாதார அட்டைகள் வழங்கப்படும், மேக்ரோ மற்றும் மைக்ரோ ஊட்டச்சத்து சோதனைக்கு தலா 5/- ரூபாய் நிர்ணயிக்கப்பட்ட கட்டணத்தை செலுத்த வேண்டும். பிஆர் & ஜிடி;",- விவசாயிகளுக்கு மண் சுகாதார அட்டைகள்,பயனாளி ஒரு விவசாயியாக இருக்க வேண்டும்.-பயனாளி தமிழ்நாட்டில் வசிப்பவராக இருக்க வேண்டும்.-பயனாளி பரிசோதனைக்காக மண் மாதிரிகளை வழங்கியிருக்க வேண்டும்.-பயனாளி மேக்ரோ மற்றும் மைக்ரோ ஊட்டச்சத்து சோதனைக்கு தலா ரூ. 5/- கட்டணத்தை செலுத்தியிருக்க வேண்டும்.,<பிஆர்>,"விண்ணப்பிக்கும் முறை: நேரில் (Offline)
படி 1:
அருகிலுள்ள வேளாண் அலுவலகத்திலிருந்து விண்ணப்பப் படிவத்தை சேகரிக்கவும்.
படி 2:
தேவையான விவரங்களுடன் விண்ணப்பப் படிவத்தை பூர்த்தி செய்து, கட்டாய ஆவணங்களை இணைக்கவும் (தேவைப்பட்டால் சுய சான்றளிக்கப்பட்டவை).
படி 3:
படிவத்தை சம்பந்தப்பட்ட அலுவலகத்திற்கு சமர்ப்பிக்கவும்:
கிராம மட்டம்:
உதவி வேளாண் அலுவலரிடம் விண்ணப்பத்தை சமர்ப்பிக்கவும்.
தொகுதி நிலை:
வேளாண் அதிகாரி அல்லது துணை வேளாண் அதிகாரியிடம் சமர்ப்பிக்கவும்.
மாவட்ட அளவில்:
வேளாண்மை இணை இயக்குநரிடம் சமர்ப்பிக்கவும்.","- அடையாளச் சான்று (ஆதார் அட்டை, வாக்காளர் அடையாள அட்டை போன்றவை).
- நில உரிமையின் சான்று.
- மண் மாதிரி சமர்ப்பிப்பு மற்றும் பணம் செலுத்தியதற்கான சான்று.
- வேறு ஏதேனும் ஆவணங்கள் (தேவைப்பட்டால்).","Q: ""மண் சுகாதார அட்டை விநியோகம்"" திட்டம் என்றால் என்ன?
A: ""மண் சுகாதார அட்டை விநியோகம்"" திட்டத்தின் கீழ், மண் மாதிரியை பரிசோதனைக்கு வழங்கிய அனைத்து விவசாயிகளுக்கும் மண் சுகாதார அட்டைகள் விநியோகிக்கப்படும், மேக்ரோ மற்றும் நுண்ணூட்டச்சத்து சோதனைக்கு தலா 5/- ரூபாய் நிர்ணயிக்கப்பட்ட கட்டணத்தை செலுத்த வேண்டும்.

Q: மண் சுகாதார அட்டையைப் பெற யார் தகுதியுடையவர்கள்?
A: மண் மாதிரியை பரிசோதனைக்கு சமர்ப்பித்து, பரிந்துரைக்கப்பட்ட கட்டணத்தை செலுத்தும் எந்தவொரு விவசாயியும் மண் சுகாதார அட்டையைப் பெற தகுதியுடையவர்.

Q: இந்தத் திட்டத்தின் கீழ் மண் பரிசோதனைக்கான கட்டணம் என்ன?
A: மண் பரிசோதனைக்கான கட்டணம் மேக்ரோ மற்றும் மைக்ரோ ஊட்டச்சத்து பகுப்பாய்விற்கு தலா ரூ. 5/- ஆகும்.

Q: மண் சுகாதார அட்டையில் என்ன தகவல் வழங்கப்படுகிறது?
A: மண் சுகாதார அட்டை மண்ணின் ஊட்டச்சத்து உள்ளடக்கம் குறித்த விரிவான தகவல்களையும், பொருத்தமான உர பயன்பாட்டிற்கான பரிந்துரைகளையும் வழங்குகிறது.

Q: இந்தத் திட்டத்திற்கு ஒரு விவசாயி எவ்வாறு விண்ணப்பிக்கலாம்?
A: ஒரு விவசாயி ஒரு மண் மாதிரியை ஒரு நியமிக்கப்பட்ட சோதனை மையத்தில் சமர்ப்பித்து தேவையான கட்டணத்தை செலுத்துவதன் மூலம் விண்ணப்பிக்கலாம்.

Q: இந்தத் திட்டத்தைப் பயன்படுத்த என்னென்ன ஆவணங்கள் தேவை?
A: தேவையான ஆவணங்களில் அடையாளச் சான்று, நில உரிமைச் சான்று மற்றும் மண் மாதிரி சமர்ப்பிப்புக்கான ரசீது ஆகியவை அடங்கும்.

Q: தகுதி பெற ஏதேனும் வயது அல்லது வருமானத் தேவைகள் உள்ளனவா?
A: இந்தத் திட்டத்தின் கீழ் தகுதி பெற வயது அல்லது வருமானத் தேவைகள் எதுவும் இல்லை.

Q: மண் சுகாதார அட்டையின் மூலம் ஒரு விவசாயிக்கு என்ன நன்மைகள் கிடைக்கும்?
A: மண் ஊட்டச்சத்துக்கள் பற்றிய நுண்ணறிவு மற்றும் பயிர் விளைச்சலை மேம்படுத்த உரங்களின் உகந்த பயன்பாடு குறித்த வழிகாட்டுதல் ஆகியவை இதன் நன்மைகளில் அடங்கும்.

Q: பயிர் விளைச்சலை மேம்படுத்த மண் சுகாதார அட்டை எவ்வாறு உதவுகிறது?
A: துல்லியமான ஊட்டச்சத்து தகவல்களை வழங்குவதன் மூலம், விவசாயிகள் சரியான அளவு உரங்களைப் பயன்படுத்த இந்த அட்டை உதவுகிறது, இது சிறந்த பயிர் உற்பத்தித்திறனுக்கு வழிவகுக்கிறது.

Q: ஒரு விவசாயி தனது மண் மாதிரியை சோதனைக்கு எங்கே சமர்ப்பிக்கலாம்?
A: பிராந்தியத்திற்குள் நியமிக்கப்பட்ட மண் சோதனை மையங்களில் மண் மாதிரிகளை சமர்ப்பிக்கலாம்.

Q: இந்தத் திட்டம் அனைத்து விவசாயிகளுக்கும் கிடைக்குமா?
A: ஆம், தகுதி அளவுகோல்களை பூர்த்தி செய்யும் அனைத்து விவசாயிகளுக்கும் இந்தத் திட்டம் கிடைக்கும்.

Q: மண் சுகாதார அட்டையில் குறிப்பிட்ட உரங்களுக்கான பரிந்துரைகள் சேர்க்கப்படுமா?
A: ஆம், இந்த அட்டை மண்ணின் ஊட்டச்சத்து நிலையின் அடிப்படையில் குறிப்பிட்ட உர பரிந்துரைகளை வழங்குகிறது.

Q: மண் சுகாதார அட்டையில் உள்ள தகவலின் செல்லுபடியாகும் தன்மை என்ன?
A: மண் சுகாதார அட்டையின் செல்லுபடியாகும் தன்மை மண்ணின் தற்போதைய நிலைமையுடன் இணைக்கப்பட்டுள்ளது, இருப்பினும் தொடர்ச்சியான துல்லியத்திற்காக அவ்வப்போது சோதனை பரிந்துரைக்கப்படுகிறது.

Q: இத்திட்டம் மண் பரிசோதனை கட்டணத்திற்கு ஏதேனும் நிதி உதவியை வழங்குகிறதா?
A: இல்லை, இந்தத் திட்டம் மண் சோதனைக் கட்டணத்திற்கு நிதி உதவியை வழங்கவில்லை; விவசாயிகள் பெயரளவு கட்டணத்தை தாங்களாகவே செலுத்த வேண்டும்.",- [வழிகாட்டுதல்கள்](https://www.tn.gov.in/scheme/data_view/6849),,"{""dbtScheme"": false, ""implementingAgency"": null, ""schemeType"": null, ""closeDate"": null, ""priority"": 1}"
சமையல் எண்ணெய்களுக்கான தேசிய இயக்கம்-எண்ணெய் பனை,NMEO OP,nmeo-op,Central,"Andhra Pradesh, Telangana, Chhattisgarh, Tamil Nadu, Kerala, Gujarat, Karnataka, Odisha, Mizoram, Nagaland, Assam, Arunachal Pradesh, Manipur, Goa, Tripura","Agriculture,Rural & Environment","எண்ணெய் பனை, பரப்பளவு விரிவாக்கம், எண்ணெய் பனை ஆலை, விதை தோட்டம், விதை நாற்றங்கால், செயலி",Ministry Of Agriculture and Farmers Welfare,Infra,https://www.myscheme.gov.in/ta/schemes/nmeo-op,"எண்ணெய் பனை நிலப்பரப்பை விரிவுபடுத்துவதன் மூலமும், சிபிஓ உற்பத்தியை அதிகரிப்பதன் மூலமும், சமையல் எண்ணெய்கள் மீதான இறக்குமதி சுமையை குறைப்பதன் மூலமும் நாட்டில் சமையல் எண்ணெய் வித்துக்கள் உற்பத்தி மற்றும் எண்ணெய் கிடைப்பதை மேம்படுத்தும் நோக்கத்துடன் இந்த இயக்கம் தொடங்கப்பட்டது.","மாநில வேளாண்மைத் துறை, மாநில தோட்டக்கலைத் துறை, மத்திய பல்கலைக்கழகம், ஐ. சி. ஏ. ஆர் நிறுவனங்கள், சி. டி. டி. க்கள், எஸ். ஏ. யூ. க்கள், கே. வி. கே. க்கள், மத்திய முகமைகள்/கூட்டுறவு அமைப்புகள், எண்ணெய் பனை பதப்படுத்தும் அமைப்புகள்/சங்கங்கள், டிடி கிசான் போன்றவை. என். எம். இ. ஓ-எண்ணெய் பனை திட்டத்தை செயல்படுத்தும் பங்குதாரர்களாக இருப்பார்கள். மாநில அரசுகளின் வேளாண்மை/தோட்டக்கலைத் துறை, பதப்படுத்துபவர்களுடன் நெருங்கிய கூட்டுறவுடன் தங்கள் மாநிலங்களில் எண்ணெய் பனை பரப்பளவு விரிவாக்கத் திட்டத்தை மேற்கொள்வதற்கான ஒருங்கிணைந்த முகமையாக இருக்கும். விதை தோட்டங்கள் மற்றும் விதை நர்சரிகள் அமைத்தல், நடவு பொருட்கள் விநியோகம் போன்றவற்றுக்கும் பதப்படுத்துபவர்கள் தகுதியுடையவர்கள். இந்த நிதி மாநில வேளாண்மை/தோட்டக்கலைத் துறைகளுக்கு அந்தந்த மாநில அரசுகள் மூலம் விடுவிக்கப்படும். மாநிலங்கள்/முகமைகள்/விவசாயிகள்/பதப்படுத்தும் நிறுவனங்கள்/சிறு, குறு மற்றும் நடுத்தர தொழில்துறை நிறுவனங்களுக்கு நிதி மாற்றுவதற்கு டிபிடி பயன்படுத்தப்படும். மாநில வேளாண்மை, தோட்டக்கலை மற்றும் ஐ. சி. ஏ. ஆர் துறை மூலம் தனியார் துறைகள் மற்றும் தன்னார்வ தொண்டு நிறுவனங்கள் இதில் ஈடுபடலாம். பின்வரும் கூறுகளுக்கு உதவி வழங்கப்படும்: பகுதி விரிவாக்கம்; நடவு பொருள்; பராமரிப்பு; பயிர் சாகுபடி; சொட்டு நீர்ப்பாசனம்/பம்ப் செட்/ஆழ்துளை கிணறு/நீர் அறுவடை அமைப்பு; அறுவடை கருவிகள்; தனிப்பயன் வாடகை மையம்; விதைத் தோட்டங்கள்; விதை நாற்றங்கால்; எண்ணெய் பனை பதப்படுத்தும் ஆலை; எண்ணெய் பனை தோட்டத்தை மறுசீரமைப்பு செய்தல்; அரை நிலவு மாடி; வேலி அமைத்தல்","இந்தத் திட்டம் பின்வரும் நன்மைகளை வழங்குவதை நோக்கமாகக் கொண்டுள்ளது: 1) எண்ணெய் மரத்தின் உற்பத்தி மற்றும் உற்பத்தித்திறனை மேம்படுத்துதல் 2) மேம்பட்ட தொழில்நுட்பங்களை மேம்படுத்துதல் மற்றும் விரிவுபடுத்துதல். 3) தரமான நடவுப்பொருட்கள் வழங்குதல் 4) ஊட்டச்சத்து மேலாண்மை மற்றும் பூச்சி மேலாண்மைக்கு ஆதரவு 5) பண்ணை கருவிகள்/இயந்திரங்கள், விவசாயிகளின் திறன் மேம்பாடு, நீர் எடுத்துச் செல்லும் குழாய்கள், உரம், அறுவடை தொழில்நுட்பம் போன்றவற்றை உள்ளடக்கிய தலையீடுகளுக்கு பல்வேறு கூறுகளை வழங்குதல்.",> இந்தத் திட்டத்தின் கீழ் யார் வேண்டுமானாலும் விண்ணப்பிக்கலாம்,<பிஆர்>,"விண்ணப்பிக்கும் முறை: நேரில் (Offline)
படி 1: ஆர்வமுள்ள பயனாளி திட்டத்திற்கு விண்ணப்பிக்க மாவட்ட வேளாண் அதிகாரி/வட்டார வேளாண் அதிகாரியைத் தொடர்பு கொள்ளலாம்.
படி 02: மாவட்டங்களிலிருந்து பெறப்பட்ட தொழில்முனைவோரின் முன்மொழிவுகளை எஸ். எல். எஸ். சி இறுதி செய்யும். மாநிலங்களுக்கு அவர்களின் வருடாந்திர செயல் திட்டத்தின் (ஏஏபி) அடிப்படையில் நிதி ஒதுக்கப்படும்.
படி 3: மாநில அரசு மாவட்டத்திற்கு நிதி ஒதுக்கி வெளியிடும்.
படி 04: மாவட்ட விவசாயத் துறை தனிப்பட்ட பயனாளிகளுக்கு நிதி ஒதுக்கும்","1) அடையாளச் சான்று
2) நில ஆவணங்கள்
3) வங்கி விவரங்கள்
4) புகைப்படங்கள்
திட்டத்தின் பலன்களைப் பெறுவதற்கான குறிப்பிட்ட ஆவணங்கள் தலையீட்டின் வகை மற்றும் அரசைப் பொறுத்து மாறுபடலாம். சமர்ப்பிக்க வேண்டிய ஆவணங்கள் குறித்த விரிவான தகவல்களுக்கு சம்பந்தப்பட்ட அதிகாரிகளுடன் கலந்தாலோசிக்க பரிந்துரைக்கப்படுகிறது.","Q: இந்தத் திட்டத்திற்கான நிதிப் பாய்வு முறை என்ன?
A: இந்தத் திட்டத்திற்கான மத்திய மற்றும் மாநிலங்களின் பங்கை பி. எஃப். எம். எஸ் அமைப்பு மூலம் விடுவிக்கப்படும். மத்திய அரசு மற்றும் மாநில அரசின் நிதிப் பங்கு இரண்டும் பி. எஃப். எம். எஸ். இன் வரையறுக்கப்பட்ட பொறிமுறை மூலம் மாற்றப்படும்.

Q: இந்தத் திட்டத்தின் கீழ் பஞ்சாயத்து ராஜ் நிறுவனங்களின் (பிஆர்ஐ) பங்கு உள்ளதா?
A: கீழ் மட்டத்தில் பயனாளிகளைத் தேர்ந்தெடுப்பது, முன்னுரிமை அளிப்பது மற்றும் அடையாளம் காண்பது, பயனாளிகளைத் தேர்ந்தெடுப்பதில் தன்னார்வ தொண்டு நிறுவனங்கள், சுய உதவிக் குழுக்கள் மற்றும் தனியார் நிறுவனங்களின் ஈடுபாட்டை உறுதி செய்தல், முன்னுரிமை பகுதிகளை அடையாளம் காணுதல் மற்றும் மேப்பிங் செய்தல், செயலாக்கிகள், மாநில அதிகாரிகள் மற்றும் எஸ். ஏ. யூ. க்கள் போன்றவற்றுடன் தொடர்பு கொள்ளுதல் ஆகியவற்றில் பி. ஆர். ஐ. க்களை ஈடுபடுத்துவதற்கான வலுவான பொறிமுறையை மாநில அரசுகள் உருவாக்கலாம்.

Q: இந்த பணியில் செயலிகளின் பங்கு என்ன?
A: விதைத் தோட்டங்கள் மற்றும் நாற்றங்கால் அமைத்தல், நடவு பொருட்கள் விநியோகம் போன்றவற்றுக்கு பதப்படுத்துபவர்கள் தகுதியுடையவர்கள். பதப்படுத்துபவர்கள் தங்கள் எண்ணெய் பனை பரப்பளவு விரிவாக்க இலக்கு மற்றும் கூறு வாரியான வருடாந்திர செயல் திட்டத்தை (ஏஏபி) மாநிலத்தில் செயல்படுத்துவதற்காக சமர்ப்பிப்பார்கள்.

Q: திட்டப் பலன்களைப் பெறுவதற்கு ஏதேனும் வயது வரம்பு உள்ளதா?
A: நிலத்தை வைத்திருக்கும் எந்தவொரு விவசாயியும் இந்த திட்டத்தின் கீழ் பலன்களைப் பெறலாம்.

Q: விவசாயிகளின் குறிப்பிட்ட பாலினம்/சாதிக்கு முன்னுரிமை உள்ளதா?
A: அனைத்து விவசாயிகளும் இத்திட்டத்தின் கீழ் பரிசீலிக்கப்பட வேண்டும், இருப்பினும், பட்டியலின சாதி (17 சதவீதம்) மற்றும் பட்டியலின பழங்குடியினருக்கான (8 சதவீதம்) வளங்கள் என். எம். இ. ஓவின் அனைத்து கூறுகளின் கீழ் பயன்படுத்த ஒதுக்கப்படும்.

Q: ஒரு பகுதி கட்டுப்பாடு உள்ளதா?
A: மானியம்/தலையீட்டைப் பெற தனிப்பட்ட விவசாயிகளுக்கு பரப்பளவு கட்டுப்பாடு பொருந்தாது.

Q: ஊட்டச்சத்து மற்றும் பூச்சி மேலாண்மைக்கு விவசாயிகளுக்கு உதவிகள் வழங்கப்படுகின்றனவா?
A: ஆம், ஆரோக்கியமான பயிர் வளர்ச்சியை உறுதி செய்வதற்காக ஊட்டச்சத்து மேலாண்மை மற்றும் பூச்சி மேலாண்மை நடைமுறைகளுக்கு நிதி உதவி கிடைக்கிறது.

Q: இந்த திட்டம் விவசாய உபகரணங்களை வாங்குவதற்கு ஆதரவளிக்கிறதா?
A: ஆம், பல்வேறு பண்ணை கருவிகள், இயந்திரங்கள், அறுவடை தொழில்நுட்பங்கள் மற்றும் எண்ணெய் பனை சாகுபடி தொடர்பான பிற தலையீடுகளுக்கு உதவி வழங்கப்படுகிறது.

Q: இந்தத் திட்டத்தின் கீழ் எண்ணெய் பனை விவசாயிகளுக்கு பயிற்சி அளிக்கப்படுகிறதா?
A: ஆம், இந்தத் திட்டத்தில் திறன் மேம்பாட்டு நடவடிக்கைகள், பயிற்சித் திட்டங்கள் மற்றும் மேம்பட்ட சாகுபடி நடைமுறைகளை மேம்படுத்துவதற்கான விரிவாக்க சேவைகள் ஆகியவை அடங்கும்.",- [வழிகாட்டுதல்கள்](https://nmeo.dac.gov.in/nmeodoc/NMEO-OPGUIEDELINES.pdf),,"{""dbtScheme"": false, ""implementingAgency"": ""State Government Department"", ""schemeType"": {""value"": ""centrally-sponsored-scheme"", ""label"": ""Centrally Sponsored Scheme""}, ""closeDate"": null, ""priority"": 3}"
மினிகிட்டுகளை இலவசமாக விநியோகம் செய்தல்,DOMAFOC,domafoc,State,Tamil Nadu,"Agriculture,Rural & Environment","விவசாயம், விவசாயி, மினிகிட்கள், மானியம்",,Individual,https://www.myscheme.gov.in/ta/schemes/domafoc,தமிழ்நாட்டில் தேர்ந்தெடுக்கப்பட்ட சில மாவட்டங்களில் மக்காச்சோளம் பயிரிடும் விவசாயிகளுக்கு மினிகிட்களுக்கு இலவச மினிகிட்கள் விநியோகம் திட்டம் மானியங்களை வழங்குகிறது.,"தமிழ்நாடு வேளாண்மை-விவசாயிகள் நலத்துறையின் 'மினிகிட் இலவச விநியோகம்' திட்டம், கோயம்புத்தூர், தூத்துக்குடி, ஈரோடு, தர்மபுரி, கிருஷ்ணகிரி, நாமக்கல், பெரம்பலூர், விருதுநகர், தேனி, வில்லுபுரம், வேலூர், சேலம், புதுக்கோட்டை, மதுரை, சிவகங்கை, திருச்சி, திருநெல்வேலி மற்றும் தூத்துக்குடி உள்ளிட்ட குறிப்பிட்ட மாவட்டங்களில் மக்காச்சோளம் பயிரிடும் விவசாயிகளுக்கு மினிகிட் மானியங்களை வழங்குகிறது.",- * உதவியின் அளவு: * * மினிகிட்களுக்கு மானியம்,"பயனாளி ஒரு விவசாயியாக இருக்க வேண்டும்-பயனாளி தமிழ்நாட்டின் பின்வரும் மாவட்டங்களில் ஏதேனும் ஒன்றில் வசிப்பவராக இருக்க வேண்டும்: கோயம்புத்தூர், தூத்துக்குடி, ஈரோடு, தருமபுரி, கிருஷ்ணகிரி, நாமக்கல், பெரம்பலூர், விருதுநகர், தேனி, வில்லுபுரம், வேலூர், சேலம், புதுக்கோட்டை, மதுரை, சிவகங்கை, திருச்சி, திருநெல்வேலி மற்றும் தூத்துக்குடி-பயனாளிகள் மக்காச்சோள சாகுபடியில் ஈடுபடுத்தப்பட வேண்டும்.",<பிஆர்>,"விண்ணப்பிக்கும் முறை: நேரில் (Offline)
படி 1:
அருகிலுள்ள வேளாண் அலுவலகத்திலிருந்து விண்ணப்பப் படிவத்தை சேகரிக்கவும்.
படி 2:
தேவையான விவரங்களுடன் விண்ணப்பப் படிவத்தை பூர்த்தி செய்து, கட்டாய ஆவணங்களை இணைக்கவும் (தேவைப்பட்டால் சுய சான்றளிக்கப்பட்டவை).
படி 3:
படிவத்தை சம்பந்தப்பட்ட அலுவலகத்திற்கு சமர்ப்பிக்கவும்:
கிராம மட்டம்:
உதவி வேளாண் அலுவலரிடம் விண்ணப்பத்தை சமர்ப்பிக்கவும்.
தொகுதி நிலை:
வேளாண் அதிகாரி அல்லது துணை வேளாண் அதிகாரியிடம் சமர்ப்பிக்கவும்.
மாவட்ட அளவில்:
வேளாண்மை இணை இயக்குநரிடம் சமர்ப்பிக்கவும்.","- அடையாளச் சான்று (ஆதார் அட்டை, வாக்காளர் அடையாள அட்டை போன்றவை).
- நில உரிமையின் சான்று.
- மக்காச்சோளம் சாகுபடியின் சான்று.
- சாதிச் சான்றிதழ் (எஸ்சி/எஸ்டி விண்ணப்பதாரர்களுக்கு).
- ஒரு பண்ணை பெண் என்பதற்கான சான்று (பொருந்தினால்).
- வங்கிக் கணக்கு விவரங்கள்.
- வேறு ஏதேனும் ஆவணங்கள் (தேவைப்பட்டால்).","Q: ""இலவச மினிகிட் விநியோகம்"" திட்டம் என்றால் என்ன?
A: இந்தத் திட்டம் விவசாய உற்பத்தித் திறனை ஆதரிப்பதற்கும் பயிர் விளைச்சலை அதிகரிப்பதற்கும் தேர்ந்தெடுக்கப்பட்ட மாவட்டங்களில் மக்காச்சோளம் பயிரிடும் விவசாயிகளுக்கு மினிகிட்டுகளுக்கு மானியங்களை வழங்குகிறது.

Q: இந்தத் திட்டத்தின் கீழ் மானியத்திற்கு விண்ணப்பிக்க யார் தகுதியுடையவர்கள்?
A: குறிப்பிட்ட மாவட்டங்களில் மக்காச்சோளம் பயிரிடும் விவசாயிகள் தகுதியானவர்கள். சிறு/குறு விவசாயிகள், எஸ்சி/எஸ்டி விவசாயிகள் மற்றும் பெண் விவசாயிகள் அல்லது பெண் குழுக்களுக்கு முன்னுரிமை அளிக்கப்படுகிறது.

Q: இந்தத் திட்டத்தின் கீழ் எந்தெந்த மாவட்டங்கள் உள்ளடக்கப்பட்டுள்ளன?
A: கோயம்புத்தூர், தூத்துக்குடி, ஈரோடு, தருமபுரி, கிருஷ்ணகிரி, நாமக்கல், பெரம்பலூர், விருதுநகர், தேனி, வில்லுபுரம், வேலூர், சேலம், புதுக்கோட்டை, மதுரை, சிவகங்கை, திருச்சி, திருநெல்வேலி மற்றும் தூத்துக்குடி ஆகிய மாவட்டங்கள் இத்திட்டத்தின் கீழ் வருகின்றன.

Q: மானியத்திற்கு எப்படி விண்ணப்பிப்பது?
A: கிராம அளவில் உதவி வேளாண் அதிகாரி, வட்டார அளவில் துணை வேளாண் அதிகாரி, வட்டார அளவில் வேளாண்மை உதவி இயக்குநர் அல்லது மாவட்ட அளவில் வேளாண்மை இணை இயக்குநர் ஆகியோரிடம் விண்ணப்பங்களை சமர்ப்பிக்க வேண்டும்.

Q: இந்தத் திட்டத்திற்கு விண்ணப்பிக்க என்ன ஆவணங்கள் தேவை?
A: விண்ணப்பதாரர்கள் மக்காச்சோளம் சாகுபடிக்கான ஆதாரம் (நிலப் பதிவுகள் அல்லது முந்தைய அறுவடைப் பதிவுகள் போன்றவை), அடையாள ஆவணங்கள் (ஆதார் அட்டை அல்லது வாக்காளர் அடையாள அட்டை போன்றவை) மற்றும் குடியிருப்புச் சான்று (பயன்பாட்டு மசோதா போன்றவை) ஆகியவற்றை வழங்க வேண்டும்.

Q: சமூகம் அல்லது வருமானம் தொடர்பான குறிப்பிட்ட தகுதி அளவுகோல்கள் ஏதேனும் உள்ளதா?
A: குறிப்பிட்ட வருமான அளவுகோல்கள் எதுவும் இல்லை என்றாலும், எஸ்சி/எஸ்டி விவசாயிகள் மற்றும் பெண் விவசாயிகள்/குழுக்களுக்கு முன்னுரிமை உள்ளது.

Q: ஒரு விவசாயி சிறு/குறு விவசாயி அல்லது எஸ்சி/எஸ்டி சமூகத்தின் ஒரு பகுதியாக இல்லாவிட்டால் என்ன செய்வது?
A: குறிப்பிட்ட மாவட்டங்களில் மக்காச்சோளம் பயிரிடுபவர்களாக இருந்தால் விவசாயிகள் இன்னும் விண்ணப்பிக்கலாம், ஆனால் சிறு/குறு விவசாயிகள் மற்றும் எஸ்சி/எஸ்டி சமூகங்களைச் சேர்ந்தவர்களுக்கு முன்னுரிமை வழங்கப்படும்.

Q: பெண் விவசாயிகள்/பெண் குழுக்களுக்கு ஏதேனும் முன்னுரிமை உள்ளதா?
A: ஆம், இந்தத் திட்டத்தின் கீழ் பெண் விவசாயிகள்/பெண் குழுக்களுக்கு 20 சதவீதம் வரத்து இருக்கும்.

Q: அவர்களின் விண்ணப்பம் நிராகரிக்கப்பட்டால் ஒரு விண்ணப்பதாரர் மேல்முறையீடு செய்ய முடியுமா?
A: ஆம், விண்ணப்பதாரர்கள் நிராகரிப்புக்கான காரணங்களைப் பற்றி விசாரிக்கலாம், மேலும் கூடுதல் தகவல் அல்லது ஆவணங்கள் தேவைப்பட்டால் மேல்முறையீடு செய்யவோ அல்லது மீண்டும் விண்ணப்பிக்கவோ முடியும்.",- [வழிகாட்டுதல்கள்](https://www.tn.gov.in/scheme/data_view/6855),,"{""dbtScheme"": false, ""implementingAgency"": null, ""schemeType"": null, ""closeDate"": null, ""priority"": 1}"
ஒருங்கிணைந்த பூச்சி மேலாண்மை பயிற்சி,IPMDCT,ipmdct,State,Tamil Nadu,"Agriculture,Rural & Environment","விவசாயம், விவசாயி, ஒருங்கிணைந்த பூச்சி மேலாண்மை, பயிற்சி",,Infra,https://www.myscheme.gov.in/ta/schemes/ipmdct,"""ஒருங்கிணைந்த பூச்சி மேலாண்மை செயல்விளக்க பயிற்சி"" திட்டம் 30 விவசாயிகளுக்கு பூச்சி மேலாண்மை செயல்விளக்கங்களை நடத்துவதற்கும், விவசாய களப் பள்ளிகளில் தொகுப்பு அணுகுமுறையைப் பயன்படுத்தி பயிற்சியளிப்பதற்கும் நிதி உதவியை வழங்குகிறது.","தமிழ்நாடு வேளாண்மை-விவசாயிகள் நலத் துறையின் ""ஒருங்கிணைந்த பூச்சி மேலாண்மை பயிற்சி"" திட்டம், விவசாய களப் பள்ளிகளில் பூச்சி மேலாண்மை நடைமுறைகளை நிரூபித்தல் மற்றும் பயிற்சி மூலம் ஆதரிக்கிறது. ஒவ்வொரு 40 ஹெக்டேர் நிலப்பரப்புக்கும் பயிற்சி கிளஸ்டருக்கும் நிதி உதவி வழங்கப்படுகிறது. இந்தத் திட்டம் விவசாயிகளிடையே பூச்சிக் கட்டுப்பாட்டு அறிவை மேம்படுத்துவதையும், இரசாயன பூச்சிக்கொல்லிகளை நம்புவதைக் குறைக்கும் அதே வேளையில் பூச்சிகளை திறம்பட நிர்வகிக்க உதவுவதையும் நோக்கமாகக் கொண்டுள்ளது.","- * * விவசாய களப் பள்ளிகளுக்கு: * * நிதி உதவி: 40 ஹெக்டேர் நிலப்பரப்பில் ஆர்ப்பாட்டம் நடத்த ரூ. 17,000/- மானியம் அனுமதிக்கப்படுகிறது. ஒவ்வொன்றும் மற்றும் கிளஸ்டர் அணுகுமுறை மூலம் விவசாயிகளின் களப் பள்ளிக்கு பயிற்சி. - * * விவசாயிகளுக்கு: * * பயிற்சி மற்றும் செயல்விளக்கம்: விவசாய களப் பள்ளிகள் மூலம் பூச்சி மேலாண்மையில் பயிற்சி. <பிஆர்>",& ஜிடி; * விவசாயிக்கு: பயனாளி ஒரு விவசாயியாக இருக்க வேண்டும். பயனாளி தமிழ்நாட்டில் வசிப்பவராக இருக்க வேண்டும். பயனாளி ஒருங்கிணைந்த பூச்சி மேலாண்மை நடைமுறைகளை பின்பற்ற தயாராக இருக்க வேண்டும். * * விவசாய களப் பள்ளிகளுக்கு: நிறுவனம்/அமைப்பு ஒரு உழவர் களப் பள்ளியாக இருக்க வேண்டும்-நிறுவனம்/அமைப்பு விவசாயிகளுக்கான ஆர்ப்பாட்டம் மற்றும் பயிற்சித் திட்டத்தை நடத்துவதில் ஆர்வமாக இருக்க வேண்டும்.,<பிஆர்>,"விண்ணப்பிக்கும் முறை: நேரில் (Offline)
படி 1:
அருகிலுள்ள வேளாண் அலுவலகத்திலிருந்து விண்ணப்பப் படிவத்தை சேகரிக்கவும்.
படி 2:
தேவையான விவரங்களுடன் விண்ணப்பப் படிவத்தை பூர்த்தி செய்து, கட்டாய ஆவணங்களை இணைக்கவும் (தேவைப்பட்டால் சுய சான்றளிக்கப்பட்டவை).
படி 3:
படிவத்தை சம்பந்தப்பட்ட அலுவலகத்திற்கு சமர்ப்பிக்கவும்:
கிராம மட்டம்:
உதவி வேளாண் அலுவலரிடம் விண்ணப்பத்தை சமர்ப்பிக்கவும்.
தொகுதி நிலை:
வேளாண் அதிகாரி அல்லது துணை வேளாண் அதிகாரியிடம் சமர்ப்பிக்கவும்.
மாவட்ட அளவில்:
வேளாண்மை இணை இயக்குநரிடம் சமர்ப்பிக்கவும்.","விவசாயிகளுக்கு:
- அடையாளச் சான்று (ஆதார் அட்டை, வாக்காளர் அடையாள அட்டை)
- முகவரிச் சான்று (மின்சாரக் கட்டணம், ரேஷன் கார்டு)
- நில உரிமைச் சான்று
- வேறு ஏதேனும் ஆவணங்கள் (தேவைப்பட்டால்).
உழவர் களப் பள்ளிகள்:
- நிறுவனத்தின் பதிவு விவரங்கள்.
- வேறு ஏதேனும் ஆவணங்கள் (தேவைப்பட்டால்).","Q: ஒருங்கிணைந்த பூச்சி மேலாண்மை பயிற்சி திட்டத்தின் நோக்கம் என்ன?
A: பயிற்சி மற்றும் கள செயல்விளக்கங்கள் மூலம் பயனுள்ள பூச்சி மேலாண்மை நடைமுறைகளை நிரூபிக்க விவசாயிகளுக்கு நிதி உதவி வழங்குவதை இந்தத் திட்டம் நோக்கமாகக் கொண்டுள்ளது.

Q: இத்திட்டத்தின் கீழ் எவ்வளவு நிதி ஒதுக்கப்பட்டுள்ளது?
A: ஒவ்வொரு ஆர்ப்பாட்டம் மற்றும் பயிற்சிக்காகவும் 30 விவசாயிகளுக்கு மொத்தம் ரூ. 17,000/- வழங்கப்படுகிறது.

Q: நிதி நலன்களுக்கு விண்ணப்பிக்க யார் தகுதியுடையவர்கள்?
A: விவசாயிகள் களப் பள்ளி நிதி நலன்களுக்கு தகுதியானது.

Q: ஆர்ப்பாட்டம் மற்றும் பயிற்சித் திட்டத்திற்கு யார் விண்ணப்பிக்க தகுதியுடையவர்கள்?
A: குறிப்பிட்ட வருமானம் அல்லது வயதுத் தேவைகள் இல்லாமல் அனைத்து விவசாயிகளும் தகுதியானவர்கள்.

Q: இந்தத் திட்டத்தின் மூலம் விவசாயிகள் எப்படிப் பயனடைவார்கள்?
A: இரசாயன பூச்சிக்கொல்லி பயன்பாட்டைக் குறைக்க உதவும் பூச்சி மேலாண்மை நடைமுறைகளை செயல்படுத்த விவசாயிகள் பயிற்சி பெறுகிறார்கள்.

Q: இந்தத் திட்டத்திற்கு எப்படி விண்ணப்பிப்பது?
A: கிராம அளவில் உதவி வேளாண் அதிகாரி, வட்டார அளவில் வேளாண் அதிகாரி/துணை வேளாண் அதிகாரி அல்லது மாவட்ட அளவில் வேளாண்மை இணை இயக்குநர் ஆகியோரிடம் விண்ணப்பங்களை சமர்ப்பிக்கலாம்.

Q: ஆர்ப்பாட்டம் மற்றும் பயிற்சித் திட்டத்திற்கு விண்ணப்பிக்க என்ன ஆவணங்கள் தேவை?
A: விவசாயிகள் அடையாளச் சான்று, முகவரிச் சான்று, நில உரிமைச் சான்று மற்றும் விண்ணப்பப் படிவத்தை சமர்ப்பிக்க வேண்டும்.

Q: ஒரு பயிற்சி மற்றும் ஆர்ப்பாட்ட அமர்வில் எத்தனை விவசாயிகள் பங்கேற்க முடியும்?
A: இந்தத் திட்டம் ஒரு பயிற்சி மற்றும் செயல்விளக்க அமர்வுக்கு 30 விவசாயிகளை உள்ளடக்கியது.

Q: ஒவ்வொரு ஆர்ப்பாட்டத்திற்கும் கவரேஜ் பகுதி என்ன?
A: ஒவ்வொரு ஆர்ப்பாட்டமும் 40 ஹெக்டேர் விவசாய நிலங்களுக்கு மேல் நடத்தப்படுகிறது.

Q: விவசாயிகள் எந்த வகையான பயிற்சியைப் பெறுவார்கள்?
A: ஒருங்கிணைந்த பூச்சி மேலாண்மை (ஐபிஎம்) நுட்பங்கள் குறித்து விவசாயிகளுக்கு பயிற்சி அளிக்கப்படும், இதில் பூச்சிகளைக் கட்டுப்படுத்துவதற்கான நிலையான மற்றும் சூழல் நட்பு முறைகள் அடங்கும்.

Q: இந்தத் திட்டம் அனைத்து மாவட்டங்களிலும் உள்ள விவசாயிகளுக்கு கிடைக்குமா?
A: ஆம், இந்தத் திட்டம் தமிழ்நாட்டின் பல்வேறு மாவட்டங்களைச் சேர்ந்த விவசாயிகளுக்குத் திறந்திருக்கும்.

Q: இந்தத் திட்டத்தில் பயன்படுத்தப்படும் கிளஸ்டர் அணுகுமுறை என்ன?
A: கொத்து அணுகுமுறையில் அருகிலுள்ள விவசாயிகளை ஒன்றிணைத்து கூட்டு பயிற்சி மற்றும் பூச்சி மேலாண்மை நடைமுறைகள் குறித்த செயல்விளக்கங்கள் ஆகியவை அடங்கும்.",- [வழிகாட்டுதல்கள்](https://www.tn.gov.in/scheme/data_view/6848),,"{""dbtScheme"": false, ""implementingAgency"": null, ""schemeType"": null, ""closeDate"": null, ""priority"": 3}"
காடுகளில் பழங்குடியினருக்கு ஊக்குவிப்பு மற்றும் வேலைவாய்ப்பு வழங்கும் காடழிப்பு திட்டங்கள்,ASPIE,aspie,State,Tamil Nadu,"Skills & Employment, Agriculture,Rural & Environment","பழங்குடியினர் நலன், காடு வளர்ப்பு, ஊக்குவிப்புகள், வேலைவாய்ப்பு",,Individual,https://www.myscheme.gov.in/ta/schemes/aspie,"இந்தத் திட்டம் வேலையில்லாத பழங்குடியினருக்கு காடு வளர்ப்புப் பணிகளுக்காக மானியங்களை வழங்குகிறது, அவர்களுக்கு வன நடவடிக்கைகளில் ஊக்குவிப்பு மற்றும் வேலை வாய்ப்புகளை வழங்குகிறது.","தமிழ்நாட்டின் ஆதி திராவிடர் மற்றும் பழங்குடியினர் நலத் துறையால் ""காடுகளில் உள்ள பழங்குடியினருக்கு ஊக்குவிப்பு மற்றும் வேலைவாய்ப்பு வழங்கும் காடு வளர்ப்புத் திட்டங்கள்"" என்ற திட்டம், வேலையில்லாத பழங்குடியினரை வன நடவடிக்கைகளில் பங்கேற்க மானியங்களை வழங்குவதன் மூலம் ஊக்குவிப்பதை நோக்கமாகக் கொண்டுள்ளது. இந்தத் திட்டம் காடு வளர்ப்பின் மூலம் வனப் பாதுகாப்பில் கவனம் செலுத்துவது மட்டுமல்லாமல், வனப்பகுதிகளிலும் அதைச் சுற்றியுள்ள பகுதிகளிலும் வசிக்கும் பழங்குடி சமூகங்களுக்கு வாழ்வாதாரத்தையும் வழங்குகிறது. இந்த முன்முயற்சி நிலையான வன நிர்வாகத்தை ஊக்குவிக்கிறது, அதே நேரத்தில் இந்த ஓரங்கட்டப்பட்ட குழுக்களுக்கு வேலைவாய்ப்புகளை உருவாக்குகிறது. & lt; b & gt; & lt; b & gt;",- * ஊக்கத்தொகை: * * காடு வளர்ப்பு நடவடிக்கைகளுக்கான நிதி மானியங்கள். * * வேலைவாய்ப்பு: * * வன மேலாண்மையில் வேலைவாய்ப்புகள். & Ltd; பிஆர் & ஜிடி;,பயனாளி தமிழ்நாட்டில் வசிப்பவராக இருக்க வேண்டும். பயனாளி பழங்குடி சமூகத்தைச் சேர்ந்தவராக இருக்க வேண்டும். பயனாளி வேலையில்லாதவராக இருக்க வேண்டும்.,<பிஆர்>,"விண்ணப்பிக்கும் முறை: நேரில் (Offline)
படி 1:
ஆர்வமுள்ள விண்ணப்பதாரர் மாவட்ட வன அதிகாரி (டி. எஃப். ஓ) அலுவலகத்திலிருந்து விண்ணப்ப படிவத்தை சேகரிக்க வேண்டும்.
படி 2:
விண்ணப்பப் படிவத்தில், அனைத்து கட்டாய புலங்களையும் நிரப்பவும், பாஸ்போர்ட் அளவிலான புகைப்படத்தை ஒட்டவும் (தேவைப்பட்டால் குறுக்கே கையொப்பமிடவும்), மேலும் அனைத்து கட்டாய ஆவணங்களின் நகல்களையும் இணைக்கவும் (தேவைப்பட்டால் சுய சான்றளிப்பு).
படி 3:
முறையாக நிரப்பப்பட்ட மற்றும் கையொப்பமிடப்பட்ட விண்ணப்ப படிவத்தை ஆவணங்களுடன் மாவட்ட வன அதிகாரி (டி. எஃப். ஓ) அலுவலகத்திற்கு சமர்ப்பிக்கவும்.
படி 4:
விண்ணப்பம் சமர்ப்பிக்கப்பட்ட சம்பந்தப்பட்ட அதிகாரியிடமிருந்து ரசீது அல்லது ஒப்புதலைக் கோரவும். ரசீது சமர்ப்பிக்கப்பட்ட தேதி மற்றும் நேரம், ஒரு தனித்துவமான அடையாள எண் (பொருந்தினால்) போன்ற அத்தியாவசிய விவரங்களைக் கொண்டிருப்பதை உறுதிப்படுத்திக் கொள்ளுங்கள்.","- அடையாளச் சான்று (ஆதார் அட்டை அல்லது அதிகாரத்தால் வழிநடத்தப்பட்ட வேறு எந்த ஆவணமும்).
- அடையாளச் சான்று (ஆதார், வாக்காளர் ஐடி).
- பழங்குடியினர்/வனப் பகுதியில் வசிப்பதற்கான சான்று.
- வேலையின்மை சான்றிதழ் (பொருந்தினால்).
- சமூகச் சான்றிதழ் (பொருந்தினால்).
- வேறு ஏதேனும் ஆவணங்கள் (தேவைப்பட்டால்).","Q: இந்தத் திட்டத்தின் நோக்கம் என்ன?
A: இந்தத் திட்டம் வேலையில்லாத பழங்குடியினருக்கு காடு வளர்ப்புப் பணிகளுக்காக மானியங்களை வழங்குகிறது, அவர்களுக்கு வன நடவடிக்கைகளில் ஊக்குவிப்பு மற்றும் வேலை வாய்ப்புகளை வழங்குகிறது.

Q: இந்தத் திட்டத்திற்கு யார் தகுதியானவர்கள்?
A: தற்போது வேலையில்லாத வனப்பகுதிகளில் வசிக்கும் பழங்குடியினர் தகுதியானவர்கள்.

Q: இந்தத் திட்டத்திற்கு ஒருவர் எவ்வாறு விண்ணப்பிக்கலாம்?
A: விண்ணப்பதாரர்கள் தேவையான ஆவணங்களை சமர்ப்பிப்பதன் மூலம் மாவட்ட வன அதிகாரி (டி. எஃப். ஓ) மூலம் விண்ணப்பிக்கலாம்.

Q: இந்தத் திட்டத்தின் கீழ் என்னென்ன சலுகைகள் வழங்கப்படுகின்றன?
A: இந்தத் திட்டம் காடழிப்பு நடவடிக்கைகளில் நிதி மானியங்கள் மற்றும் வேலைவாய்ப்புகளை வழங்குகிறது.

Q: தகுதிக்கு வருமான வரம்பு உள்ளதா?
A: இல்லை, இந்தத் திட்டத்தின் கீழ் தகுதி பெற வருமான வரம்பு இல்லை.

Q: விண்ணப்பிக்க என்ன ஆவணங்கள் தேவை?
A: அடையாளச் சான்று, ஒரு பழங்குடி/வனப் பகுதியில் வசிப்பதற்கான ஆதாரம் மற்றும் வேலையின்மைச் சான்றிதழ் (பொருந்தினால்) தேவை.

Q: பழங்குடியினர் அல்லாத தனிநபர்கள் இந்த திட்டத்திற்கு விண்ணப்பிக்க முடியுமா?
A: இல்லை, வனப்பகுதிகளில் வசிக்கும் பழங்குடியினர் மட்டுமே இந்தத் திட்டத்திற்கு தகுதியுடையவர்கள்.

Q: பங்கேற்பதற்கு ஏதேனும் வயது வரம்பு உள்ளதா?
A: இந்தத் திட்டத்தில் பங்கேற்பதற்கு குறிப்பிட்ட வயது வரம்பு எதுவும் குறிப்பிடப்படவில்லை.

Q: பங்கேற்பதற்கு சிறப்புத் திறன்கள் தேவையா?
A: சிறப்புத் திறன்கள் எதுவும் தேவையில்லை, ஆனால் விண்ணப்பதாரர்கள் வன நடவடிக்கைகளில் பணியாற்ற தயாராக இருக்க வேண்டும்.

Q: வன நடவடிக்கைகளுக்கு பயிற்சி அளிக்கப்படுமா?
A: சம்பந்தப்பட்ட பணியின் தன்மையைப் பொறுத்து அடிப்படை பயிற்சி வழங்கப்படலாம்.",- [வழிகாட்டுதல்கள்](https://www.tn.gov.in/scheme/data_view/83087),,"{""dbtScheme"": false, ""implementingAgency"": null, ""schemeType"": null, ""closeDate"": null, ""priority"": 1}"
ஜெனரேட்டர் மானியம்-தமிழ்நாடு,GSTN,gstn,State,Tamil Nadu,"Agriculture,Rural & Environment","விவசாயம், ஜெனரேட்டர், மானியம், உற்பத்தி",,Infra,https://www.myscheme.gov.in/ta/schemes/gstn,"""ஜெனரேட்டர் மானியம்"" திட்டம் தமிழ்நாட்டில் உற்பத்தியாளர்களுக்கு 125 கே. வி. ஏ திறன் கொண்ட ஜெனரேட்டர் செட்களின் விலைக்கு 25 சதவீத மானியத்தை வழங்குகிறது.","""ஜெனரேட்டர் மானியம்"" திட்டம் தமிழ்நாட்டில் உற்பத்தியாளர்களுக்கு 125 கே. வி. ஏ திறன் கொண்ட ஜெனரேட்டர் செட்களின் விலையில் 25 சதவீதம் மானியம் அல்லது அதிகபட்சமாக ரூ. ஜெனரேட்டரை வாங்கிய அல்லது நிறுவிய தேதியிலிருந்து ஆறு மாதங்களுக்குள் மானியத்தை கோர வேண்டும். பிஆர் & ஜிடி;","உதவியின் அளவு: * * 25 சதவீதம் மானியம் அல்லது அதிகபட்சமாக ₹ 1,50,000-ஜெனரேட்டர் செட்களின் விலையில் (125 கேவிஏ திறன் வரை). & Ltd; பிஆர் & ஜிடி;","பயனாளிகள் புதிய மற்றும் ஏற்கனவே உள்ள குறு, சிறு மற்றும் நடுத்தர உற்பத்தி நிறுவனங்களாக இருக்க வேண்டும்.-ஜெனரேட்டர் செட் 125 கே. வி. ஏ வரை திறன் கொண்டிருக்க வேண்டும்.-மானிய உரிமைகோரல்கள் கொள்முதல் அல்லது நிறுவப்பட்ட தேதியிலிருந்து ஆறு மாதங்களுக்குள் செய்யப்பட வேண்டும்.",<பிஆர்>,"விண்ணப்பிக்கும் முறை: நேரில் (Offline)
- விண்ணப்பப் படிவத்தை சேகரித்து கீழே குறிப்பிடப்பட்டுள்ள அலுவலக முகவரிக்கு சமர்ப்பிக்கவும்
தொழில்துறை மற்றும் வர்த்தக தொழிற்பேட்டை மண்டல இணை இயக்குநர்,
சென்னை-600 032
தொலைபேசி: 044-22501622/22501625
மின்னஞ்சல் முகவரி: rjdchn@gmail.com
இணையதள முகவரி:
http://www.rjdchn.in/
 ","- ஜெனரேட்டர் செட்டை வாங்கியதற்கான அல்லது நிறுவியதற்கான சான்று.
- ஜெனரேட்டரின் விலைப்பட்டியல் மற்றும் ரசீது.
- நிறுவனப் பதிவுச் சான்று (எம். எஸ். எம். இ. பதிவுச் சான்றிதழ்).
- மானிய பரிமாற்றத்திற்கான வங்கிக் கணக்கு விவரங்கள்.
- சான்றளிக்கப்பட்ட தொழில்நுட்ப வல்லுநரிடமிருந்து நிறுவல் சான்றிதழ்.
- வேறு ஏதேனும் ஆவணங்கள் (தேவைப்பட்டால்).","Q: ""ஜெனரேட்டர் மானியம்"" திட்டம் என்றால் என்ன?
A: தமிழ்நாட்டில் உள்ள குறு, சிறு மற்றும் நடுத்தர உற்பத்தி நிறுவனங்களுக்கு (எம். எஸ். எம். இ. க்கள்) 125 கே. வி. ஏ திறன் கொண்ட மின்தேக்கிகள் அமைப்பதற்கு 25 சதவீதம் மானியம் அல்லது அதிகபட்சமாக ரூ.

Q: ஜெனரேட்டர் மானியத்திற்கு யார் தகுதியானவர்கள்?
A: தமிழ்நாட்டில் பதிவுசெய்யப்பட்ட புதிய மற்றும் தற்போதுள்ள குறு, சிறு மற்றும் நடுத்தர உற்பத்தி நிறுவனங்கள் (எம். எஸ். எம். இ) இதற்கு தகுதியுடையவை.

Q: இத்திட்டத்தின் கீழ் வரும் மின்தேக்கியின் அதிகபட்ச திறன் என்ன?
A: இந்தத் திட்டம் 125 கே. வி. ஏ வரை திறன் கொண்ட ஜெனரேட்டர் செட்களுக்கு மானியத்தை வழங்குகிறது.

Q: இந்தத் திட்டத்தின் கீழ் எவ்வளவு மானியம் வழங்கப்படுகிறது?
A: ஜெனரேட்டர் செட்டின் விலைக்கு 25 சதவீதம் மானியம் வழங்கப்படுகிறது.

Q: மானியக் கோரிக்கை காலம் எவ்வளவு காலம் ஆகும்?
A: ஜெனரேட்டர் செட்டை வாங்கிய அல்லது நிறுவிய தேதியிலிருந்து 6 மாதங்களுக்குள் மானியக் கோரிக்கை வைக்கப்பட வேண்டும்.

Q: மானியத்திற்கு விண்ணப்பிக்க என்ன ஆவணங்கள் தேவை?
A: விண்ணப்பதாரர்கள் மானிய பரிமாற்றத்திற்கான கொள்முதல் சான்று, நிறுவல் சான்றிதழ், எம். எஸ். எம். இ பதிவு சான்றிதழ் மற்றும் வங்கிக் கணக்கு விவரங்களை வழங்க வேண்டும்.

Q: புதிய மற்றும் தற்போதுள்ள எம். எஸ். எம். இ. களுக்கு மானியம் கிடைக்குமா?
A: ஆம், தமிழ்நாட்டில் உள்ள புதிய மற்றும் தற்போதுள்ள எம். எஸ். எம். இ. உற்பத்தி நிறுவனங்கள் இரண்டும் தகுதியானவை.

Q: ஜெனரேட்டரை வாங்கிய அல்லது நிறுவிய பிறகு மானியத்திற்கு விண்ணப்பிக்க காலக்கெடு உள்ளதா?
A: ஆம், ஜெனரேட்டர் செட்டை வாங்கிய அல்லது நிறுவிய 6 மாதங்களுக்குள் மானியத்தை கோர வேண்டும்.

Q: பல ஜெனரேட்டர்களுக்கு மானியத்தைப் பெற முடியுமா?
A: 125 கே. வி. ஏ வரையிலான ஜெனரேட்டர் செட்களுக்கு மானியம் கிடைக்கிறது, ஆனால் உற்பத்தியாளர்கள் தங்கள் நிறுவனத்தின் தேவைகளின் அடிப்படையில் பல ஜெனரேட்டர்கள் உள்ளனவா என்பதை சரிபார்க்க வேண்டும்.

Q: விண்ணப்பிப்பதற்கான ஆறு மாத காலக்கெடுவை ஒரு எம். எஸ். எம். இ தவறவிட்டால் என்ன நடக்கும்?
A: காலக்கெடுவைத் தவறவிட்டால், எம். எஸ். எம். இ இனி மானியத்திற்கு தகுதியற்றதாக இருக்கும்.

Q: உற்பத்தியாளர்கள் ஜெனரேட்டர் மானியத்திற்கான தங்கள் விண்ணப்பங்களை எங்கே சமர்ப்பிக்கலாம்?
A: தேவையான ஆவணங்களுடன் விண்ணப்பங்களை சென்னை-600 032 இல் உள்ள தமிழ்நாடு தொழில்துறை மற்றும் வர்த்தக தொழில்துறை தோட்டத்தின் பிராந்திய இணை இயக்குநரிடம் சமர்ப்பிக்க வேண்டும்.","- [வழிகாட்டுதல்கள்](https://www.tn.gov.in/scheme/data_view/19674)
- [வழிகாட்டுதல்கள் (பக்கம் எண் 10 ஐப் பார்க்கவும்)](https://cms.tn.gov.in/sites/default/files/schemes/msme_14.pdf)",,"{""dbtScheme"": false, ""implementingAgency"": null, ""schemeType"": null, ""closeDate"": null, ""priority"": 3}"
மக்காச்சோளம் சான்றளிக்கப்பட்ட விதைகள் விநியோகம்,DOCSOM,docsom,State,Tamil Nadu,"Agriculture,Rural & Environment","விவசாயம், விவசாயி, விதை விநியோகம், மக்காச்சோளம், மானியம்",,Infra,https://www.myscheme.gov.in/ta/schemes/docsom,"தமிழ்நாட்டின் வேளாண்மை-விவசாயிகள் நலத்துறையின் ""மக்காச்சோளத்தின் சான்றளிக்கப்பட்ட விதைகள் விநியோகம்"" திட்டம், மாநிலத்தின் குறிப்பிட்ட மாவட்டங்களில் மக்காச்சோளம் பயிரிடும் விவசாயிகளுக்கு மானியம் வழங்குகிறது, சான்றளிக்கப்பட்ட மக்காச்சோள விதைகளை வாங்குவதற்கான நிதி உதவியை வழங்குகிறது.","தமிழ்நாட்டில் உள்ள தேர்ந்தெடுக்கப்பட்ட மாவட்டங்களில் மக்காச்சோளம் பயிரிடும் விவசாயிகளை இலக்காகக் கொண்டு, தமிழ்நாடு வேளாண்-விவசாயிகள் நலத் துறையால் மக்காச்சோளத்தின் சான்றளிக்கப்பட்ட விதைகளை விநியோகிக்கும் திட்டம், விதை விலையின் மானியத்தை வழங்குகிறது. இந்தத் திட்டம் எஸ்சி/எஸ்டி விவசாயிகளுக்கு 24 சதவீதமும், பெண் விவசாயிகள் அல்லது பெண் குழுக்களுக்கு 20 சதவீதமும், சிறு மற்றும் குறு விவசாயிகளுக்கு முன்னுரிமை அளிக்கப்படுவதை உறுதி செய்கிறது. & Ltd; பிஆர் & ஜிடி;","சான்றளிக்கப்பட்ட விதைகளுக்கு மானியம்: சான்றளிக்கப்பட்ட மக்காச்சோள விதைகளின் விலையில் விவசாயிகள் 50 சதவீதம் பெறலாம், ஒரு குவிண்டாலுக்கு 1,200/- என்ற உச்சவரம்புடன், இதில் எது குறைவோ அது கிடைக்கும்.","பயனாளி ஒரு விவசாயியாக இருக்க வேண்டும். பயனாளி தமிழ்நாட்டில் வசிப்பவராக இருக்க வேண்டும். பயனாளி தமிழ்நாட்டின் குறிப்பிட்ட மாவட்டங்களில் மக்காச்சோளம் பயிரிடுபவராக இருக்க வேண்டும். கோயம்புத்தூர், தூத்துக்குடி, ஈரோடு, தருமபுரி, கிருஷ்ணகிரி, நாமக்கல், பெரம்பலூர், விருதுநகர், தேனி, வில்லுபுரம், வேலூர், சேலம், புதுக்கோட்டை, மதுரை, சிவகங்கை, திருச்சி, திருநெல்வேலி மற்றும் தூத்துக்குடி. * * குறிப்பு: * சிறு/குறு விவசாயிகளுக்கு முன்னுரிமை அளிக்கப்படும். 24 சதவீதம் ஆதிதிராவிடர்/பழங்குடியினர் விவசாயிகளுக்கு வழங்கப்படும். 20 சதவீதம் பெண் விவசாயிகள்/மகளிர் குழுக்களுக்கு வழங்கப்படும்.",,"விண்ணப்பிக்கும் முறை: நேரில் (Offline)
படி 1:
அருகிலுள்ள வேளாண் அலுவலகத்திலிருந்து விண்ணப்பப் படிவத்தை சேகரிக்கவும்.
படி 2:
தேவையான விவரங்களுடன் விண்ணப்பப் படிவத்தை பூர்த்தி செய்து, கட்டாய ஆவணங்களை இணைக்கவும் (தேவைப்பட்டால் சுய சான்றளிக்கப்பட்டவை).
படி 3:
படிவத்தை சம்பந்தப்பட்ட அலுவலகத்திற்கு சமர்ப்பிக்கவும்:
கிராம மட்டம்:
உதவி வேளாண் அலுவலரிடம் விண்ணப்பத்தை சமர்ப்பிக்கவும்.
தொகுதி நிலை:
வேளாண் அதிகாரி அல்லது துணை வேளாண் அதிகாரியிடம் சமர்ப்பிக்கவும்.
மாவட்ட அளவில்:
வேளாண்மை இணை இயக்குநரிடம் சமர்ப்பிக்கவும்.","- அடையாளச் சான்று (ஆதார் அட்டை, வாக்காளர் அடையாள அட்டை போன்றவை).
- நில உரிமை அல்லது குத்தகைக்கான சான்று.
- சமீபத்திய புகைப்படம்.
- சாதிச் சான்றிதழ் (எஸ்சி/எஸ்டி விண்ணப்பதாரர்களுக்கு).
- பெண்கள் குழுக்களில் உறுப்பினர் என்பதை நிரூபிக்கும் ஆவணங்கள் (பொருந்தினால்).
- வங்கிக் கணக்கு விவரங்கள்.
- வேறு ஏதேனும் ஆவணங்கள் (தேவைப்பட்டால்).","Q: ""மக்காச்சோளம் சான்றளிக்கப்பட்ட விதைகள் விநியோகம்"" திட்டம் என்றால் என்ன?
A: ""மக்காச்சோளத்தின் சான்றளிக்கப்பட்ட விதைகள் விநியோகம்"" திட்டம் என்பது தமிழ்நாட்டின் தேர்ந்தெடுக்கப்பட்ட மாவட்டங்களில் மக்காச்சோளம் பயிரிடும் விவசாயிகளுக்கு மானியம் வழங்கும் ஒரு அரசு நிதியுதவி திட்டமாகும், இது சான்றளிக்கப்பட்ட மக்காச்சோள விதைகளை வாங்க உதவுகிறது.

Q: இந்தத் திட்டத்தின் கீழ் எந்தெந்த மாவட்டங்கள் உள்ளடக்கப்பட்டுள்ளன?
A: கோயம்புத்தூர், தூத்துக்குடி, ஈரோடு, தருமபுரி, கிருஷ்ணகிரி, நாமக்கல், பெரம்பலூர், விருதுநகர், தேனி, வில்லுபுரம், வேலூர், சேலம், புதுக்கோட்டை, மதுரை, சிவகங்கை, திருச்சி, திருநெல்வேலி மற்றும் தூத்துக்குடி ஆகிய மாவட்டங்கள் இத்திட்டத்தின் கீழ் வருகின்றன.

Q: இந்தத் திட்டத்தின் கீழ் எவ்வளவு மானியம் வழங்கப்படுகிறது?
A: சான்றளிக்கப்பட்ட மக்காச்சோள விதைகளின் விலையில் 50 சதவீதத்தை உள்ளடக்கிய மானியத்தை விவசாயிகள் பெறலாம், அதிகபட்ச வரம்பு ஒரு குவிண்டாலுக்கு 1,200 ரூபாய்.

Q: இந்தத் திட்டத்திற்கு யார் விண்ணப்பிக்க தகுதியுடையவர்கள்?
A: சிறு/குறு விவசாயிகள், எஸ்சி/எஸ்டி விவசாயிகள் மற்றும் பெண் விவசாயிகள் அல்லது பெண் குழுக்களுக்கு முன்னுரிமை அளித்து, குறிப்பிட்ட மாவட்டங்களில் மக்காச்சோளம் பயிரிடும் அனைத்து விவசாயிகளுக்கும் இந்தத் திட்டம் திறந்திருக்கும்.

Q: மானியத்திற்கு விவசாயிகள் எவ்வாறு விண்ணப்பிக்கலாம்?
A: விவசாயிகள் தங்கள் விண்ணப்பங்களை கிராம அளவில் உதவி வேளாண் அதிகாரி, வட்டார அளவில் வேளாண் அதிகாரி அல்லது துணை வேளாண் அதிகாரி அல்லது மாவட்ட அளவில் வேளாண் இணை இயக்குநர் ஆகியோரிடம் சமர்ப்பிப்பதன் மூலம் விண்ணப்பிக்கலாம்.

Q: இந்தத் திட்டத்திற்கு விண்ணப்பிக்க என்ன ஆவணங்கள் தேவை?
A: விண்ணப்பதாரர்கள் அடையாளச் சான்று, நில உரிமை அல்லது குத்தகைக்கான ஆதாரம், சமீபத்திய புகைப்படம், சாதிச் சான்றிதழ் (எஸ்சி/எஸ்டி விண்ணப்பதாரர்களுக்கு) மற்றும் பெண்கள் குழுக்களில் உறுப்பினர் என்பதை நிரூபிக்கும் ஆவணங்களை (பொருந்தினால்) சமர்ப்பிக்க வேண்டும்.

Q: மானியத்திற்கு விண்ணப்பிக்க காலக்கெடு உள்ளதா?
A: இந்தத் திட்டம் ஒரு காலக்கெடுவைக் குறிப்பிடவில்லை, ஆனால் நடவு பருவத்தில் விவசாயிகள் விரைவில் விண்ணப்பிப்பது நல்லது.

Q: இந்தத் திட்டத்தின் கீழ் வாங்கக்கூடிய விதைகளின் அளவிற்கு வரம்பு உள்ளதா?
A: இந்தத் திட்டம் விதைகளின் அளவு குறித்த வரம்பைக் குறிப்பிடவில்லை, ஆனால் மானியம் குவிண்டாலுக்கு 1,200/- ரூபாயாக நிர்ணயிக்கப்பட்டுள்ளது.

Q: பெண் விவசாயிகளுக்கு சிறப்பு சலுகைகள் உள்ளனவா?
A: ஆம், இத்திட்டத்தின் பலன்களில் 20 சதவீதம் பெண் விவசாயிகள் அல்லது பெண் குழுக்களுக்கு ஒதுக்கப்பட்டுள்ளது.

Q: இந்தத் திட்டத்தின் கீழ் எஸ்சி/எஸ்டி விவசாயிகளுக்கு என்ன நன்மைகள் கிடைக்கின்றன?
A: இந்தத் திட்டம் ஆதாயங்களில் 24 சதவீதம் எஸ்சி/எஸ்டி விவசாயிகளுக்கு ஒதுக்கப்படுவதை உறுதி செய்கிறது.

Q: சிறு மற்றும் குறு விவசாயிகள் இந்தத் திட்டத்திற்கு விண்ணப்பிக்க முடியுமா?
A: ஆம், இந்தத் திட்டம் தேர்வுச் செயல்பாட்டில் சிறு மற்றும் குறு விவசாயிகளுக்கு முன்னுரிமை அளிக்கிறது.

Q: இந்தத் திட்டத்தில் வேளாண் அலுவலரின் பங்கு என்ன?
A: தொகுதி அளவில் உள்ள வேளாண் அதிகாரி விண்ணப்பங்களை செயலாக்குவதற்கும், தகுதியை சரிபார்ப்பதற்கும், மானிய விலையில் விதைகளை விநியோகிக்கவும் உதவுகிறார்.",- [வழிகாட்டுதல்கள்](https://www.tn.gov.in/scheme/data_view/6853),,"{""dbtScheme"": false, ""implementingAgency"": null, ""schemeType"": null, ""closeDate"": null, ""priority"": 3}"
